,Store,Date,Temperature,MarkDown1,MarkDown2,MarkDown3,MarkDown4,MarkDown5,IsHoliday,Unemployment
0,1,05/02/2010,42.31,0.0,0.0,0.0,0.0,0.0,False,8.106
1,1,12/02/2010,38.51,0.0,0.0,0.0,0.0,0.0,True,8.106
2,1,19/02/2010,39.93,0.0,0.0,0.0,0.0,0.0,False,8.106
3,1,26/02/2010,46.63,0.0,0.0,0.0,0.0,0.0,False,8.106
4,1,05/03/2010,46.5,0.0,0.0,0.0,0.0,0.0,False,8.106
5,1,12/03/2010,57.79,0.0,0.0,0.0,0.0,0.0,False,8.106
6,1,19/03/2010,54.58,0.0,0.0,0.0,0.0,0.0,False,8.106
7,1,26/03/2010,51.45,0.0,0.0,0.0,0.0,0.0,False,8.106
8,1,02/04/2010,62.27,0.0,0.0,0.0,0.0,0.0,False,7.808
9,1,09/04/2010,65.86,0.0,0.0,0.0,0.0,0.0,False,7.808
10,1,16/04/2010,66.32,0.0,0.0,0.0,0.0,0.0,False,7.808
11,1,23/04/2010,64.84,0.0,0.0,0.0,0.0,0.0,False,7.808
12,1,30/04/2010,67.41,0.0,0.0,0.0,0.0,0.0,False,7.808
13,1,07/05/2010,72.55,0.0,0.0,0.0,0.0,0.0,False,7.808
14,1,14/05/2010,74.78,0.0,0.0,0.0,0.0,0.0,False,7.808
15,1,21/05/2010,76.44,0.0,0.0,0.0,0.0,0.0,False,7.808
16,1,28/05/2010,80.44,0.0,0.0,0.0,0.0,0.0,False,7.808
17,1,04/06/2010,80.69,0.0,0.0,0.0,0.0,0.0,False,7.808
18,1,11/06/2010,80.43,0.0,0.0,0.0,0.0,0.0,False,7.808
19,1,18/06/2010,84.11,0.0,0.0,0.0,0.0,0.0,False,7.808
20,1,25/06/2010,84.34,0.0,0.0,0.0,0.0,0.0,False,7.808
21,1,02/07/2010,80.91,0.0,0.0,0.0,0.0,0.0,False,7.787
22,1,09/07/2010,80.48,0.0,0.0,0.0,0.0,0.0,False,7.787
23,1,16/07/2010,83.15,0.0,0.0,0.0,0.0,0.0,False,7.787
24,1,23/07/2010,83.36,0.0,0.0,0.0,0.0,0.0,False,7.787
25,1,30/07/2010,81.84,0.0,0.0,0.0,0.0,0.0,False,7.787
26,1,06/08/2010,87.16,0.0,0.0,0.0,0.0,0.0,False,7.787
27,1,13/08/2010,87.0,0.0,0.0,0.0,0.0,0.0,False,7.787
28,1,20/08/2010,86.65,0.0,0.0,0.0,0.0,0.0,False,7.787
29,1,27/08/2010,85.22,0.0,0.0,0.0,0.0,0.0,False,7.787
30,1,03/09/2010,81.21,0.0,0.0,0.0,0.0,0.0,False,7.787
31,1,10/09/2010,78.69,0.0,0.0,0.0,0.0,0.0,True,7.787
32,1,17/09/2010,82.11,0.0,0.0,0.0,0.0,0.0,False,7.787
33,1,24/09/2010,80.94,0.0,0.0,0.0,0.0,0.0,False,7.787
34,1,01/10/2010,71.89,0.0,0.0,0.0,0.0,0.0,False,7.838
35,1,08/10/2010,63.93,0.0,0.0,0.0,0.0,0.0,False,7.838
36,1,15/10/2010,67.18,0.0,0.0,0.0,0.0,0.0,False,7.838
37,1,22/10/2010,69.86,0.0,0.0,0.0,0.0,0.0,False,7.838
38,1,29/10/2010,69.64,0.0,0.0,0.0,0.0,0.0,False,7.838
39,1,05/11/2010,58.74,0.0,0.0,0.0,0.0,0.0,False,7.838
40,1,12/11/2010,59.61,0.0,0.0,0.0,0.0,0.0,False,7.838
41,1,19/11/2010,51.41,0.0,0.0,0.0,0.0,0.0,False,7.838
42,1,26/11/2010,64.52,0.0,0.0,0.0,0.0,0.0,True,7.838
43,1,03/12/2010,49.27,0.0,0.0,0.0,0.0,0.0,False,7.838
44,1,10/12/2010,46.33,0.0,0.0,0.0,0.0,0.0,False,7.838
45,1,17/12/2010,49.84,0.0,0.0,0.0,0.0,0.0,False,7.838
46,1,24/12/2010,52.33,0.0,0.0,0.0,0.0,0.0,False,7.838
47,1,31/12/2010,48.43,0.0,0.0,0.0,0.0,0.0,True,7.838
48,1,07/01/2011,48.27,0.0,0.0,0.0,0.0,0.0,False,7.742
49,1,14/01/2011,35.4,0.0,0.0,0.0,0.0,0.0,False,7.742
50,1,21/01/2011,44.04,0.0,0.0,0.0,0.0,0.0,False,7.742
51,1,28/01/2011,43.83,0.0,0.0,0.0,0.0,0.0,False,7.742
52,1,04/02/2011,42.27,0.0,0.0,0.0,0.0,0.0,False,7.742
53,1,11/02/2011,36.39,0.0,0.0,0.0,0.0,0.0,True,7.742
54,1,18/02/2011,57.36,0.0,0.0,0.0,0.0,0.0,False,7.742
55,1,25/02/2011,62.9,0.0,0.0,0.0,0.0,0.0,False,7.742
56,1,04/03/2011,59.58,0.0,0.0,0.0,0.0,0.0,False,7.742
57,1,11/03/2011,53.56,0.0,0.0,0.0,0.0,0.0,False,7.742
58,1,18/03/2011,62.76,0.0,0.0,0.0,0.0,0.0,False,7.742
59,1,25/03/2011,69.97,0.0,0.0,0.0,0.0,0.0,False,7.742
60,1,01/04/2011,59.17,0.0,0.0,0.0,0.0,0.0,False,7.682
61,1,08/04/2011,67.84,0.0,0.0,0.0,0.0,0.0,False,7.682
62,1,15/04/2011,71.27,0.0,0.0,0.0,0.0,0.0,False,7.682
63,1,22/04/2011,72.99,0.0,0.0,0.0,0.0,0.0,False,7.682
64,1,29/04/2011,72.03,0.0,0.0,0.0,0.0,0.0,False,7.682
65,1,06/05/2011,64.61,0.0,0.0,0.0,0.0,0.0,False,7.682
66,1,13/05/2011,75.64,0.0,0.0,0.0,0.0,0.0,False,7.682
67,1,20/05/2011,67.63,0.0,0.0,0.0,0.0,0.0,False,7.682
68,1,27/05/2011,77.72,0.0,0.0,0.0,0.0,0.0,False,7.682
69,1,03/06/2011,83.0,0.0,0.0,0.0,0.0,0.0,False,7.682
70,1,10/06/2011,83.13,0.0,0.0,0.0,0.0,0.0,False,7.682
71,1,17/06/2011,86.41,0.0,0.0,0.0,0.0,0.0,False,7.682
72,1,24/06/2011,83.58,0.0,0.0,0.0,0.0,0.0,False,7.682
73,1,01/07/2011,85.55,0.0,0.0,0.0,0.0,0.0,False,7.962
74,1,08/07/2011,85.83,0.0,0.0,0.0,0.0,0.0,False,7.962
75,1,15/07/2011,88.54,0.0,0.0,0.0,0.0,0.0,False,7.962
76,1,22/07/2011,85.77,0.0,0.0,0.0,0.0,0.0,False,7.962
77,1,29/07/2011,86.83,0.0,0.0,0.0,0.0,0.0,False,7.962
78,1,05/08/2011,91.65,0.0,0.0,0.0,0.0,0.0,False,7.962
79,1,12/08/2011,90.76,0.0,0.0,0.0,0.0,0.0,False,7.962
80,1,19/08/2011,89.94,0.0,0.0,0.0,0.0,0.0,False,7.962
81,1,26/08/2011,87.96,0.0,0.0,0.0,0.0,0.0,False,7.962
82,1,02/09/2011,87.83,0.0,0.0,0.0,0.0,0.0,False,7.962
83,1,09/09/2011,76.0,0.0,0.0,0.0,0.0,0.0,True,7.962
84,1,16/09/2011,79.94,0.0,0.0,0.0,0.0,0.0,False,7.962
85,1,23/09/2011,75.8,0.0,0.0,0.0,0.0,0.0,False,7.962
86,1,30/09/2011,79.69,0.0,0.0,0.0,0.0,0.0,False,7.962
87,1,07/10/2011,69.31,0.0,0.0,0.0,0.0,0.0,False,7.866
88,1,14/10/2011,71.74,0.0,0.0,0.0,0.0,0.0,False,7.866
89,1,21/10/2011,63.71,0.0,0.0,0.0,0.0,0.0,False,7.866
90,1,28/10/2011,66.57,0.0,0.0,0.0,0.0,0.0,False,7.866
91,1,04/11/2011,54.98,0.0,0.0,0.0,0.0,0.0,False,7.866
92,1,11/11/2011,59.11,10382.9,6115.67,215.07,2406.62,6551.42,False,7.866
93,1,18/11/2011,62.25,6074.12,254.39,51.98,427.39,5988.57,False,7.866
94,1,25/11/2011,60.14,410.31,98.0,55805.51,8.0,554.92,True,7.866
95,1,02/12/2011,48.91,5629.51,68.0,1398.11,2084.64,20475.32,False,7.866
96,1,09/12/2011,43.93,4640.65,19.0,105.02,3639.42,14461.82,False,7.866
97,1,16/12/2011,51.63,5011.32,67.0,347.37,225.79,4011.37,False,7.866
98,1,23/12/2011,47.96,2725.36,40.48,634.7,24.9,2739.43,False,7.866
99,1,30/12/2011,44.55,5762.1,46011.38,260.36,983.65,4735.78,True,7.866
100,1,06/01/2012,49.01,6277.39,21813.16,143.1,1450.13,8483.0,False,7.348
101,1,13/01/2012,48.53,5183.29,8025.87,42.24,453.08,3719.38,False,7.348
102,1,20/01/2012,54.11,4139.87,2807.19,33.88,500.62,3400.21,False,7.348
103,1,27/01/2012,54.26,1164.46,1082.74,44.0,11.0,1222.19,False,7.348
104,1,03/02/2012,56.55,34577.06,3579.21,160.53,32403.87,5630.4,False,7.348
105,1,10/02/2012,48.02,13925.06,6927.23,101.64,8471.88,6886.04,True,7.348
106,1,17/02/2012,45.32,9873.33,11062.27,9.8,8409.31,3402.66,False,7.348
107,1,24/02/2012,57.25,9349.61,7556.01,3.2,1219.92,8143.59,False,7.348
108,1,02/03/2012,60.96,15441.4,1569.0,10.8,25390.88,8067.61,False,7.348
109,1,09/03/2012,58.76,10331.04,151.88,6.0,671.43,5509.84,False,7.348
110,1,16/03/2012,64.74,4298.16,7.5,2.02,2724.65,2017.69,False,7.348
111,1,23/03/2012,65.93,6118.56,9.48,4.97,426.72,3657.22,False,7.348
112,1,30/03/2012,67.61,10309.58,0.5,10.25,1654.17,2642.78,False,7.348
113,1,06/04/2012,70.43,10121.97,0.0,77.98,3750.59,4510.72,False,7.143
114,1,13/04/2012,69.07,6186.19,3288.69,17.07,1822.55,1063.78,False,7.143
115,1,20/04/2012,66.76,2230.8,612.02,19.75,275.13,5747.1,False,7.143
116,1,27/04/2012,67.23,3221.25,0.0,35.49,577.14,6222.25,False,7.143
117,1,04/05/2012,75.55,21290.13,0.0,69.89,4977.35,3261.04,False,7.143
118,1,11/05/2012,73.77,8351.4,0.0,10.52,2443.14,3127.88,False,7.143
119,1,18/05/2012,70.33,6154.14,0.0,45.11,1675.49,5508.18,False,7.143
120,1,25/05/2012,77.22,4039.39,0.0,745.19,1429.96,3631.13,False,7.143
121,1,01/06/2012,77.95,6086.21,12.0,370.51,148.75,3690.85,False,7.143
122,1,08/06/2012,78.3,8813.81,116.8,64.55,2652.04,7161.91,False,7.143
123,1,15/06/2012,79.35,5621.99,109.6,0.25,2420.28,3083.26,False,7.143
124,1,22/06/2012,78.39,8624.56,171.25,3.05,2524.07,7063.68,False,7.143
125,1,29/06/2012,84.88,3965.73,161.6,0.0,435.99,4212.97,False,7.143
126,1,06/07/2012,81.57,12218.76,94.4,192.83,4066.01,6149.04,False,6.908
127,1,13/07/2012,77.12,7218.13,45.2,36.24,3909.38,2596.37,False,6.908
128,1,20/07/2012,80.42,3213.0,313.72,9.53,2262.02,3228.19,False,6.908
129,1,27/07/2012,82.66,7146.9,389.02,1.59,10267.54,4325.19,False,6.908
130,1,03/08/2012,86.11,27584.78,119.98,30.23,12007.04,4661.71,False,6.908
131,1,10/08/2012,85.05,11436.22,245.0,6.85,6964.26,4836.22,False,6.908
132,1,17/08/2012,84.85,3662.06,137.86,4.84,2752.2,3446.15,False,6.908
133,1,24/08/2012,77.66,6237.83,260.06,2.97,3463.03,7988.25,False,6.908
134,1,31/08/2012,80.49,21442.73,102.32,21.7,13209.64,3032.96,False,6.908
135,1,07/09/2012,83.96,5204.68,35.74,50.94,4120.32,2737.17,True,6.908
136,1,14/09/2012,74.97,17212.52,7.0,18.79,1523.11,7992.72,False,6.908
137,1,21/09/2012,69.87,6352.3,7.64,4.69,1010.06,6456.71,False,6.908
138,1,28/09/2012,76.08,3666.27,7.64,1.65,1417.96,4744.28,False,6.908
139,1,05/10/2012,68.55,8077.89,0.0,18.22,3617.43,3626.14,False,6.573
140,1,12/10/2012,62.99,2086.18,0.0,8.11,602.36,5926.45,False,6.573
141,1,19/10/2012,67.97,950.33,0.0,4.93,80.25,2312.85,False,6.573
142,1,26/10/2012,69.16,2585.85,31.75,6.0,1057.16,1305.01,False,6.573
143,1,02/11/2012,55.32,6766.44,5147.7,50.82,3639.9,2737.42,False,6.573
144,1,09/11/2012,61.24,11421.32,3370.89,40.28,4646.79,6154.16,False,6.573
145,1,16/11/2012,52.92,9696.28,292.1,103.78,1133.15,6612.69,False,6.573
146,1,23/11/2012,56.23,883.59,4.17,74910.32,209.91,303.32,True,6.573
147,1,30/11/2012,52.34,2460.03,0.0,3838.35,150.57,6966.34,False,6.573
148,1,07/12/2012,64.12,6343.16,0.0,270.0,2928.9,10147.9,False,6.573
149,1,14/12/2012,48.89,3504.83,0.0,73.26,1636.8,2779.6,False,6.573
150,1,21/12/2012,56.02,8231.71,0.0,274.0,358.15,2834.02,False,6.573
151,1,28/12/2012,44.79,12659.55,37101.13,174.78,74.46,1208.86,True,6.573
152,1,04/01/2013,41.73,1214.08,25366.33,15.01,72.36,3940.02,False,6.525
153,1,11/01/2013,50.32,6520.24,16134.6,12.17,774.55,4001.25,False,6.525
154,1,18/01/2013,42.92,3772.69,3559.46,3.88,246.62,1900.4,False,6.525
155,1,25/01/2013,53.37,965.89,1097.91,0.1,225.36,1831.88,False,6.525
156,1,01/02/2013,56.46,9290.91,1359.9,265.0,20657.82,972.61,False,6.525
157,1,08/02/2013,56.67,32355.16,729.8,280.89,20426.61,4671.78,True,6.525
158,1,15/02/2013,49.66,72937.29,6665.52,47.21,13014.67,6310.18,False,6.525
159,1,22/02/2013,50.25,20107.75,3163.89,42.2,15657.3,5812.86,False,6.525
160,1,01/03/2013,48.01,10610.74,261.46,2.8,25.54,2747.59,False,6.525
161,1,08/03/2013,50.81,5000.58,290.46,78.77,606.15,3697.11,False,6.525
162,1,15/03/2013,55.33,3808.13,0.0,15.65,2616.6,1909.17,False,6.525
163,1,22/03/2013,63.42,12553.98,0.0,495.1,6787.75,2545.66,False,6.525
164,1,29/03/2013,51.0,13067.46,0.0,384.9,122.93,3903.8,False,6.525
165,1,05/04/2013,58.59,12872.34,5687.86,485.97,478.04,5092.33,False,6.314
166,1,12/04/2013,62.72,3672.43,932.58,52.86,949.07,2836.64,False,6.314
167,1,19/04/2013,67.1,3530.36,3.95,107.5,458.76,2062.05,False,6.314
168,1,26/04/2013,59.23,2387.72,0.0,98.34,516.28,1421.63,False,6.314
169,1,03/05/2013,66.66,2298.63,2.0,129.9,55.46,1301.04,False,
170,1,10/05/2013,63.9,4624.61,83.88,42.38,1618.31,8144.9,False,
171,1,17/05/2013,69.53,16170.5,92.0,8.32,4127.24,6206.97,False,
172,1,24/05/2013,77.19,7959.89,178.0,1621.47,3152.57,2938.7,False,
173,1,31/05/2013,78.02,2369.77,142.45,475.35,45.55,2056.84,False,
174,1,07/06/2013,76.44,3514.75,742.59,116.15,1015.44,5137.09,False,
175,1,14/06/2013,79.86,12592.32,527.48,402.88,7474.56,2484.44,False,
176,1,21/06/2013,81.35,8104.02,417.99,327.33,5182.25,3754.44,False,
177,1,28/06/2013,83.94,4205.98,796.7,6.84,3816.78,4812.74,False,
178,1,05/07/2013,79.85,7649.99,3503.29,1766.77,9454.96,1079.89,False,
179,1,12/07/2013,83.12,6089.94,1362.42,209.62,2367.42,2651.05,False,
180,1,19/07/2013,79.26,3117.04,1060.39,199.05,1012.3,5381.72,False,
181,1,26/07/2013,81.54,332.17,673.19,1.0,38.63,1245.2,False,
182,2,05/02/2010,40.19,0.0,0.0,0.0,0.0,0.0,False,8.324
183,2,12/02/2010,38.49,0.0,0.0,0.0,0.0,0.0,True,8.324
184,2,19/02/2010,39.69,0.0,0.0,0.0,0.0,0.0,False,8.324
185,2,26/02/2010,46.1,0.0,0.0,0.0,0.0,0.0,False,8.324
186,2,05/03/2010,47.17,0.0,0.0,0.0,0.0,0.0,False,8.324
187,2,12/03/2010,57.56,0.0,0.0,0.0,0.0,0.0,False,8.324
188,2,19/03/2010,54.52,0.0,0.0,0.0,0.0,0.0,False,8.324
189,2,26/03/2010,51.26,0.0,0.0,0.0,0.0,0.0,False,8.324
190,2,02/04/2010,63.27,0.0,0.0,0.0,0.0,0.0,False,8.2
191,2,09/04/2010,65.41,0.0,0.0,0.0,0.0,0.0,False,8.2
192,2,16/04/2010,68.07,0.0,0.0,0.0,0.0,0.0,False,8.2
193,2,23/04/2010,65.11,0.0,0.0,0.0,0.0,0.0,False,8.2
194,2,30/04/2010,66.98,0.0,0.0,0.0,0.0,0.0,False,8.2
195,2,07/05/2010,71.28,0.0,0.0,0.0,0.0,0.0,False,8.2
196,2,14/05/2010,73.31,0.0,0.0,0.0,0.0,0.0,False,8.2
197,2,21/05/2010,74.83,0.0,0.0,0.0,0.0,0.0,False,8.2
198,2,28/05/2010,81.13,0.0,0.0,0.0,0.0,0.0,False,8.2
199,2,04/06/2010,81.81,0.0,0.0,0.0,0.0,0.0,False,8.2
200,2,11/06/2010,83.4,0.0,0.0,0.0,0.0,0.0,False,8.2
201,2,18/06/2010,85.81,0.0,0.0,0.0,0.0,0.0,False,8.2
202,2,25/06/2010,86.26,0.0,0.0,0.0,0.0,0.0,False,8.2
203,2,02/07/2010,82.74,0.0,0.0,0.0,0.0,0.0,False,8.099
204,2,09/07/2010,82.59,0.0,0.0,0.0,0.0,0.0,False,8.099
205,2,16/07/2010,85.32,0.0,0.0,0.0,0.0,0.0,False,8.099
206,2,23/07/2010,87.66,0.0,0.0,0.0,0.0,0.0,False,8.099
207,2,30/07/2010,83.49,0.0,0.0,0.0,0.0,0.0,False,8.099
208,2,06/08/2010,89.53,0.0,0.0,0.0,0.0,0.0,False,8.099
209,2,13/08/2010,89.05,0.0,0.0,0.0,0.0,0.0,False,8.099
210,2,20/08/2010,88.7,0.0,0.0,0.0,0.0,0.0,False,8.099
211,2,27/08/2010,87.12,0.0,0.0,0.0,0.0,0.0,False,8.099
212,2,03/09/2010,81.83,0.0,0.0,0.0,0.0,0.0,False,8.099
213,2,10/09/2010,79.09,0.0,0.0,0.0,0.0,0.0,True,8.099
214,2,17/09/2010,82.05,0.0,0.0,0.0,0.0,0.0,False,8.099
215,2,24/09/2010,81.79,0.0,0.0,0.0,0.0,0.0,False,8.099
216,2,01/10/2010,69.24,0.0,0.0,0.0,0.0,0.0,False,8.163
217,2,08/10/2010,63.19,0.0,0.0,0.0,0.0,0.0,False,8.163
218,2,15/10/2010,65.8,0.0,0.0,0.0,0.0,0.0,False,8.163
219,2,22/10/2010,68.5,0.0,0.0,0.0,0.0,0.0,False,8.163
220,2,29/10/2010,66.24,0.0,0.0,0.0,0.0,0.0,False,8.163
221,2,05/11/2010,57.85,0.0,0.0,0.0,0.0,0.0,False,8.163
222,2,12/11/2010,59.69,0.0,0.0,0.0,0.0,0.0,False,8.163
223,2,19/11/2010,50.81,0.0,0.0,0.0,0.0,0.0,False,8.163
224,2,26/11/2010,62.98,0.0,0.0,0.0,0.0,0.0,True,8.163
225,2,03/12/2010,49.33,0.0,0.0,0.0,0.0,0.0,False,8.163
226,2,10/12/2010,45.5,0.0,0.0,0.0,0.0,0.0,False,8.163
227,2,17/12/2010,47.55,0.0,0.0,0.0,0.0,0.0,False,8.163
228,2,24/12/2010,49.97,0.0,0.0,0.0,0.0,0.0,False,8.163
229,2,31/12/2010,47.3,0.0,0.0,0.0,0.0,0.0,True,8.163
230,2,07/01/2011,44.69,0.0,0.0,0.0,0.0,0.0,False,8.028
231,2,14/01/2011,33.02,0.0,0.0,0.0,0.0,0.0,False,8.028
232,2,21/01/2011,41.4,0.0,0.0,0.0,0.0,0.0,False,8.028
233,2,28/01/2011,42.83,0.0,0.0,0.0,0.0,0.0,False,8.028
234,2,04/02/2011,38.25,0.0,0.0,0.0,0.0,0.0,False,8.028
235,2,11/02/2011,33.19,0.0,0.0,0.0,0.0,0.0,True,8.028
236,2,18/02/2011,57.83,0.0,0.0,0.0,0.0,0.0,False,8.028
237,2,25/02/2011,60.8,0.0,0.0,0.0,0.0,0.0,False,8.028
238,2,04/03/2011,57.77,0.0,0.0,0.0,0.0,0.0,False,8.028
239,2,11/03/2011,52.7,0.0,0.0,0.0,0.0,0.0,False,8.028
240,2,18/03/2011,62.32,0.0,0.0,0.0,0.0,0.0,False,8.028
241,2,25/03/2011,69.42,0.0,0.0,0.0,0.0,0.0,False,8.028
242,2,01/04/2011,55.43,0.0,0.0,0.0,0.0,0.0,False,7.931
243,2,08/04/2011,67.0,0.0,0.0,0.0,0.0,0.0,False,7.931
244,2,15/04/2011,69.48,0.0,0.0,0.0,0.0,0.0,False,7.931
245,2,22/04/2011,69.39,0.0,0.0,0.0,0.0,0.0,False,7.931
246,2,29/04/2011,69.21,0.0,0.0,0.0,0.0,0.0,False,7.931
247,2,06/05/2011,61.48,0.0,0.0,0.0,0.0,0.0,False,7.931
248,2,13/05/2011,74.61,0.0,0.0,0.0,0.0,0.0,False,7.931
249,2,20/05/2011,67.14,0.0,0.0,0.0,0.0,0.0,False,7.931
250,2,27/05/2011,76.42,0.0,0.0,0.0,0.0,0.0,False,7.931
251,2,03/06/2011,83.07,0.0,0.0,0.0,0.0,0.0,False,7.931
252,2,10/06/2011,83.4,0.0,0.0,0.0,0.0,0.0,False,7.931
253,2,17/06/2011,86.53,0.0,0.0,0.0,0.0,0.0,False,7.931
254,2,24/06/2011,85.17,0.0,0.0,0.0,0.0,0.0,False,7.931
255,2,01/07/2011,85.69,0.0,0.0,0.0,0.0,0.0,False,7.852
256,2,08/07/2011,87.7,0.0,0.0,0.0,0.0,0.0,False,7.852
257,2,15/07/2011,89.83,0.0,0.0,0.0,0.0,0.0,False,7.852
258,2,22/07/2011,89.34,0.0,0.0,0.0,0.0,0.0,False,7.852
259,2,29/07/2011,90.07,0.0,0.0,0.0,0.0,0.0,False,7.852
260,2,05/08/2011,93.34,0.0,0.0,0.0,0.0,0.0,False,7.852
261,2,12/08/2011,91.58,0.0,0.0,0.0,0.0,0.0,False,7.852
262,2,19/08/2011,89.86,0.0,0.0,0.0,0.0,0.0,False,7.852
263,2,26/08/2011,90.45,0.0,0.0,0.0,0.0,0.0,False,7.852
264,2,02/09/2011,89.64,0.0,0.0,0.0,0.0,0.0,False,7.852
265,2,09/09/2011,77.97,0.0,0.0,0.0,0.0,0.0,True,7.852
266,2,16/09/2011,78.85,0.0,0.0,0.0,0.0,0.0,False,7.852
267,2,23/09/2011,75.58,0.0,0.0,0.0,0.0,0.0,False,7.852
268,2,30/09/2011,78.14,0.0,0.0,0.0,0.0,0.0,False,7.852
269,2,07/10/2011,69.92,0.0,0.0,0.0,0.0,0.0,False,7.441
270,2,14/10/2011,71.67,0.0,0.0,0.0,0.0,0.0,False,7.441
271,2,21/10/2011,64.53,0.0,0.0,0.0,0.0,0.0,False,7.441
272,2,28/10/2011,65.87,0.0,0.0,0.0,0.0,0.0,False,7.441
273,2,04/11/2011,55.53,0.0,0.0,0.0,0.0,0.0,False,7.441
274,2,11/11/2011,59.33,10797.64,20445.0,443.32,4754.07,4787.16,False,7.441
275,2,18/11/2011,62.01,6490.92,1217.76,152.12,873.82,7656.42,False,7.441
276,2,25/11/2011,56.36,919.71,62.0,77451.26,23.0,1589.43,True,7.441
277,2,02/12/2011,48.74,8010.99,83.47,1897.27,4444.0,28238.93,False,7.441
278,2,09/12/2011,41.76,11472.59,40.0,306.43,4160.55,8899.08,False,7.441
279,2,16/12/2011,50.13,4908.83,61.03,341.49,469.8,4744.27,False,7.441
280,2,23/12/2011,46.66,2971.04,15.18,1501.75,88.76,6437.61,False,7.441
281,2,30/12/2011,44.57,8321.44,92523.94,139.53,1515.4,3027.69,True,7.441
282,2,06/01/2012,46.75,5886.72,37454.29,121.16,2388.92,7103.97,False,7.057
283,2,13/01/2012,45.99,4414.72,12092.63,98.38,708.18,4245.6,False,7.057
284,2,20/01/2012,51.7,6552.26,4355.69,105.97,1703.1,3376.03,False,7.057
285,2,27/01/2012,50.5,1920.15,1507.56,86.09,43.4,2613.53,False,7.057
286,2,03/02/2012,55.21,75149.79,3818.85,221.4,48159.86,7423.61,False,7.057
287,2,10/02/2012,46.98,13510.89,6674.42,94.07,14114.9,9577.83,True,7.057
288,2,17/02/2012,43.82,13942.54,14273.24,15.76,4927.14,6650.08,False,7.057
289,2,24/02/2012,54.63,13048.36,12059.1,10.2,5299.73,10380.03,False,7.057
290,2,02/03/2012,58.79,23901.27,2144.7,9.0,9799.63,4929.53,False,7.057
291,2,09/03/2012,57.11,11784.91,368.32,3.0,2498.17,7746.0,False,7.057
292,2,16/03/2012,63.68,5965.99,230.42,3.0,2650.77,2073.81,False,7.057
293,2,23/03/2012,64.01,6008.98,139.93,6.63,1650.49,5263.08,False,7.057
294,2,30/03/2012,66.83,14369.3,164.77,17.0,1017.31,3470.49,False,7.057
295,2,06/04/2012,68.43,12132.59,1.3,32.58,4874.69,5535.13,False,6.891
296,2,13/04/2012,68.08,8994.04,6573.08,20.21,4162.2,1966.38,False,6.891
297,2,20/04/2012,65.69,7311.02,2236.2,33.53,878.07,4080.32,False,6.891
298,2,27/04/2012,67.2,3076.68,0.0,38.32,108.71,2708.9,False,6.891
299,2,04/05/2012,76.73,23731.47,0.0,78.09,7931.42,4443.52,False,6.891
300,2,11/05/2012,73.87,16519.5,0.0,117.38,5131.02,3634.25,False,6.891
301,2,18/05/2012,71.27,9262.12,0.0,42.67,3694.8,4612.01,False,6.891
302,2,25/05/2012,78.19,10701.32,0.0,1030.53,3595.04,14920.27,False,6.891
303,2,01/06/2012,78.38,13091.33,21.0,245.37,2993.15,5521.72,False,6.891
304,2,08/06/2012,78.69,12162.04,463.6,78.39,3610.78,10877.64,False,6.891
305,2,15/06/2012,80.56,8573.41,195.0,0.19,4455.38,5288.61,False,6.891
306,2,22/06/2012,81.04,12126.02,314.0,60.99,6058.6,36430.33,False,6.891
307,2,29/06/2012,86.32,8495.34,275.8,0.0,1935.16,5686.13,False,6.891
308,2,06/07/2012,84.2,12355.5,295.05,100.15,6720.4,5506.53,False,6.565
309,2,13/07/2012,80.17,8354.65,342.25,20.53,5674.44,5012.22,False,6.565
310,2,20/07/2012,83.23,6961.58,241.2,24.97,3401.36,2453.42,False,6.565
311,2,27/07/2012,86.37,6999.14,197.72,2.53,6319.33,5007.01,False,6.565
312,2,03/08/2012,90.22,27650.68,164.58,43.02,21801.9,6652.98,False,6.565
313,2,10/08/2012,88.55,5554.54,142.3,13.43,4187.43,5286.19,False,6.565
314,2,17/08/2012,84.79,4774.16,330.78,10.53,4253.28,4927.26,False,6.565
315,2,24/08/2012,76.91,4759.7,211.38,6.62,2972.88,5102.26,False,6.565
316,2,31/08/2012,82.64,17500.26,73.22,21.38,12878.62,4756.5,False,6.565
317,2,07/09/2012,87.65,10658.86,149.28,60.97,2920.9,3275.57,True,6.565
318,2,14/09/2012,75.88,8325.93,0.0,37.32,1808.69,9314.55,False,6.565
319,2,21/09/2012,71.09,6707.94,3.82,15.55,1001.42,7607.94,False,6.565
320,2,28/09/2012,79.45,7106.05,1.91,1.65,1549.1,3946.03,False,6.565
321,2,05/10/2012,70.27,6037.76,0.0,10.04,3027.37,3853.4,False,6.17
322,2,12/10/2012,60.97,2145.5,0.0,33.31,586.83,10421.01,False,6.17
323,2,19/10/2012,68.08,4461.89,0.0,1.14,1579.67,2642.29,False,6.17
324,2,26/10/2012,69.79,6152.59,129.77,200.0,272.29,2924.15,False,6.17
325,2,02/11/2012,56.4,9585.99,6181.03,32.4,1571.2,4510.08,False,6.17
326,2,09/11/2012,61.9,9497.69,2711.51,109.45,7185.16,6480.49,False,6.17
327,2,16/11/2012,52.72,26925.38,285.03,101.44,2014.28,8732.45,False,6.17
328,2,23/11/2012,58.06,2280.54,2.49,105146.3,927.97,1253.85,True,6.17
329,2,30/11/2012,52.64,4764.84,0.0,4748.06,200.48,6088.49,False,6.17
330,2,07/12/2012,64.19,7303.66,0.0,460.32,2352.61,14872.79,False,6.17
331,2,14/12/2012,47.69,5550.46,0.0,50.0,871.41,2419.54,False,6.17
332,2,21/12/2012,55.14,5692.66,248.76,312.92,594.17,2167.73,False,6.17
333,2,28/12/2012,41.56,13194.12,56549.69,377.76,115.89,3479.8,True,6.17
334,2,04/01/2013,39.12,2045.13,34381.53,26.36,159.76,3863.31,False,6.237
335,2,11/01/2013,47.42,6722.95,12098.17,13.68,1067.36,5383.2,False,6.237
336,2,18/01/2013,40.98,3737.16,3047.9,9.26,49.14,2758.1,False,6.237
337,2,25/01/2013,51.33,1599.61,1605.81,0.6,161.21,1963.72,False,6.237
338,2,01/02/2013,54.75,13078.9,1642.02,545.2,12725.35,5002.74,False,6.237
339,2,08/02/2013,56.08,63622.34,687.56,358.29,44824.98,8167.67,True,6.237
340,2,15/02/2013,48.92,16105.39,6019.52,11.33,5982.79,7043.58,False,6.237
341,2,22/02/2013,48.16,6907.35,4354.2,16.58,1054.97,3019.84,False,6.237
342,2,01/03/2013,46.08,6023.68,439.6,4.4,56.86,4416.82,False,6.237
343,2,08/03/2013,51.12,24134.43,54.43,136.7,7235.69,6441.67,False,6.237
344,2,15/03/2013,55.14,7640.0,0.0,29.43,1461.6,1824.17,False,6.237
345,2,22/03/2013,59.97,11184.28,0.0,853.3,3319.2,3870.64,False,6.237
346,2,29/03/2013,50.54,8248.47,0.0,769.51,774.08,3513.62,False,6.237
347,2,05/04/2013,58.3,16944.64,4983.34,411.07,2378.92,3007.06,False,6.112
348,2,12/04/2013,61.23,10165.99,395.13,66.86,1537.62,3122.19,False,6.112
349,2,19/04/2013,67.05,6858.52,12.72,104.72,219.88,2640.86,False,6.112
350,2,26/04/2013,58.13,2782.18,11.92,146.45,461.83,2046.53,False,6.112
351,2,03/05/2013,65.26,12613.71,21.98,120.42,4940.3,2407.24,False,
352,2,10/05/2013,63.51,7793.3,706.58,76.82,2788.92,35238.98,False,
353,2,17/05/2013,70.55,6242.52,423.82,9.06,1470.25,4390.07,False,
354,2,24/05/2013,76.83,6252.19,358.76,1665.35,797.59,3837.1,False,
355,2,31/05/2013,78.05,2670.48,188.5,289.22,1258.68,1601.41,False,
356,2,07/06/2013,76.2,13644.9,900.33,221.4,8826.14,7275.75,False,
357,2,14/06/2013,80.91,9784.1,548.27,674.6,2966.31,5282.33,False,
358,2,21/06/2013,81.11,7896.26,491.02,371.73,7426.29,3043.81,False,
359,2,28/06/2013,85.37,8638.45,2457.32,9.0,4713.2,9079.05,False,
360,2,05/07/2013,79.48,11651.46,4984.5,2024.67,15196.91,2862.06,False,
361,2,12/07/2013,85.41,7527.1,1244.78,84.18,2626.7,3881.66,False,
362,2,19/07/2013,79.16,3313.12,723.52,94.85,1224.91,2471.69,False,
363,2,26/07/2013,83.17,1966.46,609.55,91.0,493.6,2416.2,False,
364,3,05/02/2010,45.71,0.0,0.0,0.0,0.0,0.0,False,7.368
365,3,12/02/2010,47.93,0.0,0.0,0.0,0.0,0.0,True,7.368
366,3,19/02/2010,47.07,0.0,0.0,0.0,0.0,0.0,False,7.368
367,3,26/02/2010,52.05,0.0,0.0,0.0,0.0,0.0,False,7.368
368,3,05/03/2010,53.04,0.0,0.0,0.0,0.0,0.0,False,7.368
369,3,12/03/2010,63.08,0.0,0.0,0.0,0.0,0.0,False,7.368
370,3,19/03/2010,60.42,0.0,0.0,0.0,0.0,0.0,False,7.368
371,3,26/03/2010,57.06,0.0,0.0,0.0,0.0,0.0,False,7.368
372,3,02/04/2010,65.56,0.0,0.0,0.0,0.0,0.0,False,7.343
373,3,09/04/2010,68.0,0.0,0.0,0.0,0.0,0.0,False,7.343
374,3,16/04/2010,66.98,0.0,0.0,0.0,0.0,0.0,False,7.343
375,3,23/04/2010,67.87,0.0,0.0,0.0,0.0,0.0,False,7.343
376,3,30/04/2010,70.24,0.0,0.0,0.0,0.0,0.0,False,7.343
377,3,07/05/2010,73.47,0.0,0.0,0.0,0.0,0.0,False,7.343
378,3,14/05/2010,77.18,0.0,0.0,0.0,0.0,0.0,False,7.343
379,3,21/05/2010,75.81,0.0,0.0,0.0,0.0,0.0,False,7.343
380,3,28/05/2010,78.6,0.0,0.0,0.0,0.0,0.0,False,7.343
381,3,04/06/2010,78.53,0.0,0.0,0.0,0.0,0.0,False,7.343
382,3,11/06/2010,82.1,0.0,0.0,0.0,0.0,0.0,False,7.343
383,3,18/06/2010,83.52,0.0,0.0,0.0,0.0,0.0,False,7.343
384,3,25/06/2010,83.79,0.0,0.0,0.0,0.0,0.0,False,7.343
385,3,02/07/2010,82.2,0.0,0.0,0.0,0.0,0.0,False,7.346
386,3,09/07/2010,81.75,0.0,0.0,0.0,0.0,0.0,False,7.346
387,3,16/07/2010,84.32,0.0,0.0,0.0,0.0,0.0,False,7.346
388,3,23/07/2010,83.32,0.0,0.0,0.0,0.0,0.0,False,7.346
389,3,30/07/2010,82.04,0.0,0.0,0.0,0.0,0.0,False,7.346
390,3,06/08/2010,85.13,0.0,0.0,0.0,0.0,0.0,False,7.346
391,3,13/08/2010,86.74,0.0,0.0,0.0,0.0,0.0,False,7.346
392,3,20/08/2010,88.02,0.0,0.0,0.0,0.0,0.0,False,7.346
393,3,27/08/2010,86.15,0.0,0.0,0.0,0.0,0.0,False,7.346
394,3,03/09/2010,84.16,0.0,0.0,0.0,0.0,0.0,False,7.346
395,3,10/09/2010,80.84,0.0,0.0,0.0,0.0,0.0,True,7.346
396,3,17/09/2010,82.36,0.0,0.0,0.0,0.0,0.0,False,7.346
397,3,24/09/2010,76.9,0.0,0.0,0.0,0.0,0.0,False,7.346
398,3,01/10/2010,73.6,0.0,0.0,0.0,0.0,0.0,False,7.564
399,3,08/10/2010,66.99,0.0,0.0,0.0,0.0,0.0,False,7.564
400,3,15/10/2010,69.71,0.0,0.0,0.0,0.0,0.0,False,7.564
401,3,22/10/2010,71.64,0.0,0.0,0.0,0.0,0.0,False,7.564
402,3,29/10/2010,72.04,0.0,0.0,0.0,0.0,0.0,False,7.564
403,3,05/11/2010,62.94,0.0,0.0,0.0,0.0,0.0,False,7.564
404,3,12/11/2010,62.79,0.0,0.0,0.0,0.0,0.0,False,7.564
405,3,19/11/2010,57.72,0.0,0.0,0.0,0.0,0.0,False,7.564
406,3,26/11/2010,68.71,0.0,0.0,0.0,0.0,0.0,True,7.564
407,3,03/12/2010,53.76,0.0,0.0,0.0,0.0,0.0,False,7.564
408,3,10/12/2010,51.13,0.0,0.0,0.0,0.0,0.0,False,7.564
409,3,17/12/2010,52.2,0.0,0.0,0.0,0.0,0.0,False,7.564
410,3,24/12/2010,57.16,0.0,0.0,0.0,0.0,0.0,False,7.564
411,3,31/12/2010,53.2,0.0,0.0,0.0,0.0,0.0,True,7.564
412,3,07/01/2011,53.35,0.0,0.0,0.0,0.0,0.0,False,7.551
413,3,14/01/2011,44.76,0.0,0.0,0.0,0.0,0.0,False,7.551
414,3,21/01/2011,50.74,0.0,0.0,0.0,0.0,0.0,False,7.551
415,3,28/01/2011,48.71,0.0,0.0,0.0,0.0,0.0,False,7.551
416,3,04/02/2011,45.95,0.0,0.0,0.0,0.0,0.0,False,7.551
417,3,11/02/2011,43.57,0.0,0.0,0.0,0.0,0.0,True,7.551
418,3,18/02/2011,61.58,0.0,0.0,0.0,0.0,0.0,False,7.551
419,3,25/02/2011,67.4,0.0,0.0,0.0,0.0,0.0,False,7.551
420,3,04/03/2011,65.11,0.0,0.0,0.0,0.0,0.0,False,7.551
421,3,11/03/2011,61.29,0.0,0.0,0.0,0.0,0.0,False,7.551
422,3,18/03/2011,69.47,0.0,0.0,0.0,0.0,0.0,False,7.551
423,3,25/03/2011,72.94,0.0,0.0,0.0,0.0,0.0,False,7.551
424,3,01/04/2011,68.76,0.0,0.0,0.0,0.0,0.0,False,7.574
425,3,08/04/2011,72.55,0.0,0.0,0.0,0.0,0.0,False,7.574
426,3,15/04/2011,75.88,0.0,0.0,0.0,0.0,0.0,False,7.574
427,3,22/04/2011,76.91,0.0,0.0,0.0,0.0,0.0,False,7.574
428,3,29/04/2011,78.69,0.0,0.0,0.0,0.0,0.0,False,7.574
429,3,06/05/2011,69.45,0.0,0.0,0.0,0.0,0.0,False,7.574
430,3,13/05/2011,79.87,0.0,0.0,0.0,0.0,0.0,False,7.574
431,3,20/05/2011,75.79,0.0,0.0,0.0,0.0,0.0,False,7.574
432,3,27/05/2011,84.41,0.0,0.0,0.0,0.0,0.0,False,7.574
433,3,03/06/2011,84.29,0.0,0.0,0.0,0.0,0.0,False,7.574
434,3,10/06/2011,84.84,0.0,0.0,0.0,0.0,0.0,False,7.574
435,3,17/06/2011,86.96,0.0,0.0,0.0,0.0,0.0,False,7.574
436,3,24/06/2011,84.94,0.0,0.0,0.0,0.0,0.0,False,7.574
437,3,01/07/2011,85.1,0.0,0.0,0.0,0.0,0.0,False,7.567
438,3,08/07/2011,85.38,0.0,0.0,0.0,0.0,0.0,False,7.567
439,3,15/07/2011,87.14,0.0,0.0,0.0,0.0,0.0,False,7.567
440,3,22/07/2011,86.19,0.0,0.0,0.0,0.0,0.0,False,7.567
441,3,29/07/2011,88.07,0.0,0.0,0.0,0.0,0.0,False,7.567
442,3,05/08/2011,88.45,0.0,0.0,0.0,0.0,0.0,False,7.567
443,3,12/08/2011,88.88,0.0,0.0,0.0,0.0,0.0,False,7.567
444,3,19/08/2011,88.44,0.0,0.0,0.0,0.0,0.0,False,7.567
445,3,26/08/2011,87.67,0.0,0.0,0.0,0.0,0.0,False,7.567
446,3,02/09/2011,89.12,0.0,0.0,0.0,0.0,0.0,False,7.567
447,3,09/09/2011,81.72,0.0,0.0,0.0,0.0,0.0,True,7.567
448,3,16/09/2011,83.63,0.0,0.0,0.0,0.0,0.0,False,7.567
449,3,23/09/2011,80.19,0.0,0.0,0.0,0.0,0.0,False,7.567
450,3,30/09/2011,82.58,0.0,0.0,0.0,0.0,0.0,False,7.567
451,3,07/10/2011,75.54,0.0,0.0,0.0,0.0,0.0,False,7.197
452,3,14/10/2011,73.75,0.0,0.0,0.0,0.0,0.0,False,7.197
453,3,21/10/2011,69.03,0.0,0.0,0.0,0.0,0.0,False,7.197
454,3,28/10/2011,71.04,0.0,0.0,0.0,0.0,0.0,False,7.197
455,3,04/11/2011,59.31,0.0,0.0,0.0,0.0,0.0,False,7.197
456,3,11/11/2011,61.7,8787.59,2006.62,200.01,570.57,1005.33,False,7.197
457,3,18/11/2011,63.91,1383.53,23.27,19.95,865.09,2926.05,False,7.197
458,3,25/11/2011,68.0,41.74,10.47,37612.74,0.0,135.16,True,7.197
459,3,02/12/2011,54.97,850.86,18.94,781.71,394.29,7297.1,False,7.197
460,3,09/12/2011,49.26,4059.38,6.47,123.42,833.44,3018.08,False,7.197
461,3,16/12/2011,57.95,1864.61,0.0,170.36,187.42,1500.38,False,7.197
462,3,23/12/2011,53.41,89.98,0.24,411.52,0.0,586.66,False,7.197
463,3,30/12/2011,48.29,1449.16,14356.07,66.66,81.43,777.35,True,7.197
464,3,06/01/2012,52.42,3824.22,9389.98,15.0,415.36,1476.85,False,6.833
465,3,13/01/2012,51.86,3927.76,3323.64,0.0,226.97,1725.19,False,6.833
466,3,20/01/2012,56.2,720.82,1629.26,1.46,16.05,799.5,False,6.833
467,3,27/01/2012,58.06,774.55,349.99,0.0,4.0,328.72,False,6.833
468,3,03/02/2012,59.33,9667.5,268.29,0.6,8368.15,804.24,False,6.833
469,3,10/02/2012,51.65,8687.47,1594.87,2.2,2144.87,2577.83,True,6.833
470,3,17/02/2012,52.39,2706.87,3128.74,1.88,2396.68,1631.28,False,6.833
471,3,24/02/2012,60.12,6129.28,1802.84,0.0,301.48,1929.71,False,6.833
472,3,02/03/2012,61.65,3552.58,601.32,0.0,2666.22,1524.87,False,6.833
473,3,09/03/2012,60.71,8368.5,298.46,1.39,1340.29,1416.22,False,6.833
474,3,16/03/2012,64.0,2588.06,80.89,3.2,909.76,491.83,False,6.833
475,3,23/03/2012,66.53,737.08,36.1,1.43,92.11,583.9,False,6.833
476,3,30/03/2012,69.36,825.1,99.83,1.25,113.25,388.39,False,6.833
477,3,06/04/2012,73.01,4433.71,0.0,24.45,1282.3,1062.83,False,6.664
478,3,13/04/2012,72.83,5359.22,1673.42,3.0,682.03,1371.55,False,6.664
479,3,20/04/2012,72.05,2784.82,130.68,1.75,425.29,904.8,False,6.664
480,3,27/04/2012,73.39,1178.7,0.0,2.95,36.5,351.97,False,6.664
481,3,04/05/2012,79.51,2430.23,0.0,30.92,1159.71,1432.53,False,6.664
482,3,11/05/2012,75.19,3794.95,0.0,0.25,813.77,618.46,False,6.664
483,3,18/05/2012,72.38,3208.73,0.0,0.3,143.23,805.06,False,6.664
484,3,25/05/2012,78.58,3032.03,0.0,291.17,536.82,580.87,False,6.664
485,3,01/06/2012,81.55,2664.55,10.0,220.03,618.49,1940.77,False,6.664
486,3,08/06/2012,81.65,5770.48,28.6,30.18,283.7,2093.48,False,6.664
487,3,15/06/2012,84.66,2014.47,31.8,1.0,631.17,835.34,False,6.664
488,3,22/06/2012,82.7,1843.45,11.2,0.51,421.71,1743.54,False,6.664
489,3,29/06/2012,86.42,2297.32,8.0,0.0,395.28,1182.52,False,6.664
490,3,06/07/2012,83.14,2625.99,30.7,28.16,703.16,1962.17,False,6.334
491,3,13/07/2012,82.28,3196.9,20.8,2.02,302.29,451.1,False,6.334
492,3,20/07/2012,81.38,1266.72,66.2,3.83,149.62,558.02,False,6.334
493,3,27/07/2012,84.94,3447.28,31.0,2.46,1791.7,1107.97,False,6.334
494,3,03/08/2012,86.55,5683.49,37.2,0.04,2484.22,639.29,False,6.334
495,3,10/08/2012,85.85,3375.44,28.4,2.4,1880.43,555.9,False,6.334
496,3,17/08/2012,87.36,990.08,44.2,0.0,401.46,430.69,False,6.334
497,3,24/08/2012,83.01,3062.02,26.8,0.0,1004.51,1285.29,False,6.334
498,3,31/08/2012,85.18,6599.69,27.8,24.7,1743.76,428.74,False,6.334
499,3,07/09/2012,84.99,2266.83,19.0,8.31,419.87,926.86,True,6.334
500,3,14/09/2012,78.36,3589.7,0.0,3.72,2080.29,1760.69,False,6.334
501,3,21/09/2012,72.78,3233.34,1.91,7.69,878.66,1602.11,False,6.334
502,3,28/09/2012,77.46,2493.82,0.0,1.5,890.65,715.52,False,6.334
503,3,05/10/2012,72.74,1750.8,0.0,3.01,480.24,646.82,False,6.034
504,3,12/10/2012,70.31,775.31,0.0,2.78,498.54,328.16,False,6.034
505,3,19/10/2012,73.44,629.25,0.0,7.5,75.11,3010.32,False,6.034
506,3,26/10/2012,74.66,370.99,6.35,4.0,5.94,180.07,False,6.034
507,3,02/11/2012,61.61,3218.13,420.29,0.55,1498.52,749.71,False,6.034
508,3,09/11/2012,68.72,2540.75,985.52,0.85,273.23,422.66,False,6.034
509,3,16/11/2012,61.1,1933.43,197.19,48.6,433.85,961.97,False,6.034
510,3,23/11/2012,61.69,145.3,0.0,54466.91,0.0,60.92,True,6.034
511,3,30/11/2012,57.5,1573.54,0.0,1095.99,157.62,2066.71,False,6.034
512,3,07/12/2012,65.09,5342.1,0.0,201.0,317.78,2210.24,False,6.034
513,3,14/12/2012,54.72,1214.46,0.0,28.0,119.11,861.4,False,6.034
514,3,21/12/2012,59.39,3318.97,0.0,10.0,397.02,296.66,False,6.034
515,3,28/12/2012,51.76,6542.05,10952.76,70.6,201.38,327.07,True,6.034
516,3,04/01/2013,46.52,2917.32,7821.32,0.2,171.09,570.6,False,6.108
517,3,11/01/2013,49.83,2503.67,3395.0,0.52,160.25,1366.37,False,6.108
518,3,18/01/2013,49.09,659.55,779.95,2.1,43.05,674.45,False,6.108
519,3,25/01/2013,57.85,524.43,838.33,0.1,19.79,907.5,False,6.108
520,3,01/02/2013,62.81,2513.52,665.85,30.0,3221.12,679.96,False,6.108
521,3,08/02/2013,62.77,29091.04,224.97,163.55,6151.53,782.92,True,6.108
522,3,15/02/2013,57.36,7962.18,1467.18,0.0,940.34,1509.96,False,6.108
523,3,22/02/2013,59.96,2005.31,1497.57,0.0,122.48,527.75,False,6.108
524,3,01/03/2013,54.19,3805.93,81.37,0.0,108.54,490.13,False,6.108
525,3,08/03/2013,57.25,6458.44,34.88,4.0,892.51,1095.59,False,6.108
526,3,15/03/2013,61.99,3634.62,0.0,1.5,149.77,637.86,False,6.108
527,3,22/03/2013,70.38,2657.14,0.0,246.0,392.86,450.58,False,6.108
528,3,29/03/2013,60.69,2177.83,0.0,199.96,103.87,672.0,False,6.108
529,3,05/04/2013,65.89,9649.15,1285.04,316.3,65.46,835.58,False,5.999
530,3,12/04/2013,67.56,900.72,716.86,53.54,151.17,637.16,False,5.999
531,3,19/04/2013,71.69,976.83,0.01,60.0,40.4,851.01,False,5.999
532,3,26/04/2013,65.23,539.28,0.0,60.37,135.01,572.62,False,5.999
533,3,03/05/2013,69.73,2889.32,13.0,10.61,496.24,1019.91,False,
534,3,10/05/2013,68.93,1455.45,78.0,27.23,125.67,1513.48,False,
535,3,17/05/2013,75.33,3388.65,145.0,2.0,321.8,1038.01,False,
536,3,24/05/2013,81.27,3234.31,53.0,136.4,280.23,1197.92,False,
537,3,31/05/2013,78.99,3301.63,8.51,144.57,56.15,628.77,False,
538,3,07/06/2013,80.11,3996.14,70.74,160.6,1534.4,1694.48,False,
539,3,14/06/2013,78.61,1728.99,94.8,235.0,433.38,1984.14,False,
540,3,21/06/2013,82.81,875.97,117.68,165.2,262.81,1858.59,False,
541,3,28/06/2013,85.14,1619.96,444.19,0.0,364.24,1954.88,False,
542,3,05/07/2013,81.59,3251.59,937.9,310.4,1452.64,1440.44,False,
543,3,12/07/2013,84.86,1362.23,645.99,34.5,255.54,2033.65,False,
544,3,19/07/2013,81.11,718.43,228.54,37.0,521.39,627.68,False,
545,3,26/07/2013,85.53,586.26,256.64,0.0,88.91,1152.08,False,
546,4,05/02/2010,43.76,0.0,0.0,0.0,0.0,0.0,False,8.623
547,4,12/02/2010,28.84,0.0,0.0,0.0,0.0,0.0,True,8.623
548,4,19/02/2010,36.45,0.0,0.0,0.0,0.0,0.0,False,8.623
549,4,26/02/2010,41.36,0.0,0.0,0.0,0.0,0.0,False,8.623
550,4,05/03/2010,43.49,0.0,0.0,0.0,0.0,0.0,False,8.623
551,4,12/03/2010,49.63,0.0,0.0,0.0,0.0,0.0,False,8.623
552,4,19/03/2010,55.19,0.0,0.0,0.0,0.0,0.0,False,8.623
553,4,26/03/2010,39.91,0.0,0.0,0.0,0.0,0.0,False,8.623
554,4,02/04/2010,48.77,0.0,0.0,0.0,0.0,0.0,False,7.896
555,4,09/04/2010,54.16,0.0,0.0,0.0,0.0,0.0,False,7.896
556,4,16/04/2010,56.23,0.0,0.0,0.0,0.0,0.0,False,7.896
557,4,23/04/2010,56.87,0.0,0.0,0.0,0.0,0.0,False,7.896
558,4,30/04/2010,53.04,0.0,0.0,0.0,0.0,0.0,False,7.896
559,4,07/05/2010,56.77,0.0,0.0,0.0,0.0,0.0,False,7.896
560,4,14/05/2010,62.35,0.0,0.0,0.0,0.0,0.0,False,7.896
561,4,21/05/2010,67.4,0.0,0.0,0.0,0.0,0.0,False,7.896
562,4,28/05/2010,67.73,0.0,0.0,0.0,0.0,0.0,False,7.896
563,4,04/06/2010,70.83,0.0,0.0,0.0,0.0,0.0,False,7.896
564,4,11/06/2010,78.45,0.0,0.0,0.0,0.0,0.0,False,7.896
565,4,18/06/2010,81.53,0.0,0.0,0.0,0.0,0.0,False,7.896
566,4,25/06/2010,81.1,0.0,0.0,0.0,0.0,0.0,False,7.896
567,4,02/07/2010,73.66,0.0,0.0,0.0,0.0,0.0,False,7.372
568,4,09/07/2010,80.35,0.0,0.0,0.0,0.0,0.0,False,7.372
569,4,16/07/2010,78.53,0.0,0.0,0.0,0.0,0.0,False,7.372
570,4,23/07/2010,79.78,0.0,0.0,0.0,0.0,0.0,False,7.372
571,4,30/07/2010,80.7,0.0,0.0,0.0,0.0,0.0,False,7.372
572,4,06/08/2010,76.53,0.0,0.0,0.0,0.0,0.0,False,7.372
573,4,13/08/2010,78.08,0.0,0.0,0.0,0.0,0.0,False,7.372
574,4,20/08/2010,78.83,0.0,0.0,0.0,0.0,0.0,False,7.372
575,4,27/08/2010,74.44,0.0,0.0,0.0,0.0,0.0,False,7.372
576,4,03/09/2010,76.8,0.0,0.0,0.0,0.0,0.0,False,7.372
577,4,10/09/2010,73.54,0.0,0.0,0.0,0.0,0.0,True,7.372
578,4,17/09/2010,64.91,0.0,0.0,0.0,0.0,0.0,False,7.372
579,4,24/09/2010,60.96,0.0,0.0,0.0,0.0,0.0,False,7.372
580,4,01/10/2010,63.96,0.0,0.0,0.0,0.0,0.0,False,7.127
581,4,08/10/2010,67.73,0.0,0.0,0.0,0.0,0.0,False,7.127
582,4,15/10/2010,62.03,0.0,0.0,0.0,0.0,0.0,False,7.127
583,4,22/10/2010,64.17,0.0,0.0,0.0,0.0,0.0,False,7.127
584,4,29/10/2010,56.94,0.0,0.0,0.0,0.0,0.0,False,7.127
585,4,05/11/2010,51.6,0.0,0.0,0.0,0.0,0.0,False,7.127
586,4,12/11/2010,52.65,0.0,0.0,0.0,0.0,0.0,False,7.127
587,4,19/11/2010,48.05,0.0,0.0,0.0,0.0,0.0,False,7.127
588,4,26/11/2010,48.08,0.0,0.0,0.0,0.0,0.0,True,7.127
589,4,03/12/2010,46.4,0.0,0.0,0.0,0.0,0.0,False,7.127
590,4,10/12/2010,42.4,0.0,0.0,0.0,0.0,0.0,False,7.127
591,4,17/12/2010,46.57,0.0,0.0,0.0,0.0,0.0,False,7.127
592,4,24/12/2010,43.21,0.0,0.0,0.0,0.0,0.0,False,7.127
593,4,31/12/2010,38.09,0.0,0.0,0.0,0.0,0.0,True,7.127
594,4,07/01/2011,39.34,0.0,0.0,0.0,0.0,0.0,False,6.51
595,4,14/01/2011,31.6,0.0,0.0,0.0,0.0,0.0,False,6.51
596,4,21/01/2011,38.34,0.0,0.0,0.0,0.0,0.0,False,6.51
597,4,28/01/2011,40.6,0.0,0.0,0.0,0.0,0.0,False,6.51
598,4,04/02/2011,34.61,0.0,0.0,0.0,0.0,0.0,False,6.51
599,4,11/02/2011,33.29,0.0,0.0,0.0,0.0,0.0,True,6.51
600,4,18/02/2011,48.17,0.0,0.0,0.0,0.0,0.0,False,6.51
601,4,25/02/2011,49.0,0.0,0.0,0.0,0.0,0.0,False,6.51
602,4,04/03/2011,46.56,0.0,0.0,0.0,0.0,0.0,False,6.51
603,4,11/03/2011,50.93,0.0,0.0,0.0,0.0,0.0,False,6.51
604,4,18/03/2011,51.86,0.0,0.0,0.0,0.0,0.0,False,6.51
605,4,25/03/2011,59.1,0.0,0.0,0.0,0.0,0.0,False,6.51
606,4,01/04/2011,56.99,0.0,0.0,0.0,0.0,0.0,False,5.946
607,4,08/04/2011,62.61,0.0,0.0,0.0,0.0,0.0,False,5.946
608,4,15/04/2011,62.34,0.0,0.0,0.0,0.0,0.0,False,5.946
609,4,22/04/2011,68.8,0.0,0.0,0.0,0.0,0.0,False,5.946
610,4,29/04/2011,64.22,0.0,0.0,0.0,0.0,0.0,False,5.946
611,4,06/05/2011,63.41,0.0,0.0,0.0,0.0,0.0,False,5.946
612,4,13/05/2011,70.65,0.0,0.0,0.0,0.0,0.0,False,5.946
613,4,20/05/2011,70.49,0.0,0.0,0.0,0.0,0.0,False,5.946
614,4,27/05/2011,73.65,0.0,0.0,0.0,0.0,0.0,False,5.946
615,4,03/06/2011,78.26,0.0,0.0,0.0,0.0,0.0,False,5.946
616,4,10/06/2011,80.05,0.0,0.0,0.0,0.0,0.0,False,5.946
617,4,17/06/2011,83.51,0.0,0.0,0.0,0.0,0.0,False,5.946
618,4,24/06/2011,81.85,0.0,0.0,0.0,0.0,0.0,False,5.946
619,4,01/07/2011,84.54,0.0,0.0,0.0,0.0,0.0,False,5.644
620,4,08/07/2011,84.59,0.0,0.0,0.0,0.0,0.0,False,5.644
621,4,15/07/2011,83.27,0.0,0.0,0.0,0.0,0.0,False,5.644
622,4,22/07/2011,82.84,0.0,0.0,0.0,0.0,0.0,False,5.644
623,4,29/07/2011,84.36,0.0,0.0,0.0,0.0,0.0,False,5.644
624,4,05/08/2011,86.09,0.0,0.0,0.0,0.0,0.0,False,5.644
625,4,12/08/2011,82.98,0.0,0.0,0.0,0.0,0.0,False,5.644
626,4,19/08/2011,82.77,0.0,0.0,0.0,0.0,0.0,False,5.644
627,4,26/08/2011,81.47,0.0,0.0,0.0,0.0,0.0,False,5.644
628,4,02/09/2011,77.99,0.0,0.0,0.0,0.0,0.0,False,5.644
629,4,09/09/2011,73.34,0.0,0.0,0.0,0.0,0.0,True,5.644
630,4,16/09/2011,72.76,0.0,0.0,0.0,0.0,0.0,False,5.644
631,4,23/09/2011,69.23,0.0,0.0,0.0,0.0,0.0,False,5.644
632,4,30/09/2011,72.15,0.0,0.0,0.0,0.0,0.0,False,5.644
633,4,07/10/2011,65.79,0.0,0.0,0.0,0.0,0.0,False,5.143
634,4,14/10/2011,63.75,0.0,0.0,0.0,0.0,0.0,False,5.143
635,4,21/10/2011,64.79,0.0,0.0,0.0,0.0,0.0,False,5.143
636,4,28/10/2011,55.31,0.0,0.0,0.0,0.0,0.0,False,5.143
637,4,04/11/2011,49.86,0.0,0.0,0.0,0.0,0.0,False,5.143
638,4,11/11/2011,47.12,12851.52,16658.47,430.13,5630.01,9213.39,False,5.143
639,4,18/11/2011,50.44,4539.94,840.56,372.9,613.96,5358.13,False,5.143
640,4,25/11/2011,47.96,561.45,137.88,83340.33,44.04,9239.23,True,5.143
641,4,02/12/2011,38.71,9762.39,160.94,2260.29,4767.86,28604.2,False,5.143
642,4,09/12/2011,31.64,5857.72,30.0,984.98,4692.5,13503.99,False,5.143
643,4,16/12/2011,36.44,2756.67,72.3,1790.15,777.65,10261.95,False,5.143
644,4,23/12/2011,35.92,2461.94,69.05,2938.24,52.0,4396.76,False,5.143
645,4,30/12/2011,36.89,3496.13,72413.71,399.77,776.26,5012.53,True,5.143
646,4,06/01/2012,38.64,7857.71,38677.72,234.0,863.22,8682.95,False,4.607
647,4,13/01/2012,34.41,3666.28,14553.37,76.37,820.37,5955.28,False,4.607
648,4,20/01/2012,42.09,2109.41,7040.02,44.16,918.36,1116.83,False,4.607
649,4,27/01/2012,40.31,1346.06,3740.12,46.16,445.47,2451.89,False,4.607
650,4,03/02/2012,41.81,50820.76,4033.29,285.11,48086.64,7456.15,False,4.607
651,4,10/02/2012,33.0,11374.63,7208.51,118.37,12869.78,10618.93,True,4.607
652,4,17/02/2012,34.19,14225.99,11049.65,17.36,11912.49,7565.99,False,4.607
653,4,24/02/2012,41.31,9777.71,4703.88,5.4,1179.72,9352.14,False,4.607
654,4,02/03/2012,50.38,18564.88,1394.86,32.93,10714.6,3592.82,False,4.607
655,4,09/03/2012,53.63,8779.57,602.02,8.53,1103.64,9464.98,False,4.607
656,4,16/03/2012,59.81,5669.21,37.12,0.0,8540.87,2544.94,False,4.607
657,4,23/03/2012,59.07,8806.8,-10.5,5.99,739.14,4396.97,False,4.607
658,4,30/03/2012,72.63,2565.8,442.52,6.5,487.66,4076.68,False,4.607
659,4,06/04/2012,67.69,11341.17,0.0,73.38,5677.89,7821.95,False,4.308
660,4,13/04/2012,68.69,12506.74,5941.43,30.84,3915.29,4392.95,False,4.308
661,4,20/04/2012,68.6,2774.39,4279.41,43.43,2409.97,4544.22,False,4.308
662,4,27/04/2012,76.47,3993.66,97.77,26.68,113.37,3947.45,False,4.308
663,4,04/05/2012,80.14,13737.91,0.0,93.65,6993.97,4541.89,False,4.308
664,4,11/05/2012,67.64,20499.88,86.0,103.05,5005.96,3815.16,False,4.308
665,4,18/05/2012,68.43,6531.12,0.0,99.91,2290.18,2521.84,False,4.308
666,4,25/05/2012,77.47,4330.02,436.0,862.31,3268.41,3749.53,False,4.308
667,4,01/06/2012,77.41,10165.22,8.6,47.93,2676.33,4896.34,False,4.308
668,4,08/06/2012,78.11,7429.46,249.8,7.86,4235.27,9690.55,False,4.308
669,4,15/06/2012,80.94,16063.84,84.0,0.22,2105.39,6113.16,False,4.308
670,4,22/06/2012,81.63,6619.2,351.22,3.48,5390.02,10920.89,False,4.308
671,4,29/06/2012,84.23,3756.11,211.6,0.0,2114.26,6371.15,False,4.308
672,4,06/07/2012,80.37,9789.03,90.0,157.62,10671.47,3864.91,False,4.077
673,4,13/07/2012,76.86,11075.38,151.0,17.27,3810.25,4766.88,False,4.077
674,4,20/07/2012,79.14,4799.23,47.55,30.56,634.78,4648.91,False,4.077
675,4,27/07/2012,81.06,7011.68,68.7,4.26,13565.83,3841.61,False,4.077
676,4,03/08/2012,83.86,29127.2,42.27,58.34,22663.73,10925.99,False,4.077
677,4,10/08/2012,83.21,16996.42,36.6,60.94,4777.2,3937.09,False,4.077
678,4,17/08/2012,81.41,2531.63,15.04,5.54,1269.13,3528.9,False,4.077
679,4,24/08/2012,75.76,9983.59,0.0,23.4,8115.89,7158.66,False,4.077
680,4,31/08/2012,76.47,19617.58,1.02,68.29,7187.73,6428.12,False,4.077
681,4,07/09/2012,82.09,9082.61,16.0,59.06,7217.88,8026.47,True,4.077
682,4,14/09/2012,68.2,13802.34,0.0,23.12,3643.77,12517.18,False,4.077
683,4,21/09/2012,68.97,11214.89,5.73,16.84,6376.86,4417.13,False,4.077
684,4,28/09/2012,71.74,5333.92,5.73,2.94,1931.02,9753.37,False,4.077
685,4,05/10/2012,63.07,5918.34,0.0,126.57,3674.49,6807.07,False,3.879
686,4,12/10/2012,57.11,4975.39,0.0,61.17,1513.17,5905.53,False,3.879
687,4,19/10/2012,64.46,6313.84,0.0,15.05,2421.08,5885.12,False,3.879
688,4,26/10/2012,63.64,1763.13,88.76,66.76,0.0,7577.14,False,3.879
689,4,02/11/2012,53.31,3717.8,7665.66,23.0,190.24,1586.46,False,3.879
690,4,09/11/2012,59.47,28299.04,6412.64,73.18,9912.23,7259.32,False,3.879
691,4,16/11/2012,49.86,14400.63,409.67,205.09,1497.33,7862.4,False,3.879
692,4,23/11/2012,55.09,3365.61,6.93,93310.3,497.28,3938.54,True,3.879
693,4,30/11/2012,50.91,4642.37,0.0,5146.88,243.5,9819.68,False,3.879
694,4,07/12/2012,53.67,10755.57,0.0,822.0,2966.0,22677.91,False,3.879
695,4,14/12/2012,42.57,3409.42,0.0,180.0,764.25,4930.05,False,3.879
696,4,21/12/2012,44.8,3564.6,137.92,118.28,21.32,1239.78,False,3.879
697,4,28/12/2012,37.93,7712.77,50636.71,347.0,6.24,862.39,True,3.879
698,4,04/01/2013,33.11,9471.27,42065.3,56.17,0.0,4980.46,False,3.921
699,4,11/01/2013,38.92,4749.65,23457.11,4.22,522.96,3743.86,False,3.921
700,4,18/01/2013,34.06,5219.94,3758.9,12.1,23.97,2112.04,False,3.921
701,4,25/01/2013,47.49,15302.22,1652.63,0.3,1257.32,1547.68,False,3.921
702,4,01/02/2013,49.07,27134.98,861.18,870.2,29210.08,1663.48,False,3.921
703,4,08/02/2013,49.86,56705.09,564.98,521.82,45331.3,7730.26,True,3.921
704,4,15/02/2013,44.7,41326.97,10303.91,630.8,17516.52,3782.94,False,3.921
705,4,22/02/2013,44.68,15128.45,10149.27,31.4,6451.6,4875.84,False,3.921
706,4,01/03/2013,42.56,27132.59,762.39,3.2,1621.99,3526.18,False,3.921
707,4,08/03/2013,53.21,23306.04,779.6,164.42,12389.6,9316.71,False,3.921
708,4,15/03/2013,53.39,9361.09,0.0,28.59,3602.71,2161.72,False,3.921
709,4,22/03/2013,58.55,17721.81,0.0,513.5,4370.01,3365.76,False,3.921
710,4,29/03/2013,50.36,3949.07,0.0,489.46,182.0,7265.39,False,3.921
711,4,05/04/2013,57.7,8031.33,12906.43,641.98,4801.53,2723.41,False,3.896
712,4,12/04/2013,60.06,7876.11,1269.44,201.06,2776.58,7702.91,False,3.896
713,4,19/04/2013,63.28,3578.12,96.18,183.6,358.15,2039.26,False,3.896
714,4,26/04/2013,58.15,3087.47,0.0,199.38,82.48,3223.06,False,3.896
715,4,03/05/2013,64.18,13789.79,14.0,218.21,7299.53,8146.91,False,
716,4,10/05/2013,64.01,10686.88,388.94,118.4,4406.85,6098.37,False,
717,4,17/05/2013,70.5,12026.21,272.94,23.04,2030.97,8818.06,False,
718,4,24/05/2013,76.73,3560.92,144.06,723.61,3657.09,9179.04,False,
719,4,31/05/2013,79.17,2536.65,443.94,483.9,28.76,4652.59,False,
720,4,07/06/2013,78.11,14278.29,529.53,566.96,11824.87,6092.91,False,
721,4,14/06/2013,79.24,14141.85,760.84,1125.14,4775.63,8842.0,False,
722,4,21/06/2013,79.1,3423.81,176.93,457.43,7953.47,5443.06,False,
723,4,28/06/2013,86.29,6723.27,358.37,3.0,3450.8,7483.44,False,
724,4,05/07/2013,76.96,17126.22,933.43,1334.16,14191.01,5201.38,False,
725,4,12/07/2013,82.3,6501.43,1464.81,124.97,3809.96,3868.6,False,
726,4,19/07/2013,73.29,4191.78,440.36,173.66,534.56,2252.18,False,
727,4,26/07/2013,78.96,1577.6,687.89,9.6,314.64,1433.77,False,
728,5,05/02/2010,39.7,0.0,0.0,0.0,0.0,0.0,False,6.566
729,5,12/02/2010,39.81,0.0,0.0,0.0,0.0,0.0,True,6.566
730,5,19/02/2010,41.14,0.0,0.0,0.0,0.0,0.0,False,6.566
731,5,26/02/2010,46.7,0.0,0.0,0.0,0.0,0.0,False,6.566
732,5,05/03/2010,48.89,0.0,0.0,0.0,0.0,0.0,False,6.566
733,5,12/03/2010,58.5,0.0,0.0,0.0,0.0,0.0,False,6.566
734,5,19/03/2010,55.46,0.0,0.0,0.0,0.0,0.0,False,6.566
735,5,26/03/2010,52.47,0.0,0.0,0.0,0.0,0.0,False,6.566
736,5,02/04/2010,63.18,0.0,0.0,0.0,0.0,0.0,False,6.465
737,5,09/04/2010,65.19,0.0,0.0,0.0,0.0,0.0,False,6.465
738,5,16/04/2010,65.3,0.0,0.0,0.0,0.0,0.0,False,6.465
739,5,23/04/2010,65.13,0.0,0.0,0.0,0.0,0.0,False,6.465
740,5,30/04/2010,67.53,0.0,0.0,0.0,0.0,0.0,False,6.465
741,5,07/05/2010,71.53,0.0,0.0,0.0,0.0,0.0,False,6.465
742,5,14/05/2010,74.79,0.0,0.0,0.0,0.0,0.0,False,6.465
743,5,21/05/2010,75.2,0.0,0.0,0.0,0.0,0.0,False,6.465
744,5,28/05/2010,79.81,0.0,0.0,0.0,0.0,0.0,False,6.465
745,5,04/06/2010,79.54,0.0,0.0,0.0,0.0,0.0,False,6.465
746,5,11/06/2010,80.7,0.0,0.0,0.0,0.0,0.0,False,6.465
747,5,18/06/2010,83.91,0.0,0.0,0.0,0.0,0.0,False,6.465
748,5,25/06/2010,83.72,0.0,0.0,0.0,0.0,0.0,False,6.465
749,5,02/07/2010,81.25,0.0,0.0,0.0,0.0,0.0,False,6.496
750,5,09/07/2010,81.14,0.0,0.0,0.0,0.0,0.0,False,6.496
751,5,16/07/2010,83.98,0.0,0.0,0.0,0.0,0.0,False,6.496
752,5,23/07/2010,83.66,0.0,0.0,0.0,0.0,0.0,False,6.496
753,5,30/07/2010,82.46,0.0,0.0,0.0,0.0,0.0,False,6.496
754,5,06/08/2010,86.1,0.0,0.0,0.0,0.0,0.0,False,6.496
755,5,13/08/2010,87.41,0.0,0.0,0.0,0.0,0.0,False,6.496
756,5,20/08/2010,87.71,0.0,0.0,0.0,0.0,0.0,False,6.496
757,5,27/08/2010,87.05,0.0,0.0,0.0,0.0,0.0,False,6.496
758,5,03/09/2010,84.06,0.0,0.0,0.0,0.0,0.0,False,6.496
759,5,10/09/2010,79.86,0.0,0.0,0.0,0.0,0.0,True,6.496
760,5,17/09/2010,82.28,0.0,0.0,0.0,0.0,0.0,False,6.496
761,5,24/09/2010,78.53,0.0,0.0,0.0,0.0,0.0,False,6.496
762,5,01/10/2010,71.1,0.0,0.0,0.0,0.0,0.0,False,6.768
763,5,08/10/2010,64.99,0.0,0.0,0.0,0.0,0.0,False,6.768
764,5,15/10/2010,68.11,0.0,0.0,0.0,0.0,0.0,False,6.768
765,5,22/10/2010,70.96,0.0,0.0,0.0,0.0,0.0,False,6.768
766,5,29/10/2010,70.58,0.0,0.0,0.0,0.0,0.0,False,6.768
767,5,05/11/2010,58.88,0.0,0.0,0.0,0.0,0.0,False,6.768
768,5,12/11/2010,62.37,0.0,0.0,0.0,0.0,0.0,False,6.768
769,5,19/11/2010,52.52,0.0,0.0,0.0,0.0,0.0,False,6.768
770,5,26/11/2010,66.15,0.0,0.0,0.0,0.0,0.0,True,6.768
771,5,03/12/2010,51.31,0.0,0.0,0.0,0.0,0.0,False,6.768
772,5,10/12/2010,48.27,0.0,0.0,0.0,0.0,0.0,False,6.768
773,5,17/12/2010,51.61,0.0,0.0,0.0,0.0,0.0,False,6.768
774,5,24/12/2010,55.01,0.0,0.0,0.0,0.0,0.0,False,6.768
775,5,31/12/2010,49.79,0.0,0.0,0.0,0.0,0.0,True,6.768
776,5,07/01/2011,48.3,0.0,0.0,0.0,0.0,0.0,False,6.634
777,5,14/01/2011,37.74,0.0,0.0,0.0,0.0,0.0,False,6.634
778,5,21/01/2011,45.41,0.0,0.0,0.0,0.0,0.0,False,6.634
779,5,28/01/2011,44.5,0.0,0.0,0.0,0.0,0.0,False,6.634
780,5,04/02/2011,41.67,0.0,0.0,0.0,0.0,0.0,False,6.634
781,5,11/02/2011,38.25,0.0,0.0,0.0,0.0,0.0,True,6.634
782,5,18/02/2011,58.83,0.0,0.0,0.0,0.0,0.0,False,6.634
783,5,25/02/2011,63.35,0.0,0.0,0.0,0.0,0.0,False,6.634
784,5,04/03/2011,60.35,0.0,0.0,0.0,0.0,0.0,False,6.634
785,5,11/03/2011,55.74,0.0,0.0,0.0,0.0,0.0,False,6.634
786,5,18/03/2011,64.31,0.0,0.0,0.0,0.0,0.0,False,6.634
787,5,25/03/2011,70.71,0.0,0.0,0.0,0.0,0.0,False,6.634
788,5,01/04/2011,61.5,0.0,0.0,0.0,0.0,0.0,False,6.489
789,5,08/04/2011,69.64,0.0,0.0,0.0,0.0,0.0,False,6.489
790,5,15/04/2011,72.02,0.0,0.0,0.0,0.0,0.0,False,6.489
791,5,22/04/2011,74.34,0.0,0.0,0.0,0.0,0.0,False,6.489
792,5,29/04/2011,74.75,0.0,0.0,0.0,0.0,0.0,False,6.489
793,5,06/05/2011,66.27,0.0,0.0,0.0,0.0,0.0,False,6.489
794,5,13/05/2011,77.38,0.0,0.0,0.0,0.0,0.0,False,6.489
795,5,20/05/2011,71.37,0.0,0.0,0.0,0.0,0.0,False,6.489
796,5,27/05/2011,80.14,0.0,0.0,0.0,0.0,0.0,False,6.489
797,5,03/06/2011,83.81,0.0,0.0,0.0,0.0,0.0,False,6.489
798,5,10/06/2011,83.61,0.0,0.0,0.0,0.0,0.0,False,6.489
799,5,17/06/2011,86.84,0.0,0.0,0.0,0.0,0.0,False,6.489
800,5,24/06/2011,84.76,0.0,0.0,0.0,0.0,0.0,False,6.489
801,5,01/07/2011,85.81,0.0,0.0,0.0,0.0,0.0,False,6.529
802,5,08/07/2011,86.64,0.0,0.0,0.0,0.0,0.0,False,6.529
803,5,15/07/2011,88.64,0.0,0.0,0.0,0.0,0.0,False,6.529
804,5,22/07/2011,86.97,0.0,0.0,0.0,0.0,0.0,False,6.529
805,5,29/07/2011,89.42,0.0,0.0,0.0,0.0,0.0,False,6.529
806,5,05/08/2011,91.07,0.0,0.0,0.0,0.0,0.0,False,6.529
807,5,12/08/2011,90.16,0.0,0.0,0.0,0.0,0.0,False,6.529
808,5,19/08/2011,89.35,0.0,0.0,0.0,0.0,0.0,False,6.529
809,5,26/08/2011,89.18,0.0,0.0,0.0,0.0,0.0,False,6.529
810,5,02/09/2011,90.38,0.0,0.0,0.0,0.0,0.0,False,6.529
811,5,09/09/2011,79.04,0.0,0.0,0.0,0.0,0.0,True,6.529
812,5,16/09/2011,83.55,0.0,0.0,0.0,0.0,0.0,False,6.529
813,5,23/09/2011,78.01,0.0,0.0,0.0,0.0,0.0,False,6.529
814,5,30/09/2011,81.16,0.0,0.0,0.0,0.0,0.0,False,6.529
815,5,07/10/2011,71.64,0.0,0.0,0.0,0.0,0.0,False,6.3
816,5,14/10/2011,72.36,0.0,0.0,0.0,0.0,0.0,False,6.3
817,5,21/10/2011,66.9,0.0,0.0,0.0,0.0,0.0,False,6.3
818,5,28/10/2011,69.27,0.0,0.0,0.0,0.0,0.0,False,6.3
819,5,04/11/2011,56.71,0.0,0.0,0.0,0.0,0.0,False,6.3
820,5,11/11/2011,60.71,2971.48,1943.2,60.03,757.33,1040.96,False,6.3
821,5,18/11/2011,64.33,952.21,116.11,95.01,295.13,4368.45,False,6.3
822,5,25/11/2011,61.93,107.42,7.0,29333.06,8.0,826.06,True,6.3
823,5,02/12/2011,51.14,2359.44,4.0,658.01,901.67,24751.93,False,6.3
824,5,09/12/2011,44.12,2546.5,0.0,83.07,523.27,3118.64,False,6.3
825,5,16/12/2011,54.42,802.42,0.0,78.77,319.84,1940.54,False,6.3
826,5,23/12/2011,50.33,225.21,0.15,427.57,0.0,1443.04,False,6.3
827,5,30/12/2011,45.62,1938.28,17079.76,72.93,162.33,1211.95,True,6.3
828,5,06/01/2012,50.21,4602.39,6733.6,35.03,621.64,3507.24,False,5.943
829,5,13/01/2012,48.86,3408.93,3666.32,1.71,137.88,1706.42,False,5.943
830,5,20/01/2012,54.65,761.25,2100.24,0.0,132.63,1276.75,False,5.943
831,5,27/01/2012,54.63,573.64,969.68,0.0,12.0,861.28,False,5.943
832,5,03/02/2012,57.35,23811.41,1349.62,23.82,14928.42,3186.52,False,5.943
833,5,10/02/2012,48.57,4239.28,2725.8,1.53,3682.89,3234.79,True,5.943
834,5,17/02/2012,48.25,5548.48,1958.52,1.76,2662.84,2820.38,False,5.943
835,5,24/02/2012,57.75,2220.32,1407.4,0.0,145.46,2657.52,False,5.943
836,5,02/03/2012,60.66,6172.7,123.32,1.0,3063.26,1213.59,False,5.943
837,5,09/03/2012,57.69,1842.42,51.27,2.0,109.67,5043.45,False,5.943
838,5,16/03/2012,63.55,1879.87,30.7,2.24,585.12,1765.08,False,5.943
839,5,23/03/2012,64.44,694.24,32.75,5.59,210.09,775.7,False,5.943
840,5,30/03/2012,67.76,5097.87,25.2,2.7,322.57,1790.31,False,5.943
841,5,06/04/2012,70.4,5174.35,0.0,6.48,1489.1,2264.89,False,5.801
842,5,13/04/2012,70.56,1562.33,758.49,0.0,206.0,1642.42,False,5.801
843,5,20/04/2012,67.33,1197.53,225.78,3.0,247.94,1499.51,False,5.801
844,5,27/04/2012,68.96,1127.44,0.0,5.05,33.35,2598.67,False,5.801
845,5,04/05/2012,77.1,6396.61,0.0,83.63,1183.64,2813.83,False,5.801
846,5,11/05/2012,73.45,4668.2,0.0,42.75,709.19,1740.42,False,5.801
847,5,18/05/2012,70.45,2639.05,0.0,65.34,243.73,2119.63,False,5.801
848,5,25/05/2012,78.23,3784.86,0.0,431.99,225.2,2239.68,False,5.801
849,5,01/06/2012,79.72,2840.78,0.0,41.58,393.41,2114.0,False,5.801
850,5,08/06/2012,81.02,4488.47,0.0,0.24,231.16,1246.89,False,5.801
851,5,15/06/2012,81.64,1911.02,0.95,0.04,570.11,1828.62,False,5.801
852,5,22/06/2012,80.57,2046.93,8.8,0.0,677.36,2762.83,False,5.801
853,5,29/06/2012,87.08,1053.25,12.75,0.0,113.8,1300.11,False,5.801
854,5,06/07/2012,82.35,2592.37,2.65,52.06,914.36,2768.98,False,5.603
855,5,13/07/2012,80.78,1471.06,1.0,12.0,889.18,798.44,False,5.603
856,5,20/07/2012,81.05,964.82,13.48,3.39,278.93,1050.13,False,5.603
857,5,27/07/2012,85.06,2696.67,7.75,0.36,3104.68,2152.23,False,5.603
858,5,03/08/2012,86.91,7365.26,14.48,0.7,3640.7,2517.31,False,5.603
859,5,10/08/2012,86.96,3261.56,15.0,0.5,1687.13,2102.31,False,5.603
860,5,17/08/2012,87.52,1649.56,-10.98,2.31,1955.75,1205.23,False,5.603
861,5,24/08/2012,79.45,1985.37,68.0,4.54,627.6,1355.17,False,5.603
862,5,31/08/2012,84.25,5211.69,49.0,13.0,2799.14,2740.48,False,5.603
863,5,07/09/2012,86.3,2797.26,1.9,9.61,968.75,2069.3,True,5.603
864,5,14/09/2012,76.65,2027.18,4.0,4.55,1354.97,3535.01,False,5.603
865,5,21/09/2012,71.09,3033.26,5.73,1.1,83.82,4579.05,False,5.603
866,5,28/09/2012,78.33,1279.39,0.0,0.55,425.98,1492.6,False,5.603
867,5,05/10/2012,71.17,2048.94,0.0,6.02,1121.58,2070.87,False,5.422
868,5,12/10/2012,66.24,1355.87,0.0,4.0,453.98,3562.36,False,5.422
869,5,19/10/2012,69.17,908.91,0.0,0.0,0.0,709.95,False,5.422
870,5,26/10/2012,71.7,1547.61,1.74,0.0,133.31,598.74,False,5.422
871,5,02/11/2012,57.83,3526.61,1163.63,2.31,514.05,1555.5,False,5.422
872,5,09/11/2012,64.61,2548.02,2037.54,1.95,303.93,1595.16,False,5.422
873,5,16/11/2012,56.89,1631.01,-35.74,15.46,326.59,2310.83,False,5.422
874,5,23/11/2012,59.07,310.95,0.0,43319.43,46.61,372.22,True,5.422
875,5,30/11/2012,56.2,2077.6,0.0,2752.82,8.82,3349.59,False,5.422
876,5,07/12/2012,66.13,2472.7,0.0,68.0,105.14,2359.84,False,5.422
877,5,14/12/2012,52.44,4007.5,0.0,0.49,4.97,1108.47,False,5.422
878,5,21/12/2012,58.63,1344.9,0.0,15.0,0.0,911.84,False,5.422
879,5,28/12/2012,47.47,6052.63,13017.25,60.81,72.8,3503.26,True,5.422
880,5,04/01/2013,41.77,878.13,10409.38,0.0,0.0,1390.98,False,5.494
881,5,11/01/2013,49.5,2372.65,4414.85,1.04,37.36,1191.29,False,5.494
882,5,18/01/2013,45.08,2752.63,1329.85,1.14,600.58,1769.01,False,5.494
883,5,25/01/2013,57.05,1156.2,355.57,0.0,54.2,808.87,False,5.494
884,5,01/02/2013,58.99,4697.68,637.17,30.0,5803.02,970.8,False,5.494
885,5,08/02/2013,59.05,21533.52,271.06,80.55,10897.89,4109.09,True,5.494
886,5,15/02/2013,53.09,3763.73,742.56,0.0,1112.05,4380.83,False,5.494
887,5,22/02/2013,54.1,3229.38,166.06,0.0,7.38,1731.25,False,5.494
888,5,01/03/2013,49.47,3090.32,25.23,0.0,18.75,4117.85,False,5.494
889,5,08/03/2013,53.16,6476.98,41.8,2.0,1334.42,3081.47,False,5.494
890,5,15/03/2013,58.01,2889.92,0.0,1.0,412.01,1122.0,False,5.494
891,5,22/03/2013,65.96,2722.96,0.0,239.0,282.76,1476.38,False,5.494
892,5,29/03/2013,53.25,3189.78,0.0,167.64,23.38,1637.87,False,5.494
893,5,05/04/2013,61.88,9023.29,927.32,170.24,405.3,-185.17,False,5.278
894,5,12/04/2013,62.36,1352.02,376.67,7.6,184.54,1703.57,False,5.278
895,5,19/04/2013,67.43,884.75,0.0,34.2,21.11,895.18,False,5.278
896,5,26/04/2013,60.44,222.75,0.0,28.0,12.41,524.75,False,5.278
897,5,03/05/2013,67.55,2933.78,5.0,25.5,773.23,1252.0,False,
898,5,10/05/2013,65.52,1023.4,192.0,11.5,107.83,2743.05,False,
899,5,17/05/2013,71.38,3993.06,111.0,0.0,290.94,2145.91,False,
900,5,24/05/2013,77.84,1717.87,55.0,365.88,517.77,1281.43,False,
901,5,31/05/2013,78.26,2062.59,48.0,144.73,0.0,796.61,False,
902,5,07/06/2013,78.4,4459.39,34.03,46.17,2003.25,1993.02,False,
903,5,14/06/2013,80.76,623.45,25.93,111.81,596.15,951.43,False,
904,5,21/06/2013,83.85,1522.62,23.42,69.96,411.46,2674.62,False,
905,5,28/06/2013,86.09,1440.24,94.84,1.5,428.8,1431.38,False,
906,5,05/07/2013,82.06,2254.18,203.04,469.36,1970.46,616.95,False,
907,5,12/07/2013,85.75,1621.68,62.35,15.8,561.83,1684.25,False,
908,5,19/07/2013,79.73,744.92,64.71,13.25,188.4,2151.64,False,
909,5,26/07/2013,84.16,131.42,35.39,0.09,0.0,948.51,False,
910,6,05/02/2010,40.43,0.0,0.0,0.0,0.0,0.0,False,7.259
911,6,12/02/2010,40.57,0.0,0.0,0.0,0.0,0.0,True,7.259
912,6,19/02/2010,43.58,0.0,0.0,0.0,0.0,0.0,False,7.259
913,6,26/02/2010,47.1,0.0,0.0,0.0,0.0,0.0,False,7.259
914,6,05/03/2010,49.63,0.0,0.0,0.0,0.0,0.0,False,7.259
915,6,12/03/2010,58.82,0.0,0.0,0.0,0.0,0.0,False,7.259
916,6,19/03/2010,56.55,0.0,0.0,0.0,0.0,0.0,False,7.259
917,6,26/03/2010,53.74,0.0,0.0,0.0,0.0,0.0,False,7.259
918,6,02/04/2010,64.94,0.0,0.0,0.0,0.0,0.0,False,7.092
919,6,09/04/2010,66.15,0.0,0.0,0.0,0.0,0.0,False,7.092
920,6,16/04/2010,65.68,0.0,0.0,0.0,0.0,0.0,False,7.092
921,6,23/04/2010,64.11,0.0,0.0,0.0,0.0,0.0,False,7.092
922,6,30/04/2010,68.91,0.0,0.0,0.0,0.0,0.0,False,7.092
923,6,07/05/2010,73.68,0.0,0.0,0.0,0.0,0.0,False,7.092
924,6,14/05/2010,74.95,0.0,0.0,0.0,0.0,0.0,False,7.092
925,6,21/05/2010,74.8,0.0,0.0,0.0,0.0,0.0,False,7.092
926,6,28/05/2010,78.89,0.0,0.0,0.0,0.0,0.0,False,7.092
927,6,04/06/2010,79.44,0.0,0.0,0.0,0.0,0.0,False,7.092
928,6,11/06/2010,81.81,0.0,0.0,0.0,0.0,0.0,False,7.092
929,6,18/06/2010,83.89,0.0,0.0,0.0,0.0,0.0,False,7.092
930,6,25/06/2010,84.2,0.0,0.0,0.0,0.0,0.0,False,7.092
931,6,02/07/2010,80.34,0.0,0.0,0.0,0.0,0.0,False,6.973
932,6,09/07/2010,80.93,0.0,0.0,0.0,0.0,0.0,False,6.973
933,6,16/07/2010,83.75,0.0,0.0,0.0,0.0,0.0,False,6.973
934,6,23/07/2010,83.9,0.0,0.0,0.0,0.0,0.0,False,6.973
935,6,30/07/2010,81.37,0.0,0.0,0.0,0.0,0.0,False,6.973
936,6,06/08/2010,86.61,0.0,0.0,0.0,0.0,0.0,False,6.973
937,6,13/08/2010,86.83,0.0,0.0,0.0,0.0,0.0,False,6.973
938,6,20/08/2010,87.36,0.0,0.0,0.0,0.0,0.0,False,6.973
939,6,27/08/2010,85.71,0.0,0.0,0.0,0.0,0.0,False,6.973
940,6,03/09/2010,82.15,0.0,0.0,0.0,0.0,0.0,False,6.973
941,6,10/09/2010,78.78,0.0,0.0,0.0,0.0,0.0,True,6.973
942,6,17/09/2010,81.78,0.0,0.0,0.0,0.0,0.0,False,6.973
943,6,24/09/2010,76.49,0.0,0.0,0.0,0.0,0.0,False,6.973
944,6,01/10/2010,70.69,0.0,0.0,0.0,0.0,0.0,False,7.007
945,6,08/10/2010,65.21,0.0,0.0,0.0,0.0,0.0,False,7.007
946,6,15/10/2010,68.93,0.0,0.0,0.0,0.0,0.0,False,7.007
947,6,22/10/2010,70.97,0.0,0.0,0.0,0.0,0.0,False,7.007
948,6,29/10/2010,70.39,0.0,0.0,0.0,0.0,0.0,False,7.007
949,6,05/11/2010,59.9,0.0,0.0,0.0,0.0,0.0,False,7.007
950,6,12/11/2010,62.11,0.0,0.0,0.0,0.0,0.0,False,7.007
951,6,19/11/2010,52.99,0.0,0.0,0.0,0.0,0.0,False,7.007
952,6,26/11/2010,65.79,0.0,0.0,0.0,0.0,0.0,True,7.007
953,6,03/12/2010,52.3,0.0,0.0,0.0,0.0,0.0,False,7.007
954,6,10/12/2010,48.46,0.0,0.0,0.0,0.0,0.0,False,7.007
955,6,17/12/2010,52.24,0.0,0.0,0.0,0.0,0.0,False,7.007
956,6,24/12/2010,55.07,0.0,0.0,0.0,0.0,0.0,False,7.007
957,6,31/12/2010,49.14,0.0,0.0,0.0,0.0,0.0,True,7.007
958,6,07/01/2011,47.78,0.0,0.0,0.0,0.0,0.0,False,6.858
959,6,14/01/2011,38.37,0.0,0.0,0.0,0.0,0.0,False,6.858
960,6,21/01/2011,46.2,0.0,0.0,0.0,0.0,0.0,False,6.858
961,6,28/01/2011,44.98,0.0,0.0,0.0,0.0,0.0,False,6.858
962,6,04/02/2011,40.59,0.0,0.0,0.0,0.0,0.0,False,6.858
963,6,11/02/2011,39.38,0.0,0.0,0.0,0.0,0.0,True,6.858
964,6,18/02/2011,59.61,0.0,0.0,0.0,0.0,0.0,False,6.858
965,6,25/02/2011,62.86,0.0,0.0,0.0,0.0,0.0,False,6.858
966,6,04/03/2011,60.45,0.0,0.0,0.0,0.0,0.0,False,6.858
967,6,11/03/2011,57.71,0.0,0.0,0.0,0.0,0.0,False,6.858
968,6,18/03/2011,65.07,0.0,0.0,0.0,0.0,0.0,False,6.858
969,6,25/03/2011,70.83,0.0,0.0,0.0,0.0,0.0,False,6.858
970,6,01/04/2011,62.25,0.0,0.0,0.0,0.0,0.0,False,6.855
971,6,08/04/2011,70.35,0.0,0.0,0.0,0.0,0.0,False,6.855
972,6,15/04/2011,73.17,0.0,0.0,0.0,0.0,0.0,False,6.855
973,6,22/04/2011,74.24,0.0,0.0,0.0,0.0,0.0,False,6.855
974,6,29/04/2011,75.27,0.0,0.0,0.0,0.0,0.0,False,6.855
975,6,06/05/2011,65.42,0.0,0.0,0.0,0.0,0.0,False,6.855
976,6,13/05/2011,76.95,0.0,0.0,0.0,0.0,0.0,False,6.855
977,6,20/05/2011,72.01,0.0,0.0,0.0,0.0,0.0,False,6.855
978,6,27/05/2011,80.83,0.0,0.0,0.0,0.0,0.0,False,6.855
979,6,03/06/2011,84.01,0.0,0.0,0.0,0.0,0.0,False,6.855
980,6,10/06/2011,84.49,0.0,0.0,0.0,0.0,0.0,False,6.855
981,6,17/06/2011,87.08,0.0,0.0,0.0,0.0,0.0,False,6.855
982,6,24/06/2011,85.51,0.0,0.0,0.0,0.0,0.0,False,6.855
983,6,01/07/2011,87.0,0.0,0.0,0.0,0.0,0.0,False,6.925
984,6,08/07/2011,88.36,0.0,0.0,0.0,0.0,0.0,False,6.925
985,6,15/07/2011,88.93,0.0,0.0,0.0,0.0,0.0,False,6.925
986,6,22/07/2011,88.06,0.0,0.0,0.0,0.0,0.0,False,6.925
987,6,29/07/2011,90.22,0.0,0.0,0.0,0.0,0.0,False,6.925
988,6,05/08/2011,91.46,0.0,0.0,0.0,0.0,0.0,False,6.925
989,6,12/08/2011,90.49,0.0,0.0,0.0,0.0,0.0,False,6.925
990,6,19/08/2011,89.26,0.0,0.0,0.0,0.0,0.0,False,6.925
991,6,26/08/2011,90.07,0.0,0.0,0.0,0.0,0.0,False,6.925
992,6,02/09/2011,91.22,0.0,0.0,0.0,0.0,0.0,False,6.925
993,6,09/09/2011,80.21,0.0,0.0,0.0,0.0,0.0,True,6.925
994,6,16/09/2011,84.94,0.0,0.0,0.0,0.0,0.0,False,6.925
995,6,23/09/2011,78.49,0.0,0.0,0.0,0.0,0.0,False,6.925
996,6,30/09/2011,82.51,0.0,0.0,0.0,0.0,0.0,False,6.925
997,6,07/10/2011,74.1,0.0,0.0,0.0,0.0,0.0,False,6.551
998,6,14/10/2011,71.24,0.0,0.0,0.0,0.0,0.0,False,6.551
999,6,21/10/2011,68.53,0.0,0.0,0.0,0.0,0.0,False,6.551
1000,6,28/10/2011,69.51,0.0,0.0,0.0,0.0,0.0,False,6.551
1001,6,04/11/2011,58.54,0.0,0.0,0.0,0.0,0.0,False,6.551
1002,6,11/11/2011,61.33,12590.41,2173.66,123.2,3108.55,5416.96,False,6.551
1003,6,18/11/2011,63.89,4649.8,304.36,205.38,687.88,7949.26,False,6.551
1004,6,25/11/2011,62.78,429.03,171.88,83192.81,15.0,986.23,True,6.551
1005,6,02/12/2011,51.18,6264.18,74.94,2885.14,3904.82,27272.53,False,6.551
1006,6,09/12/2011,43.64,5473.33,42.0,282.45,4436.51,11311.24,False,6.551
1007,6,16/12/2011,53.27,7070.01,27.0,603.98,508.56,4788.85,False,6.551
1008,6,23/12/2011,49.45,2143.54,55.54,1417.2,23.41,5336.5,False,6.551
1009,6,30/12/2011,46.8,6098.54,82881.16,326.68,814.58,2728.99,True,6.551
1010,6,06/01/2012,50.82,3220.17,32056.43,108.24,985.76,6650.63,False,6.132
1011,6,13/01/2012,48.33,4779.48,11967.81,65.72,575.13,4512.18,False,6.132
1012,6,20/01/2012,55.37,3413.91,1540.99,33.02,449.06,6587.63,False,6.132
1013,6,27/01/2012,53.95,1510.59,630.92,37.1,17.0,2641.9,False,6.132
1014,6,03/02/2012,57.45,36848.38,1772.68,161.55,28199.34,7151.33,False,6.132
1015,6,10/02/2012,48.58,12635.19,5694.76,68.45,8976.17,6779.43,True,6.132
1016,6,17/02/2012,49.03,13182.32,15299.89,12.82,6129.29,7603.05,False,6.132
1017,6,24/02/2012,59.17,9198.08,8878.31,10.6,642.13,5539.68,False,6.132
1018,6,02/03/2012,60.32,20243.99,618.72,14.35,9687.4,4968.92,False,6.132
1019,6,09/03/2012,57.89,7731.19,445.6,4.19,446.42,5729.67,False,6.132
1020,6,16/03/2012,62.8,7034.05,103.68,4.59,2231.64,2062.04,False,6.132
1021,6,23/03/2012,63.71,4928.84,57.72,10.95,664.8,3968.26,False,6.132
1022,6,30/03/2012,67.91,12063.62,6.78,16.5,1859.67,3535.25,False,6.132
1023,6,06/04/2012,71.6,9199.63,0.0,24.6,4044.88,4314.27,False,5.964
1024,6,13/04/2012,71.29,4634.18,6968.14,18.04,1544.21,2875.46,False,5.964
1025,6,20/04/2012,68.64,2326.27,2591.86,14.79,81.42,3663.48,False,5.964
1026,6,27/04/2012,71.5,2564.41,1.49,15.54,9.94,2556.36,False,5.964
1027,6,04/05/2012,77.66,13643.53,266.0,117.27,5455.98,2773.56,False,5.964
1028,6,11/05/2012,72.66,10658.74,0.0,133.22,3312.9,9700.64,False,5.964
1029,6,18/05/2012,70.5,6414.56,0.0,52.03,495.43,2991.72,False,5.964
1030,6,25/05/2012,78.47,7694.17,0.0,945.23,1331.9,4852.27,False,5.964
1031,6,01/06/2012,80.39,8267.68,16.0,441.83,1904.81,3517.55,False,5.964
1032,6,08/06/2012,80.5,11150.2,188.6,63.7,859.54,6294.81,False,5.964
1033,6,15/06/2012,82.1,7041.68,276.35,350.16,3373.11,5325.58,False,5.964
1034,6,22/06/2012,81.2,7253.03,312.35,160.51,3024.57,6806.11,False,5.964
1035,6,29/06/2012,87.35,3997.4,231.9,0.0,262.44,4182.9,False,5.964
1036,6,06/07/2012,82.95,6087.24,254.9,205.95,3655.34,5715.69,False,5.668
1037,6,13/07/2012,80.27,8413.69,113.45,39.42,5516.18,2724.98,False,5.668
1038,6,20/07/2012,81.57,3762.14,148.95,18.43,3197.56,7560.36,False,5.668
1039,6,27/07/2012,85.78,7017.6,203.26,8.11,17151.91,3340.02,False,5.668
1040,6,03/08/2012,87.55,31765.22,141.14,19.13,15925.51,6069.02,False,5.668
1041,6,10/08/2012,87.04,5750.2,187.04,5.21,3920.14,7505.63,False,5.668
1042,6,17/08/2012,87.53,5433.03,171.64,0.01,4968.35,4940.37,False,5.668
1043,6,24/08/2012,79.03,5492.77,103.36,50.0,5268.21,6277.08,False,5.668
1044,6,31/08/2012,83.58,21801.35,111.57,16.74,15675.98,4002.59,False,5.668
1045,6,07/09/2012,86.33,14105.12,47.96,24.6,3040.62,3558.18,True,5.668
1046,6,14/09/2012,76.41,11072.87,22.0,6.01,3871.46,9997.93,False,5.668
1047,6,21/09/2012,70.81,8735.97,3.82,6.15,855.06,9092.57,False,5.668
1048,6,28/09/2012,77.82,4181.54,7.64,1.65,1952.69,2447.92,False,5.668
1049,6,05/10/2012,70.84,9663.09,0.0,40.93,3720.0,5941.24,False,5.329
1050,6,12/10/2012,65.43,1905.34,0.0,13.83,559.5,8706.87,False,5.329
1051,6,19/10/2012,69.68,1476.45,0.0,3.1,31.32,4080.57,False,5.329
1052,6,26/10/2012,72.34,6827.59,53.07,0.0,319.25,1881.27,False,5.329
1053,6,02/11/2012,58.38,13494.41,15350.17,34.79,5549.32,6682.4,False,5.329
1054,6,09/11/2012,66.68,10750.41,1244.27,11.32,524.64,4196.85,False,5.329
1055,6,16/11/2012,56.16,7849.78,146.12,64.7,957.54,8467.19,False,5.329
1056,6,23/11/2012,60.28,849.7,0.0,112255.67,212.36,1963.4,True,5.329
1057,6,30/11/2012,56.18,4463.06,0.0,3737.14,94.88,9459.61,False,5.329
1058,6,07/12/2012,64.25,11880.41,0.0,426.0,3127.97,15254.23,False,5.329
1059,6,14/12/2012,51.31,5687.4,0.0,83.26,469.15,6390.63,False,5.329
1060,6,21/12/2012,58.51,5511.3,35.96,240.32,10.0,4165.9,False,5.329
1061,6,28/12/2012,46.57,12663.68,52304.87,424.04,46.98,1668.09,True,5.329
1062,6,04/01/2013,40.46,2958.8,59362.3,27.18,24.85,4190.08,False,5.372
1063,6,11/01/2013,48.26,5510.29,33063.57,-0.86,693.1,3418.77,False,5.372
1064,6,18/01/2013,44.94,3311.95,1697.99,5.34,3.0,2403.96,False,5.372
1065,6,25/01/2013,57.35,1541.93,751.92,0.6,40.61,1107.6,False,5.372
1066,6,01/02/2013,58.57,12770.23,1088.16,434.8,17254.24,4436.09,False,5.372
1067,6,08/02/2013,60.55,64733.8,1335.25,240.3,34049.73,6567.44,True,5.372
1068,6,15/02/2013,53.36,20422.71,6289.09,203.0,19117.99,7911.9,False,5.372
1069,6,22/02/2013,54.57,12528.67,5392.98,29.98,270.37,3771.58,False,5.372
1070,6,01/03/2013,50.08,5999.24,578.17,2.0,155.0,5362.39,False,5.372
1071,6,08/03/2013,55.31,45591.46,212.69,79.91,8383.35,3778.9,False,5.372
1072,6,15/03/2013,59.18,8035.95,0.0,8.69,613.44,3328.21,False,5.372
1073,6,22/03/2013,65.87,11497.72,0.0,649.0,2351.98,2772.72,False,5.372
1074,6,29/03/2013,54.23,6162.8,0.0,736.47,32.03,3690.59,False,5.372
1075,6,05/04/2013,61.4,13894.83,8546.67,635.55,1436.84,3152.22,False,5.285
1076,6,12/04/2013,63.11,5772.74,180.35,97.82,1027.37,3742.94,False,5.285
1077,6,19/04/2013,68.65,2218.26,9.04,95.2,13.38,1664.93,False,5.285
1078,6,26/04/2013,60.91,2848.95,0.0,112.6,179.66,2553.43,False,5.285
1079,6,03/05/2013,68.17,11882.48,22.88,36.92,4788.84,2648.71,False,
1080,6,10/05/2013,66.6,4028.93,321.9,53.47,537.54,11882.48,False,
1081,6,17/05/2013,72.28,7729.62,190.96,9.5,1285.36,4751.3,False,
1082,6,24/05/2013,78.46,5842.49,194.86,368.14,1000.8,7037.72,False,
1083,6,31/05/2013,77.49,5849.58,251.75,413.12,1.92,3945.71,False,
1084,6,07/06/2013,79.63,15657.52,1059.99,410.85,6795.91,7037.09,False,
1085,6,14/06/2013,80.91,4061.92,651.6,693.25,3838.56,2825.36,False,
1086,6,21/06/2013,83.53,6264.97,669.13,357.59,5171.26,6955.91,False,
1087,6,28/06/2013,86.14,5463.09,1071.94,210.1,4666.78,8341.22,False,
1088,6,05/07/2013,82.98,14374.85,4054.24,1126.23,9827.95,2385.16,False,
1089,6,12/07/2013,85.91,13456.91,1783.4,114.92,1133.32,6330.81,False,
1090,6,19/07/2013,79.11,2124.1,693.74,270.3,671.53,3867.01,False,
1091,6,26/07/2013,84.42,543.69,798.02,16.05,70.4,2648.37,False,
1092,7,05/02/2010,10.53,0.0,0.0,0.0,0.0,0.0,False,9.014
1093,7,12/02/2010,25.9,0.0,0.0,0.0,0.0,0.0,True,9.014
1094,7,19/02/2010,27.28,0.0,0.0,0.0,0.0,0.0,False,9.014
1095,7,26/02/2010,24.91,0.0,0.0,0.0,0.0,0.0,False,9.014
1096,7,05/03/2010,35.86,0.0,0.0,0.0,0.0,0.0,False,9.014
1097,7,12/03/2010,27.25,0.0,0.0,0.0,0.0,0.0,False,9.014
1098,7,19/03/2010,29.04,0.0,0.0,0.0,0.0,0.0,False,9.014
1099,7,26/03/2010,23.33,0.0,0.0,0.0,0.0,0.0,False,9.014
1100,7,02/04/2010,38.26,0.0,0.0,0.0,0.0,0.0,False,8.963
1101,7,09/04/2010,33.79,0.0,0.0,0.0,0.0,0.0,False,8.963
1102,7,16/04/2010,41.89,0.0,0.0,0.0,0.0,0.0,False,8.963
1103,7,23/04/2010,43.07,0.0,0.0,0.0,0.0,0.0,False,8.963
1104,7,30/04/2010,38.99,0.0,0.0,0.0,0.0,0.0,False,8.963
1105,7,07/05/2010,40.07,0.0,0.0,0.0,0.0,0.0,False,8.963
1106,7,14/05/2010,41.41,0.0,0.0,0.0,0.0,0.0,False,8.963
1107,7,21/05/2010,46.6,0.0,0.0,0.0,0.0,0.0,False,8.963
1108,7,28/05/2010,54.24,0.0,0.0,0.0,0.0,0.0,False,8.963
1109,7,04/06/2010,53.63,0.0,0.0,0.0,0.0,0.0,False,8.963
1110,7,11/06/2010,63.59,0.0,0.0,0.0,0.0,0.0,False,8.963
1111,7,18/06/2010,52.7,0.0,0.0,0.0,0.0,0.0,False,8.963
1112,7,25/06/2010,59.94,0.0,0.0,0.0,0.0,0.0,False,8.963
1113,7,02/07/2010,61.31,0.0,0.0,0.0,0.0,0.0,False,9.017
1114,7,09/07/2010,58.0,0.0,0.0,0.0,0.0,0.0,False,9.017
1115,7,16/07/2010,62.19,0.0,0.0,0.0,0.0,0.0,False,9.017
1116,7,23/07/2010,64.64,0.0,0.0,0.0,0.0,0.0,False,9.017
1117,7,30/07/2010,66.07,0.0,0.0,0.0,0.0,0.0,False,9.017
1118,7,06/08/2010,61.7,0.0,0.0,0.0,0.0,0.0,False,9.017
1119,7,13/08/2010,60.13,0.0,0.0,0.0,0.0,0.0,False,9.017
1120,7,20/08/2010,59.59,0.0,0.0,0.0,0.0,0.0,False,9.017
1121,7,27/08/2010,57.57,0.0,0.0,0.0,0.0,0.0,False,9.017
1122,7,03/09/2010,49.84,0.0,0.0,0.0,0.0,0.0,False,9.017
1123,7,10/09/2010,48.5,0.0,0.0,0.0,0.0,0.0,True,9.017
1124,7,17/09/2010,48.56,0.0,0.0,0.0,0.0,0.0,False,9.017
1125,7,24/09/2010,47.55,0.0,0.0,0.0,0.0,0.0,False,9.017
1126,7,01/10/2010,49.99,0.0,0.0,0.0,0.0,0.0,False,9.137
1127,7,08/10/2010,44.13,0.0,0.0,0.0,0.0,0.0,False,9.137
1128,7,15/10/2010,35.86,0.0,0.0,0.0,0.0,0.0,False,9.137
1129,7,22/10/2010,36.84,0.0,0.0,0.0,0.0,0.0,False,9.137
1130,7,29/10/2010,34.78,0.0,0.0,0.0,0.0,0.0,False,9.137
1131,7,05/11/2010,49.44,0.0,0.0,0.0,0.0,0.0,False,9.137
1132,7,12/11/2010,22.12,0.0,0.0,0.0,0.0,0.0,False,9.137
1133,7,19/11/2010,25.56,0.0,0.0,0.0,0.0,0.0,False,9.137
1134,7,26/11/2010,17.95,0.0,0.0,0.0,0.0,0.0,True,9.137
1135,7,03/12/2010,21.88,0.0,0.0,0.0,0.0,0.0,False,9.137
1136,7,10/12/2010,24.24,0.0,0.0,0.0,0.0,0.0,False,9.137
1137,7,17/12/2010,20.74,0.0,0.0,0.0,0.0,0.0,False,9.137
1138,7,24/12/2010,26.04,0.0,0.0,0.0,0.0,0.0,False,9.137
1139,7,31/12/2010,13.76,0.0,0.0,0.0,0.0,0.0,True,9.137
1140,7,07/01/2011,10.09,0.0,0.0,0.0,0.0,0.0,False,8.818
1141,7,14/01/2011,11.32,0.0,0.0,0.0,0.0,0.0,False,8.818
1142,7,21/01/2011,25.4,0.0,0.0,0.0,0.0,0.0,False,8.818
1143,7,28/01/2011,10.11,0.0,0.0,0.0,0.0,0.0,False,8.818
1144,7,04/02/2011,-2.06,0.0,0.0,0.0,0.0,0.0,False,8.818
1145,7,11/02/2011,10.24,0.0,0.0,0.0,0.0,0.0,True,8.818
1146,7,18/02/2011,17.3,0.0,0.0,0.0,0.0,0.0,False,8.818
1147,7,25/02/2011,17.46,0.0,0.0,0.0,0.0,0.0,False,8.818
1148,7,04/03/2011,21.84,0.0,0.0,0.0,0.0,0.0,False,8.818
1149,7,11/03/2011,20.7,0.0,0.0,0.0,0.0,0.0,False,8.818
1150,7,18/03/2011,27.69,0.0,0.0,0.0,0.0,0.0,False,8.818
1151,7,25/03/2011,25.69,0.0,0.0,0.0,0.0,0.0,False,8.818
1152,7,01/04/2011,24.83,0.0,0.0,0.0,0.0,0.0,False,8.595
1153,7,08/04/2011,30.64,0.0,0.0,0.0,0.0,0.0,False,8.595
1154,7,15/04/2011,27.79,0.0,0.0,0.0,0.0,0.0,False,8.595
1155,7,22/04/2011,31.84,0.0,0.0,0.0,0.0,0.0,False,8.595
1156,7,29/04/2011,26.79,0.0,0.0,0.0,0.0,0.0,False,8.595
1157,7,06/05/2011,26.54,0.0,0.0,0.0,0.0,0.0,False,8.595
1158,7,13/05/2011,36.61,0.0,0.0,0.0,0.0,0.0,False,8.595
1159,7,20/05/2011,36.16,0.0,0.0,0.0,0.0,0.0,False,8.595
1160,7,27/05/2011,37.51,0.0,0.0,0.0,0.0,0.0,False,8.595
1161,7,03/06/2011,45.77,0.0,0.0,0.0,0.0,0.0,False,8.595
1162,7,10/06/2011,53.3,0.0,0.0,0.0,0.0,0.0,False,8.595
1163,7,17/06/2011,48.79,0.0,0.0,0.0,0.0,0.0,False,8.595
1164,7,24/06/2011,46.85,0.0,0.0,0.0,0.0,0.0,False,8.595
1165,7,01/07/2011,58.54,0.0,0.0,0.0,0.0,0.0,False,8.622
1166,7,08/07/2011,59.08,0.0,0.0,0.0,0.0,0.0,False,8.622
1167,7,15/07/2011,54.37,0.0,0.0,0.0,0.0,0.0,False,8.622
1168,7,22/07/2011,56.22,0.0,0.0,0.0,0.0,0.0,False,8.622
1169,7,29/07/2011,56.66,0.0,0.0,0.0,0.0,0.0,False,8.622
1170,7,05/08/2011,55.91,0.0,0.0,0.0,0.0,0.0,False,8.622
1171,7,12/08/2011,54.56,0.0,0.0,0.0,0.0,0.0,False,8.622
1172,7,19/08/2011,56.06,0.0,0.0,0.0,0.0,0.0,False,8.622
1173,7,26/08/2011,57.6,0.0,0.0,0.0,0.0,0.0,False,8.622
1174,7,02/09/2011,53.4,0.0,0.0,0.0,0.0,0.0,False,8.622
1175,7,09/09/2011,45.61,0.0,0.0,0.0,0.0,0.0,True,8.622
1176,7,16/09/2011,43.67,0.0,0.0,0.0,0.0,0.0,False,8.622
1177,7,23/09/2011,43.67,0.0,0.0,0.0,0.0,0.0,False,8.622
1178,7,30/09/2011,47.34,0.0,0.0,0.0,0.0,0.0,False,8.622
1179,7,07/10/2011,40.65,0.0,0.0,0.0,0.0,0.0,False,8.513
1180,7,14/10/2011,32.65,0.0,0.0,0.0,0.0,0.0,False,8.513
1181,7,21/10/2011,37.49,0.0,0.0,0.0,0.0,0.0,False,8.513
1182,7,28/10/2011,28.82,0.0,0.0,0.0,0.0,0.0,False,8.513
1183,7,04/11/2011,23.41,0.0,0.0,0.0,0.0,0.0,False,8.513
1184,7,11/11/2011,19.53,3307.6,1431.65,143.06,1330.31,1680.9,False,8.513
1185,7,18/11/2011,29.53,3221.47,1229.96,7.35,494.15,3947.57,False,8.513
1186,7,25/11/2011,27.6,35.94,6.47,41487.59,12.0,905.95,True,8.513
1187,7,02/12/2011,20.38,2229.32,6.47,738.42,1630.88,11534.89,False,8.513
1188,7,09/12/2011,11.17,3393.21,0.0,94.93,589.44,3067.9,False,8.513
1189,7,16/12/2011,15.2,2089.28,0.09,168.73,439.97,1899.74,False,8.513
1190,7,23/12/2011,12.19,519.82,0.15,483.1,41.51,1313.38,False,8.513
1191,7,30/12/2011,15.56,2026.82,17021.3,113.19,144.93,1178.13,True,8.513
1192,7,06/01/2012,18.67,2373.44,11519.36,7.26,162.72,4504.47,False,8.256
1193,7,13/01/2012,7.46,3167.26,5926.48,0.54,191.84,1415.69,False,8.256
1194,7,20/01/2012,27.41,1967.73,2791.5,0.73,213.86,4297.27,False,8.256
1195,7,27/01/2012,26.9,747.21,559.46,0.0,47.0,2332.92,False,8.256
1196,7,03/02/2012,22.2,56917.7,1839.82,4.53,16241.73,2414.97,False,8.256
1197,7,10/02/2012,18.79,13100.37,3096.6,1.73,4854.7,6266.04,True,8.256
1198,7,17/02/2012,27.03,5453.54,4918.31,1.88,1838.98,5303.89,False,8.256
1199,7,24/02/2012,24.41,10170.57,4331.71,93.06,2699.15,3456.7,False,8.256
1200,7,02/03/2012,21.64,41848.34,2326.08,139.2,15505.0,1348.86,False,8.256
1201,7,09/03/2012,30.1,12144.9,1178.96,2.18,996.02,2221.16,False,8.256
1202,7,16/03/2012,37.29,2980.91,3.28,2.55,3440.61,1127.01,False,8.256
1203,7,23/03/2012,35.06,8458.87,0.0,3.84,293.35,1493.28,False,8.256
1204,7,30/03/2012,44.99,8460.02,2.4,9.25,385.22,1666.6,False,8.256
1205,7,06/04/2012,44.29,7550.89,0.0,21.98,1156.2,3500.91,False,8.09
1206,7,13/04/2012,41.43,1662.2,1555.57,15.47,776.66,1377.63,False,8.09
1207,7,20/04/2012,39.3,2114.64,863.38,14.21,549.62,1509.05,False,8.09
1208,7,27/04/2012,51.49,819.48,0.0,45.94,49.82,1209.89,False,8.09
1209,7,04/05/2012,45.38,6018.32,0.0,69.97,1590.01,1521.53,False,8.09
1210,7,11/05/2012,48.54,24426.8,0.0,4.8,402.53,2012.64,False,8.09
1211,7,18/05/2012,49.41,3225.22,0.0,24.83,508.1,1897.92,False,8.09
1212,7,25/05/2012,50.6,5126.54,0.0,90.05,483.27,2236.31,False,8.09
1213,7,01/06/2012,55.06,2427.12,0.0,98.67,1349.72,2112.74,False,8.09
1214,7,08/06/2012,63.07,3729.69,76.6,0.12,444.64,3495.06,False,8.09
1215,7,15/06/2012,59.33,16717.38,119.4,0.65,677.29,1144.07,False,8.09
1216,7,22/06/2012,63.69,12407.71,352.1,0.09,1239.04,1533.86,False,8.09
1217,7,29/06/2012,68.84,1246.74,425.6,0.0,42.0,1200.17,False,8.09
1218,7,06/07/2012,64.67,2779.97,326.2,5.07,2112.68,1548.33,False,7.872
1219,7,13/07/2012,64.21,1562.86,85.7,0.35,424.66,57029.78,False,7.872
1220,7,20/07/2012,62.87,1182.59,114.37,11.37,198.49,2423.07,False,7.872
1221,7,27/07/2012,64.6,1064.81,688.66,3.45,1264.45,2007.5,False,7.872
1222,7,03/08/2012,61.83,9468.47,109.88,2.88,8606.99,1605.62,False,7.872
1223,7,10/08/2012,63.41,4032.28,26.2,55.79,2124.61,960.59,False,7.872
1224,7,17/08/2012,59.66,1266.82,34.6,46.86,1649.91,1421.44,False,7.872
1225,7,24/08/2012,59.27,2534.52,19.6,1.86,1627.26,3915.85,False,7.872
1226,7,31/08/2012,60.46,6246.07,9.0,16.35,2482.01,1225.36,False,7.872
1227,7,07/09/2012,57.84,5069.74,0.0,10.15,817.15,2158.82,True,7.872
1228,7,14/09/2012,53.66,3180.52,0.0,5.03,709.04,5384.1,False,7.872
1229,7,21/09/2012,51.77,4113.14,12.0,3.0,344.2,4693.52,False,7.872
1230,7,28/09/2012,50.64,3735.2,6.91,4.5,917.2,1793.35,False,7.872
1231,7,05/10/2012,48.43,2955.56,0.0,9.9,2240.78,1324.84,False,7.557
1232,7,12/10/2012,41.43,302.62,0.0,3.72,375.75,514.23,False,7.557
1233,7,19/10/2012,43.01,2034.63,0.0,0.5,298.55,4163.41,False,7.557
1234,7,26/10/2012,42.53,2818.42,24.03,2.97,343.26,1064.56,False,7.557
1235,7,02/11/2012,37.2,3335.15,1937.31,5.02,282.71,1127.18,False,7.557
1236,7,09/11/2012,36.89,1797.81,3661.28,10.0,501.33,3222.63,False,7.557
1237,7,16/11/2012,23.91,4971.72,723.12,7.28,845.51,1710.22,False,7.557
1238,7,23/11/2012,34.81,295.5,0.0,44081.25,78.08,623.37,True,7.557
1239,7,30/11/2012,28.1,3839.63,0.0,14836.66,88.68,6046.28,False,7.557
1240,7,07/12/2012,34.19,4599.98,0.0,116.0,368.57,4274.79,False,7.557
1241,7,14/12/2012,20.93,1463.18,0.0,26.0,3.97,1049.36,False,7.557
1242,7,21/12/2012,12.57,1066.13,0.0,29.64,40.6,475.96,False,7.557
1243,7,28/12/2012,2.32,7153.0,7398.79,106.33,24.43,1286.48,True,7.557
1244,7,04/01/2013,-6.08,1390.63,11904.04,37.82,65.08,1446.44,False,7.107
1245,7,11/01/2013,-6.61,2117.01,8298.08,8.61,15.26,745.42,False,7.107
1246,7,18/01/2013,-7.29,6630.25,3626.32,1.96,1174.23,1513.31,False,7.107
1247,7,25/01/2013,4.0,717.12,1046.55,0.6,20.88,826.28,False,7.107
1248,7,01/02/2013,25.67,4389.12,316.88,113.68,4128.61,1238.01,False,7.107
1249,7,08/02/2013,11.26,30907.52,185.19,392.36,16519.53,2304.12,True,7.107
1250,7,15/02/2013,13.73,8906.51,490.37,0.24,959.51,3846.26,False,7.107
1251,7,22/02/2013,13.39,7919.43,642.57,46.54,3475.28,1450.55,False,7.107
1252,7,01/03/2013,11.94,3789.54,99.08,0.4,33.38,959.83,False,7.107
1253,7,08/03/2013,24.24,9370.38,85.98,107.66,2891.2,1385.72,False,7.107
1254,7,15/03/2013,30.09,2521.46,0.0,219.71,879.39,1203.71,False,7.107
1255,7,22/03/2013,30.94,4514.13,0.0,677.3,133.33,983.16,False,7.107
1256,7,29/03/2013,26.56,7886.02,0.0,420.1,69.41,2403.73,False,7.107
1257,7,05/04/2013,39.3,6121.49,979.92,152.85,161.59,986.23,False,6.953
1258,7,12/04/2013,34.79,1731.11,28.55,25.47,89.14,1032.44,False,6.953
1259,7,19/04/2013,29.7,1726.61,0.03,28.68,188.07,1130.11,False,6.953
1260,7,26/04/2013,35.7,738.97,0.0,54.04,21.2,471.4,False,6.953
1261,7,03/05/2013,42.36,4661.74,0.0,25.74,1145.37,917.91,False,
1262,7,10/05/2013,44.11,4441.63,85.76,18.25,153.84,3820.86,False,
1263,7,17/05/2013,53.23,3048.39,2.0,6.64,405.44,1236.57,False,
1264,7,24/05/2013,50.09,1557.79,4.0,177.08,596.22,1440.8,False,
1265,7,31/05/2013,50.7,2350.78,-7.76,91.59,166.86,540.89,False,
1266,7,07/06/2013,50.92,4849.33,148.68,75.64,2043.97,2240.29,False,
1267,7,14/06/2013,54.81,2143.04,196.29,157.0,605.85,1250.24,False,
1268,7,21/06/2013,52.16,1434.01,116.52,92.13,471.28,2812.28,False,
1269,7,28/06/2013,55.28,2817.6,750.96,0.0,272.82,1057.35,False,
1270,7,05/07/2013,53.86,3764.78,977.99,163.96,2038.56,1154.49,False,
1271,7,12/07/2013,59.99,918.12,732.41,55.68,470.11,1397.18,False,
1272,7,19/07/2013,55.22,460.9,250.72,13.75,310.91,778.74,False,
1273,7,26/07/2013,56.69,180.87,54.56,0.0,36.65,877.99,False,
1274,8,05/02/2010,34.14,0.0,0.0,0.0,0.0,0.0,False,6.299
1275,8,12/02/2010,33.34,0.0,0.0,0.0,0.0,0.0,True,6.299
1276,8,19/02/2010,39.1,0.0,0.0,0.0,0.0,0.0,False,6.299
1277,8,26/02/2010,37.91,0.0,0.0,0.0,0.0,0.0,False,6.299
1278,8,05/03/2010,45.64,0.0,0.0,0.0,0.0,0.0,False,6.299
1279,8,12/03/2010,49.76,0.0,0.0,0.0,0.0,0.0,False,6.299
1280,8,19/03/2010,47.26,0.0,0.0,0.0,0.0,0.0,False,6.299
1281,8,26/03/2010,46.51,0.0,0.0,0.0,0.0,0.0,False,6.299
1282,8,02/04/2010,60.18,0.0,0.0,0.0,0.0,0.0,False,6.29
1283,8,09/04/2010,59.25,0.0,0.0,0.0,0.0,0.0,False,6.29
1284,8,16/04/2010,62.66,0.0,0.0,0.0,0.0,0.0,False,6.29
1285,8,23/04/2010,56.1,0.0,0.0,0.0,0.0,0.0,False,6.29
1286,8,30/04/2010,61.01,0.0,0.0,0.0,0.0,0.0,False,6.29
1287,8,07/05/2010,62.68,0.0,0.0,0.0,0.0,0.0,False,6.29
1288,8,14/05/2010,61.35,0.0,0.0,0.0,0.0,0.0,False,6.29
1289,8,21/05/2010,66.03,0.0,0.0,0.0,0.0,0.0,False,6.29
1290,8,28/05/2010,74.71,0.0,0.0,0.0,0.0,0.0,False,6.29
1291,8,04/06/2010,75.71,0.0,0.0,0.0,0.0,0.0,False,6.29
1292,8,11/06/2010,82.21,0.0,0.0,0.0,0.0,0.0,False,6.29
1293,8,18/06/2010,78.79,0.0,0.0,0.0,0.0,0.0,False,6.29
1294,8,25/06/2010,81.78,0.0,0.0,0.0,0.0,0.0,False,6.29
1295,8,02/07/2010,74.78,0.0,0.0,0.0,0.0,0.0,False,6.315
1296,8,09/07/2010,72.49,0.0,0.0,0.0,0.0,0.0,False,6.315
1297,8,16/07/2010,77.49,0.0,0.0,0.0,0.0,0.0,False,6.315
1298,8,23/07/2010,78.29,0.0,0.0,0.0,0.0,0.0,False,6.315
1299,8,30/07/2010,76.02,0.0,0.0,0.0,0.0,0.0,False,6.315
1300,8,06/08/2010,80.37,0.0,0.0,0.0,0.0,0.0,False,6.315
1301,8,13/08/2010,80.11,0.0,0.0,0.0,0.0,0.0,False,6.315
1302,8,20/08/2010,79.36,0.0,0.0,0.0,0.0,0.0,False,6.315
1303,8,27/08/2010,74.92,0.0,0.0,0.0,0.0,0.0,False,6.315
1304,8,03/09/2010,76.14,0.0,0.0,0.0,0.0,0.0,False,6.315
1305,8,10/09/2010,74.34,0.0,0.0,0.0,0.0,0.0,True,6.315
1306,8,17/09/2010,75.32,0.0,0.0,0.0,0.0,0.0,False,6.315
1307,8,24/09/2010,72.21,0.0,0.0,0.0,0.0,0.0,False,6.315
1308,8,01/10/2010,68.7,0.0,0.0,0.0,0.0,0.0,False,6.433
1309,8,08/10/2010,62.94,0.0,0.0,0.0,0.0,0.0,False,6.433
1310,8,15/10/2010,62.59,0.0,0.0,0.0,0.0,0.0,False,6.433
1311,8,22/10/2010,62.86,0.0,0.0,0.0,0.0,0.0,False,6.433
1312,8,29/10/2010,57.93,0.0,0.0,0.0,0.0,0.0,False,6.433
1313,8,05/11/2010,55.76,0.0,0.0,0.0,0.0,0.0,False,6.433
1314,8,12/11/2010,54.89,0.0,0.0,0.0,0.0,0.0,False,6.433
1315,8,19/11/2010,43.86,0.0,0.0,0.0,0.0,0.0,False,6.433
1316,8,26/11/2010,51.07,0.0,0.0,0.0,0.0,0.0,True,6.433
1317,8,03/12/2010,42.85,0.0,0.0,0.0,0.0,0.0,False,6.433
1318,8,10/12/2010,42.47,0.0,0.0,0.0,0.0,0.0,False,6.433
1319,8,17/12/2010,45.03,0.0,0.0,0.0,0.0,0.0,False,6.433
1320,8,24/12/2010,45.67,0.0,0.0,0.0,0.0,0.0,False,6.433
1321,8,31/12/2010,41.47,0.0,0.0,0.0,0.0,0.0,True,6.433
1322,8,07/01/2011,35.77,0.0,0.0,0.0,0.0,0.0,False,6.262
1323,8,14/01/2011,31.62,0.0,0.0,0.0,0.0,0.0,False,6.262
1324,8,21/01/2011,42.06,0.0,0.0,0.0,0.0,0.0,False,6.262
1325,8,28/01/2011,39.26,0.0,0.0,0.0,0.0,0.0,False,6.262
1326,8,04/02/2011,24.48,0.0,0.0,0.0,0.0,0.0,False,6.262
1327,8,11/02/2011,28.26,0.0,0.0,0.0,0.0,0.0,True,6.262
1328,8,18/02/2011,50.64,0.0,0.0,0.0,0.0,0.0,False,6.262
1329,8,25/02/2011,51.29,0.0,0.0,0.0,0.0,0.0,False,6.262
1330,8,04/03/2011,53.18,0.0,0.0,0.0,0.0,0.0,False,6.262
1331,8,11/03/2011,49.14,0.0,0.0,0.0,0.0,0.0,False,6.262
1332,8,18/03/2011,56.68,0.0,0.0,0.0,0.0,0.0,False,6.262
1333,8,25/03/2011,59.74,0.0,0.0,0.0,0.0,0.0,False,6.262
1334,8,01/04/2011,49.86,0.0,0.0,0.0,0.0,0.0,False,6.297
1335,8,08/04/2011,65.62,0.0,0.0,0.0,0.0,0.0,False,6.297
1336,8,15/04/2011,63.55,0.0,0.0,0.0,0.0,0.0,False,6.297
1337,8,22/04/2011,65.11,0.0,0.0,0.0,0.0,0.0,False,6.297
1338,8,29/04/2011,62.29,0.0,0.0,0.0,0.0,0.0,False,6.297
1339,8,06/05/2011,58.92,0.0,0.0,0.0,0.0,0.0,False,6.297
1340,8,13/05/2011,72.96,0.0,0.0,0.0,0.0,0.0,False,6.297
1341,8,20/05/2011,65.54,0.0,0.0,0.0,0.0,0.0,False,6.297
1342,8,27/05/2011,73.14,0.0,0.0,0.0,0.0,0.0,False,6.297
1343,8,03/06/2011,82.05,0.0,0.0,0.0,0.0,0.0,False,6.297
1344,8,10/06/2011,82.21,0.0,0.0,0.0,0.0,0.0,False,6.297
1345,8,17/06/2011,84.73,0.0,0.0,0.0,0.0,0.0,False,6.297
1346,8,24/06/2011,83.94,0.0,0.0,0.0,0.0,0.0,False,6.297
1347,8,01/07/2011,87.26,0.0,0.0,0.0,0.0,0.0,False,6.425
1348,8,08/07/2011,83.57,0.0,0.0,0.0,0.0,0.0,False,6.425
1349,8,15/07/2011,84.26,0.0,0.0,0.0,0.0,0.0,False,6.425
1350,8,22/07/2011,85.46,0.0,0.0,0.0,0.0,0.0,False,6.425
1351,8,29/07/2011,86.46,0.0,0.0,0.0,0.0,0.0,False,6.425
1352,8,05/08/2011,85.15,0.0,0.0,0.0,0.0,0.0,False,6.425
1353,8,12/08/2011,86.05,0.0,0.0,0.0,0.0,0.0,False,6.425
1354,8,19/08/2011,82.92,0.0,0.0,0.0,0.0,0.0,False,6.425
1355,8,26/08/2011,84.69,0.0,0.0,0.0,0.0,0.0,False,6.425
1356,8,02/09/2011,84.77,0.0,0.0,0.0,0.0,0.0,False,6.425
1357,8,09/09/2011,69.01,0.0,0.0,0.0,0.0,0.0,True,6.425
1358,8,16/09/2011,69.09,0.0,0.0,0.0,0.0,0.0,False,6.425
1359,8,23/09/2011,68.72,0.0,0.0,0.0,0.0,0.0,False,6.425
1360,8,30/09/2011,72.2,0.0,0.0,0.0,0.0,0.0,False,6.425
1361,8,07/10/2011,67.61,0.0,0.0,0.0,0.0,0.0,False,6.123
1362,8,14/10/2011,61.74,0.0,0.0,0.0,0.0,0.0,False,6.123
1363,8,21/10/2011,59.97,0.0,0.0,0.0,0.0,0.0,False,6.123
1364,8,28/10/2011,56.86,0.0,0.0,0.0,0.0,0.0,False,6.123
1365,8,04/11/2011,49.68,0.0,0.0,0.0,0.0,0.0,False,6.123
1366,8,11/11/2011,50.56,4971.01,4538.18,541.05,1407.72,3846.73,False,6.123
1367,8,18/11/2011,51.72,6839.45,114.32,166.32,868.79,4442.66,False,6.123
1368,8,25/11/2011,49.61,437.61,320.76,45968.51,110.41,992.9,True,6.123
1369,8,02/12/2011,40.82,2222.42,286.0,1464.46,1192.79,13865.57,False,6.123
1370,8,09/12/2011,30.51,4425.92,36.0,346.05,1791.15,9889.35,False,6.123
1371,8,16/12/2011,39.79,739.45,34.0,326.76,169.2,2238.66,False,6.123
1372,8,23/12/2011,38.16,1234.0,0.3,891.94,14.0,5884.24,False,6.123
1373,8,30/12/2011,36.33,3701.08,36381.83,164.34,178.4,1508.56,True,6.123
1374,8,06/01/2012,43.47,3093.39,26001.46,96.35,500.91,4468.63,False,5.825
1375,8,13/01/2012,36.46,6725.29,12764.99,15.98,299.73,3851.69,False,5.825
1376,8,20/01/2012,46.81,1643.08,1055.47,9.02,411.88,3161.92,False,5.825
1377,8,27/01/2012,45.52,6065.01,730.16,15.18,30.28,24241.12,False,5.825
1378,8,03/02/2012,45.56,41524.03,1412.41,83.15,18723.56,3886.31,False,5.825
1379,8,10/02/2012,35.71,9332.6,3298.88,32.12,6530.08,4858.74,True,5.825
1380,8,17/02/2012,37.51,4376.58,10723.12,10.5,1546.82,4117.02,False,5.825
1381,8,24/02/2012,46.33,9712.39,4960.15,1.0,2441.26,5314.33,False,5.825
1382,8,02/03/2012,50.95,19521.45,1000.19,0.6,5819.37,3641.54,False,5.825
1383,8,09/03/2012,49.59,7740.12,269.44,2.0,509.65,4678.17,False,5.825
1384,8,16/03/2012,56.63,4879.04,501.9,6.14,1078.01,1288.81,False,5.825
1385,8,23/03/2012,52.9,6155.76,499.11,2.04,403.32,2748.36,False,5.825
1386,8,30/03/2012,66.69,6052.68,121.67,0.0,375.27,1715.7,False,5.825
1387,8,06/04/2012,62.18,6821.13,0.0,27.04,2101.86,3627.77,False,5.679
1388,8,13/04/2012,65.19,7627.83,4689.55,4.2,940.82,1723.28,False,5.679
1389,8,20/04/2012,63.59,3600.79,2105.64,4.9,1768.65,14945.23,False,5.679
1390,8,27/04/2012,70.34,5440.25,1.5,2.2,15.6,3302.44,False,5.679
1391,8,04/05/2012,73.96,12807.63,0.0,260.55,3338.11,2197.51,False,5.679
1392,8,11/05/2012,64.96,10852.45,0.0,3.82,1425.65,2545.79,False,5.679
1393,8,18/05/2012,64.16,7288.06,0.0,24.25,585.14,4836.15,False,5.679
1394,8,25/05/2012,76.11,2989.94,0.0,651.09,1056.01,10189.75,False,5.679
1395,8,01/06/2012,78.31,11578.32,41.6,58.17,1319.45,2044.72,False,5.679
1396,8,08/06/2012,74.28,8721.82,252.8,30.45,679.89,5160.31,False,5.679
1397,8,15/06/2012,77.14,8583.02,265.7,151.05,1184.4,5675.58,False,5.679
1398,8,22/06/2012,78.85,5146.44,124.95,2.97,1409.95,3956.16,False,5.679
1399,8,29/06/2012,84.47,8467.23,199.75,0.0,492.34,5529.08,False,5.679
1400,8,06/07/2012,81.24,10526.01,157.93,182.17,3068.98,4059.99,False,5.401
1401,8,13/07/2012,78.46,10278.48,129.2,24.0,1750.15,2057.71,False,5.401
1402,8,20/07/2012,79.94,6764.94,164.8,13.02,390.77,58068.14,False,5.401
1403,8,27/07/2012,81.71,6382.88,80.6,3.55,2242.95,4403.2,False,5.401
1404,8,03/08/2012,85.06,12755.02,88.2,17.83,4783.44,4865.74,False,5.401
1405,8,10/08/2012,83.74,11811.65,26.0,59.03,2215.73,2801.89,False,5.401
1406,8,17/08/2012,81.21,3224.14,21.02,4.26,1066.29,5044.43,False,5.401
1407,8,24/08/2012,73.77,3822.14,6.4,4.2,763.09,3570.91,False,5.401
1408,8,31/08/2012,75.33,10297.42,21.6,17.16,3952.93,3198.02,False,5.401
1409,8,07/09/2012,80.87,11548.63,9.0,29.22,1177.09,2831.4,True,5.401
1410,8,14/09/2012,67.21,4678.98,0.0,12.29,1130.96,5427.34,False,5.401
1411,8,21/09/2012,66.96,3913.12,5.73,2.28,0.0,6984.96,False,5.401
1412,8,28/09/2012,71.1,5518.65,1.91,0.55,1103.02,2049.02,False,5.401
1413,8,05/10/2012,61.41,3709.42,0.0,20.04,1332.17,2156.75,False,5.124
1414,8,12/10/2012,55.03,757.39,0.0,7.5,186.45,4830.34,False,5.124
1415,8,19/10/2012,62.99,1260.59,0.0,6.5,280.98,3531.83,False,5.124
1416,8,26/10/2012,64.74,2679.05,20.38,6.0,384.25,1691.31,False,5.124
1417,8,02/11/2012,53.41,8753.34,2732.6,6.3,1715.26,2261.91,False,5.124
1418,8,09/11/2012,58.95,6026.16,4076.16,5.83,274.99,2239.32,False,5.124
1419,8,16/11/2012,48.24,14137.45,3180.35,44.98,629.78,3936.76,False,5.124
1420,8,23/11/2012,53.59,619.88,0.0,46342.06,28.36,1182.05,True,5.124
1421,8,30/11/2012,48.92,7136.29,0.0,2776.64,218.89,2986.68,False,5.124
1422,8,07/12/2012,53.13,9652.09,0.0,331.0,582.52,18292.6,False,5.124
1423,8,14/12/2012,40.41,3714.5,0.0,76.0,571.53,2248.72,False,5.124
1424,8,21/12/2012,43.31,6006.01,57.96,60.32,114.91,2614.41,False,5.124
1425,8,28/12/2012,33.68,8867.99,21760.08,99.96,39.0,356.86,True,5.124
1426,8,04/01/2013,29.75,1048.19,22791.26,16.63,0.0,3751.39,False,5.212
1427,8,11/01/2013,38.79,4261.84,7990.99,4.58,259.79,3090.33,False,5.212
1428,8,18/01/2013,31.83,5317.35,5022.45,1.12,176.18,1567.8,False,5.212
1429,8,25/01/2013,44.34,6534.46,1010.03,0.0,1806.73,1406.03,False,5.212
1430,8,01/02/2013,46.81,17701.91,532.5,46.4,13281.29,2476.34,False,5.212
1431,8,08/02/2013,47.16,56131.52,176.31,761.61,16189.82,5425.07,True,5.212
1432,8,15/02/2013,40.34,7808.31,2965.72,1.86,530.03,5326.7,False,5.212
1433,8,22/02/2013,40.81,8245.49,4084.81,1.6,1976.55,2110.41,False,5.212
1434,8,01/03/2013,37.3,28754.5,289.26,1.2,20.81,1570.24,False,5.212
1435,8,08/03/2013,51.05,28078.98,36.34,60.92,2031.46,3412.68,False,5.212
1436,8,15/03/2013,51.54,11921.47,0.0,9.24,1748.46,1251.74,False,5.212
1437,8,22/03/2013,54.41,5564.82,0.0,461.1,995.46,763.92,False,5.212
1438,8,29/03/2013,48.41,12937.38,0.0,341.25,4.96,2561.96,False,5.212
1439,8,05/04/2013,52.56,9189.81,5271.72,269.79,1103.23,1391.14,False,5.024
1440,8,12/04/2013,57.36,3916.55,890.74,64.2,278.27,2337.48,False,5.024
1441,8,19/04/2013,58.84,6880.74,173.25,85.36,84.02,1397.94,False,5.024
1442,8,26/04/2013,56.04,2114.19,0.0,133.49,17.45,2140.78,False,5.024
1443,8,03/05/2013,61.99,6350.54,37.92,63.97,2335.52,1436.22,False,
1444,8,10/05/2013,60.86,5616.53,51.37,44.57,212.39,5825.55,False,
1445,8,17/05/2013,68.96,4828.72,77.27,9.6,740.82,3053.03,False,
1446,8,24/05/2013,75.19,3574.15,33.96,583.98,903.89,2985.58,False,
1447,8,31/05/2013,78.64,6642.08,38.92,516.31,25.06,4405.9,False,
1448,8,07/06/2013,75.82,8402.95,427.63,211.64,4447.74,3276.15,False,
1449,8,14/06/2013,79.04,5285.0,274.37,538.68,1761.08,1596.28,False,
1450,8,21/06/2013,77.28,2732.22,372.86,228.8,1425.64,3966.22,False,
1451,8,28/06/2013,85.64,7133.36,388.98,20.2,2483.25,3965.72,False,
1452,8,05/07/2013,76.18,6801.88,1592.93,880.32,5097.59,1717.64,False,
1453,8,12/07/2013,83.16,4018.39,893.36,95.35,1586.56,3186.0,False,
1454,8,19/07/2013,72.86,1034.72,486.84,43.83,818.13,7118.46,False,
1455,8,26/07/2013,78.7,675.56,740.04,55.38,73.42,2343.11,False,
1456,9,05/02/2010,38.01,0.0,0.0,0.0,0.0,0.0,False,6.415
1457,9,12/02/2010,37.08,0.0,0.0,0.0,0.0,0.0,True,6.415
1458,9,19/02/2010,43.06,0.0,0.0,0.0,0.0,0.0,False,6.415
1459,9,26/02/2010,43.83,0.0,0.0,0.0,0.0,0.0,False,6.415
1460,9,05/03/2010,48.43,0.0,0.0,0.0,0.0,0.0,False,6.415
1461,9,12/03/2010,55.76,0.0,0.0,0.0,0.0,0.0,False,6.415
1462,9,19/03/2010,53.15,0.0,0.0,0.0,0.0,0.0,False,6.415
1463,9,26/03/2010,51.8,0.0,0.0,0.0,0.0,0.0,False,6.415
1464,9,02/04/2010,65.21,0.0,0.0,0.0,0.0,0.0,False,6.384
1465,9,09/04/2010,64.95,0.0,0.0,0.0,0.0,0.0,False,6.384
1466,9,16/04/2010,66.09,0.0,0.0,0.0,0.0,0.0,False,6.384
1467,9,23/04/2010,61.26,0.0,0.0,0.0,0.0,0.0,False,6.384
1468,9,30/04/2010,66.07,0.0,0.0,0.0,0.0,0.0,False,6.384
1469,9,07/05/2010,68.58,0.0,0.0,0.0,0.0,0.0,False,6.384
1470,9,14/05/2010,70.53,0.0,0.0,0.0,0.0,0.0,False,6.384
1471,9,21/05/2010,71.5,0.0,0.0,0.0,0.0,0.0,False,6.384
1472,9,28/05/2010,77.12,0.0,0.0,0.0,0.0,0.0,False,6.384
1473,9,04/06/2010,79.65,0.0,0.0,0.0,0.0,0.0,False,6.384
1474,9,11/06/2010,83.75,0.0,0.0,0.0,0.0,0.0,False,6.384
1475,9,18/06/2010,82.99,0.0,0.0,0.0,0.0,0.0,False,6.384
1476,9,25/06/2010,85.02,0.0,0.0,0.0,0.0,0.0,False,6.384
1477,9,02/07/2010,78.55,0.0,0.0,0.0,0.0,0.0,False,6.442
1478,9,09/07/2010,78.51,0.0,0.0,0.0,0.0,0.0,False,6.442
1479,9,16/07/2010,82.93,0.0,0.0,0.0,0.0,0.0,False,6.442
1480,9,23/07/2010,84.49,0.0,0.0,0.0,0.0,0.0,False,6.442
1481,9,30/07/2010,79.83,0.0,0.0,0.0,0.0,0.0,False,6.442
1482,9,06/08/2010,87.09,0.0,0.0,0.0,0.0,0.0,False,6.442
1483,9,13/08/2010,86.85,0.0,0.0,0.0,0.0,0.0,False,6.442
1484,9,20/08/2010,86.3,0.0,0.0,0.0,0.0,0.0,False,6.442
1485,9,27/08/2010,84.01,0.0,0.0,0.0,0.0,0.0,False,6.442
1486,9,03/09/2010,82.47,0.0,0.0,0.0,0.0,0.0,False,6.442
1487,9,10/09/2010,77.7,0.0,0.0,0.0,0.0,0.0,True,6.442
1488,9,17/09/2010,81.19,0.0,0.0,0.0,0.0,0.0,False,6.442
1489,9,24/09/2010,77.15,0.0,0.0,0.0,0.0,0.0,False,6.442
1490,9,01/10/2010,69.08,0.0,0.0,0.0,0.0,0.0,False,6.56
1491,9,08/10/2010,65.35,0.0,0.0,0.0,0.0,0.0,False,6.56
1492,9,15/10/2010,67.36,0.0,0.0,0.0,0.0,0.0,False,6.56
1493,9,22/10/2010,69.99,0.0,0.0,0.0,0.0,0.0,False,6.56
1494,9,29/10/2010,64.43,0.0,0.0,0.0,0.0,0.0,False,6.56
1495,9,05/11/2010,58.69,0.0,0.0,0.0,0.0,0.0,False,6.56
1496,9,12/11/2010,61.59,0.0,0.0,0.0,0.0,0.0,False,6.56
1497,9,19/11/2010,49.96,0.0,0.0,0.0,0.0,0.0,False,6.56
1498,9,26/11/2010,60.18,0.0,0.0,0.0,0.0,0.0,True,6.56
1499,9,03/12/2010,49.89,0.0,0.0,0.0,0.0,0.0,False,6.56
1500,9,10/12/2010,46.1,0.0,0.0,0.0,0.0,0.0,False,6.56
1501,9,17/12/2010,49.7,0.0,0.0,0.0,0.0,0.0,False,6.56
1502,9,24/12/2010,50.93,0.0,0.0,0.0,0.0,0.0,False,6.56
1503,9,31/12/2010,45.92,0.0,0.0,0.0,0.0,0.0,True,6.56
1504,9,07/01/2011,41.82,0.0,0.0,0.0,0.0,0.0,False,6.416
1505,9,14/01/2011,36.43,0.0,0.0,0.0,0.0,0.0,False,6.416
1506,9,21/01/2011,44.72,0.0,0.0,0.0,0.0,0.0,False,6.416
1507,9,28/01/2011,43.9,0.0,0.0,0.0,0.0,0.0,False,6.416
1508,9,04/02/2011,31.82,0.0,0.0,0.0,0.0,0.0,False,6.416
1509,9,11/02/2011,34.13,0.0,0.0,0.0,0.0,0.0,True,6.416
1510,9,18/02/2011,58.5,0.0,0.0,0.0,0.0,0.0,False,6.416
1511,9,25/02/2011,59.01,0.0,0.0,0.0,0.0,0.0,False,6.416
1512,9,04/03/2011,60.67,0.0,0.0,0.0,0.0,0.0,False,6.416
1513,9,11/03/2011,54.75,0.0,0.0,0.0,0.0,0.0,False,6.416
1514,9,18/03/2011,63.82,0.0,0.0,0.0,0.0,0.0,False,6.416
1515,9,25/03/2011,68.79,0.0,0.0,0.0,0.0,0.0,False,6.416
1516,9,01/04/2011,56.12,0.0,0.0,0.0,0.0,0.0,False,6.38
1517,9,08/04/2011,71.4,0.0,0.0,0.0,0.0,0.0,False,6.38
1518,9,15/04/2011,71.9,0.0,0.0,0.0,0.0,0.0,False,6.38
1519,9,22/04/2011,72.35,0.0,0.0,0.0,0.0,0.0,False,6.38
1520,9,29/04/2011,70.85,0.0,0.0,0.0,0.0,0.0,False,6.38
1521,9,06/05/2011,62.2,0.0,0.0,0.0,0.0,0.0,False,6.38
1522,9,13/05/2011,77.66,0.0,0.0,0.0,0.0,0.0,False,6.38
1523,9,20/05/2011,70.49,0.0,0.0,0.0,0.0,0.0,False,6.38
1524,9,27/05/2011,80.42,0.0,0.0,0.0,0.0,0.0,False,6.38
1525,9,03/06/2011,85.8,0.0,0.0,0.0,0.0,0.0,False,6.38
1526,9,10/06/2011,85.81,0.0,0.0,0.0,0.0,0.0,False,6.38
1527,9,17/06/2011,89.15,0.0,0.0,0.0,0.0,0.0,False,6.38
1528,9,24/06/2011,86.74,0.0,0.0,0.0,0.0,0.0,False,6.38
1529,9,01/07/2011,89.14,0.0,0.0,0.0,0.0,0.0,False,6.404
1530,9,08/07/2011,89.04,0.0,0.0,0.0,0.0,0.0,False,6.404
1531,9,15/07/2011,90.45,0.0,0.0,0.0,0.0,0.0,False,6.404
1532,9,22/07/2011,89.08,0.0,0.0,0.0,0.0,0.0,False,6.404
1533,9,29/07/2011,91.1,0.0,0.0,0.0,0.0,0.0,False,6.404
1534,9,05/08/2011,91.52,0.0,0.0,0.0,0.0,0.0,False,6.404
1535,9,12/08/2011,91.63,0.0,0.0,0.0,0.0,0.0,False,6.404
1536,9,19/08/2011,85.8,0.0,0.0,0.0,0.0,0.0,False,6.404
1537,9,26/08/2011,88.95,0.0,0.0,0.0,0.0,0.0,False,6.404
1538,9,02/09/2011,89.33,0.0,0.0,0.0,0.0,0.0,False,6.404
1539,9,09/09/2011,75.65,0.0,0.0,0.0,0.0,0.0,True,6.404
1540,9,16/09/2011,77.95,0.0,0.0,0.0,0.0,0.0,False,6.404
1541,9,23/09/2011,74.42,0.0,0.0,0.0,0.0,0.0,False,6.404
1542,9,30/09/2011,78.45,0.0,0.0,0.0,0.0,0.0,False,6.404
1543,9,07/10/2011,72.62,0.0,0.0,0.0,0.0,0.0,False,6.054
1544,9,14/10/2011,67.27,0.0,0.0,0.0,0.0,0.0,False,6.054
1545,9,21/10/2011,65.46,0.0,0.0,0.0,0.0,0.0,False,6.054
1546,9,28/10/2011,63.96,0.0,0.0,0.0,0.0,0.0,False,6.054
1547,9,04/11/2011,54.46,0.0,0.0,0.0,0.0,0.0,False,6.054
1548,9,11/11/2011,58.28,3235.06,1645.11,63.15,1580.98,2209.21,False,6.054
1549,9,18/11/2011,58.8,3648.4,2.63,21.12,1639.62,3623.62,False,6.054
1550,9,25/11/2011,54.32,121.57,0.0,44061.13,247.83,8294.47,True,6.054
1551,9,02/12/2011,46.84,1237.88,0.0,1330.53,643.78,8323.51,False,6.054
1552,9,09/12/2011,37.65,3075.89,0.0,248.8,822.69,7585.2,False,6.054
1553,9,16/12/2011,47.31,2755.9,0.0,136.48,384.78,2240.49,False,6.054
1554,9,23/12/2011,44.43,719.14,0.24,318.75,17.72,2357.19,False,6.054
1555,9,30/12/2011,43.41,2155.73,14481.63,44.07,237.84,3699.24,True,6.054
1556,9,06/01/2012,47.54,3597.08,6203.76,11.2,3743.55,1912.75,False,5.667
1557,9,13/01/2012,42.44,4731.1,2959.36,0.0,129.27,3416.48,False,5.667
1558,9,20/01/2012,51.56,910.51,234.36,0.0,117.08,6081.04,False,5.667
1559,9,27/01/2012,49.38,489.19,283.85,0.0,22.5,2888.79,False,5.667
1560,9,03/02/2012,54.43,19289.22,527.14,4.46,9955.21,3428.92,False,5.667
1561,9,10/02/2012,44.03,5619.8,1595.17,1.71,4740.66,4494.14,True,5.667
1562,9,17/02/2012,43.81,4572.81,5448.91,6.0,945.06,7589.85,False,5.667
1563,9,24/02/2012,53.67,3801.98,4010.13,1.0,586.06,7315.09,False,5.667
1564,9,02/03/2012,57.2,6268.15,154.97,0.0,3557.17,1878.44,False,5.667
1565,9,09/03/2012,54.03,3923.2,96.52,17.36,990.11,2755.72,False,5.667
1566,9,16/03/2012,59.94,1913.05,1.8,7.33,436.67,14026.36,False,5.667
1567,9,23/03/2012,58.79,1681.15,1.8,0.68,414.45,466.42,False,5.667
1568,9,30/03/2012,67.87,3669.95,15.98,0.0,69.02,2049.16,False,5.667
1569,9,06/04/2012,68.83,4876.77,0.0,10.0,1201.8,8545.16,False,5.539
1570,9,13/04/2012,69.19,4939.14,856.32,0.0,290.87,807.0,False,5.539
1571,9,20/04/2012,68.04,910.31,121.25,2.0,265.55,1146.34,False,5.539
1572,9,27/04/2012,73.07,409.76,0.0,0.4,7.88,7179.53,False,5.539
1573,9,04/05/2012,78.98,5917.56,0.0,68.0,969.06,647.76,False,5.539
1574,9,11/05/2012,70.94,4727.8,0.0,1.04,356.78,1077.81,False,5.539
1575,9,18/05/2012,69.52,1926.92,0.0,0.24,426.51,2968.78,False,5.539
1576,9,25/05/2012,79.69,1574.27,0.0,361.83,81.12,5286.38,False,5.539
1577,9,01/06/2012,80.26,2542.14,35.6,76.8,374.37,3413.57,False,5.539
1578,9,08/06/2012,78.91,3564.15,142.2,0.3,81.26,5518.29,False,5.539
1579,9,15/06/2012,82.21,3296.23,176.4,50.03,780.78,4209.82,False,5.539
1580,9,22/06/2012,81.05,2886.26,3.8,0.0,1270.8,4545.91,False,5.539
1581,9,29/06/2012,87.18,2073.16,120.0,0.0,31.75,2792.7,False,5.539
1582,9,06/07/2012,84.15,3165.17,87.2,8.08,1642.41,2096.86,False,5.277
1583,9,13/07/2012,82.39,3031.81,0.0,2.02,47.76,4554.39,False,5.277
1584,9,20/07/2012,83.39,1107.97,0.5,5.85,862.28,1986.24,False,5.277
1585,9,27/07/2012,86.41,1042.73,8.0,1.66,1129.2,2929.43,False,5.277
1586,9,03/08/2012,90.23,11864.5,61.0,0.22,1659.09,2176.37,False,5.277
1587,9,10/08/2012,88.66,3180.78,-9.94,1.4,2112.03,2314.58,False,5.277
1588,9,17/08/2012,86.37,975.91,0.0,3.0,325.68,670.48,False,5.277
1589,9,24/08/2012,77.9,1524.71,0.0,1.8,501.16,4241.59,False,5.277
1590,9,31/08/2012,80.71,5758.14,0.0,17.6,2828.89,1884.13,False,5.277
1591,9,07/09/2012,87.93,4837.99,-5.96,22.74,602.8,1377.59,True,5.277
1592,9,14/09/2012,73.55,2640.68,0.0,10.75,385.53,4276.03,False,5.277
1593,9,21/09/2012,69.92,1887.95,1.91,0.0,273.53,4626.19,False,5.277
1594,9,28/09/2012,76.8,1699.68,1.91,0.55,190.38,1819.15,False,5.277
1595,9,05/10/2012,66.61,2657.57,0.0,3.01,1107.79,1560.55,False,4.954
1596,9,12/10/2012,60.09,520.41,0.0,6.01,0.0,2839.84,False,4.954
1597,9,19/10/2012,68.01,545.72,0.0,8.0,28.94,3098.87,False,4.954
1598,9,26/10/2012,69.52,512.23,3.0,8.0,0.0,1666.38,False,4.954
1599,9,02/11/2012,56.26,2291.26,2178.48,65.25,20.52,1347.79,False,4.954
1600,9,09/11/2012,63.9,3595.06,2243.43,27.65,1000.2,1881.75,False,4.954
1601,9,16/11/2012,53.15,1675.29,278.78,35.64,153.18,1749.12,False,4.954
1602,9,23/11/2012,59.74,2.5,0.02,55952.99,14.64,310.72,True,4.954
1603,9,30/11/2012,53.86,1383.39,0.0,5101.2,101.22,8336.61,False,4.954
1604,9,07/12/2012,61.19,2521.31,0.0,388.0,171.98,4047.33,False,4.954
1605,9,14/12/2012,46.2,1789.62,0.0,182.0,26.91,1233.42,False,4.954
1606,9,21/12/2012,53.23,1374.65,107.88,205.02,0.0,421.38,False,4.954
1607,9,28/12/2012,40.51,4089.65,7901.92,292.62,146.64,142.75,True,4.954
1608,9,04/01/2013,34.65,894.63,5462.31,11.72,0.0,1750.05,False,5.049
1609,9,11/01/2013,42.47,2071.62,3716.52,1.48,27.44,3263.71,False,5.049
1610,9,18/01/2013,36.34,3421.04,1401.49,2.88,381.88,1418.05,False,5.049
1611,9,25/01/2013,49.14,200.46,348.2,-14.29,59.0,2162.77,False,5.049
1612,9,01/02/2013,52.1,1879.84,168.58,60.0,1906.67,2777.26,False,5.049
1613,9,08/02/2013,52.91,24879.62,283.19,23.36,11771.16,7923.44,True,5.049
1614,9,15/02/2013,46.86,4934.31,1410.08,0.18,1471.88,1929.96,False,5.049
1615,9,22/02/2013,45.91,2810.86,1405.04,-179.26,63.12,3593.56,False,5.049
1616,9,01/03/2013,43.73,3203.42,155.89,0.0,4.87,2740.31,False,5.049
1617,9,08/03/2013,54.57,7327.86,14.52,20.3,970.77,2610.21,False,5.049
1618,9,15/03/2013,56.06,2546.99,0.0,0.18,72.19,2078.03,False,5.049
1619,9,22/03/2013,60.0,3054.45,0.0,440.0,472.45,1255.31,False,5.049
1620,9,29/03/2013,52.04,2347.73,0.0,333.84,0.0,1843.46,False,5.049
1621,9,05/04/2013,56.16,5976.92,627.38,269.52,614.76,1442.47,False,4.893
1622,9,12/04/2013,63.1,1113.0,136.6,29.28,104.16,4195.31,False,4.893
1623,9,19/04/2013,66.36,1769.37,0.0,97.1,0.0,3594.24,False,4.893
1624,9,26/04/2013,59.94,316.93,0.0,95.0,7.76,547.5,False,4.893
1625,9,03/05/2013,66.21,1984.01,0.0,15.0,771.12,4198.23,False,
1626,9,10/05/2013,65.33,1944.79,24.0,60.14,53.46,3130.68,False,
1627,9,17/05/2013,72.03,1198.65,25.94,0.06,292.07,6914.37,False,
1628,9,24/05/2013,80.06,2107.41,4.0,249.17,109.74,2590.06,False,
1629,9,31/05/2013,78.83,1573.24,65.11,203.57,5.84,1536.38,False,
1630,9,07/06/2013,78.83,3845.78,192.57,128.97,1453.88,2191.72,False,
1631,9,14/06/2013,79.43,958.94,119.77,425.36,510.55,1943.57,False,
1632,9,21/06/2013,79.37,2301.44,108.68,134.6,336.15,2399.94,False,
1633,9,28/06/2013,85.76,1358.51,318.95,0.0,205.18,2011.68,False,
1634,9,05/07/2013,80.11,5382.87,886.86,484.64,1899.92,1478.67,False,
1635,9,12/07/2013,85.23,2239.81,594.63,89.7,404.25,1613.78,False,
1636,9,19/07/2013,75.26,1040.56,188.09,0.0,178.85,1507.3,False,
1637,9,26/07/2013,82.37,52.43,258.14,0.0,2.5,1265.6,False,
1638,10,05/02/2010,54.34,0.0,0.0,0.0,0.0,0.0,False,9.765
1639,10,12/02/2010,49.96,0.0,0.0,0.0,0.0,0.0,True,9.765
1640,10,19/02/2010,58.22,0.0,0.0,0.0,0.0,0.0,False,9.765
1641,10,26/02/2010,52.77,0.0,0.0,0.0,0.0,0.0,False,9.765
1642,10,05/03/2010,55.92,0.0,0.0,0.0,0.0,0.0,False,9.765
1643,10,12/03/2010,52.33,0.0,0.0,0.0,0.0,0.0,False,9.765
1644,10,19/03/2010,61.46,0.0,0.0,0.0,0.0,0.0,False,9.765
1645,10,26/03/2010,60.05,0.0,0.0,0.0,0.0,0.0,False,9.765
1646,10,02/04/2010,63.66,0.0,0.0,0.0,0.0,0.0,False,9.524
1647,10,09/04/2010,65.29,0.0,0.0,0.0,0.0,0.0,False,9.524
1648,10,16/04/2010,69.74,0.0,0.0,0.0,0.0,0.0,False,9.524
1649,10,23/04/2010,66.42,0.0,0.0,0.0,0.0,0.0,False,9.524
1650,10,30/04/2010,69.76,0.0,0.0,0.0,0.0,0.0,False,9.524
1651,10,07/05/2010,71.06,0.0,0.0,0.0,0.0,0.0,False,9.524
1652,10,14/05/2010,73.88,0.0,0.0,0.0,0.0,0.0,False,9.524
1653,10,21/05/2010,78.32,0.0,0.0,0.0,0.0,0.0,False,9.524
1654,10,28/05/2010,76.67,0.0,0.0,0.0,0.0,0.0,False,9.524
1655,10,04/06/2010,82.82,0.0,0.0,0.0,0.0,0.0,False,9.524
1656,10,11/06/2010,89.67,0.0,0.0,0.0,0.0,0.0,False,9.524
1657,10,18/06/2010,83.49,0.0,0.0,0.0,0.0,0.0,False,9.524
1658,10,25/06/2010,90.32,0.0,0.0,0.0,0.0,0.0,False,9.524
1659,10,02/07/2010,92.89,0.0,0.0,0.0,0.0,0.0,False,9.199
1660,10,09/07/2010,91.03,0.0,0.0,0.0,0.0,0.0,False,9.199
1661,10,16/07/2010,91.8,0.0,0.0,0.0,0.0,0.0,False,9.199
1662,10,23/07/2010,88.44,0.0,0.0,0.0,0.0,0.0,False,9.199
1663,10,30/07/2010,85.03,0.0,0.0,0.0,0.0,0.0,False,9.199
1664,10,06/08/2010,86.13,0.0,0.0,0.0,0.0,0.0,False,9.199
1665,10,13/08/2010,88.37,0.0,0.0,0.0,0.0,0.0,False,9.199
1666,10,20/08/2010,89.88,0.0,0.0,0.0,0.0,0.0,False,9.199
1667,10,27/08/2010,84.99,0.0,0.0,0.0,0.0,0.0,False,9.199
1668,10,03/09/2010,83.8,0.0,0.0,0.0,0.0,0.0,False,9.199
1669,10,10/09/2010,84.04,0.0,0.0,0.0,0.0,0.0,True,9.199
1670,10,17/09/2010,85.52,0.0,0.0,0.0,0.0,0.0,False,9.199
1671,10,24/09/2010,85.75,0.0,0.0,0.0,0.0,0.0,False,9.199
1672,10,01/10/2010,86.01,0.0,0.0,0.0,0.0,0.0,False,9.003
1673,10,08/10/2010,77.04,0.0,0.0,0.0,0.0,0.0,False,9.003
1674,10,15/10/2010,75.48,0.0,0.0,0.0,0.0,0.0,False,9.003
1675,10,22/10/2010,68.12,0.0,0.0,0.0,0.0,0.0,False,9.003
1676,10,29/10/2010,68.76,0.0,0.0,0.0,0.0,0.0,False,9.003
1677,10,05/11/2010,71.04,0.0,0.0,0.0,0.0,0.0,False,9.003
1678,10,12/11/2010,61.24,0.0,0.0,0.0,0.0,0.0,False,9.003
1679,10,19/11/2010,58.83,0.0,0.0,0.0,0.0,0.0,False,9.003
1680,10,26/11/2010,55.33,0.0,0.0,0.0,0.0,0.0,True,9.003
1681,10,03/12/2010,51.17,0.0,0.0,0.0,0.0,0.0,False,9.003
1682,10,10/12/2010,60.51,0.0,0.0,0.0,0.0,0.0,False,9.003
1683,10,17/12/2010,59.15,0.0,0.0,0.0,0.0,0.0,False,9.003
1684,10,24/12/2010,57.06,0.0,0.0,0.0,0.0,0.0,False,9.003
1685,10,31/12/2010,49.67,0.0,0.0,0.0,0.0,0.0,True,9.003
1686,10,07/01/2011,43.43,0.0,0.0,0.0,0.0,0.0,False,8.744
1687,10,14/01/2011,49.98,0.0,0.0,0.0,0.0,0.0,False,8.744
1688,10,21/01/2011,56.75,0.0,0.0,0.0,0.0,0.0,False,8.744
1689,10,28/01/2011,53.03,0.0,0.0,0.0,0.0,0.0,False,8.744
1690,10,04/02/2011,44.88,0.0,0.0,0.0,0.0,0.0,False,8.744
1691,10,11/02/2011,51.51,0.0,0.0,0.0,0.0,0.0,True,8.744
1692,10,18/02/2011,61.77,0.0,0.0,0.0,0.0,0.0,False,8.744
1693,10,25/02/2011,53.59,0.0,0.0,0.0,0.0,0.0,False,8.744
1694,10,04/03/2011,56.96,0.0,0.0,0.0,0.0,0.0,False,8.744
1695,10,11/03/2011,64.22,0.0,0.0,0.0,0.0,0.0,False,8.744
1696,10,18/03/2011,70.12,0.0,0.0,0.0,0.0,0.0,False,8.744
1697,10,25/03/2011,62.53,0.0,0.0,0.0,0.0,0.0,False,8.744
1698,10,01/04/2011,67.64,0.0,0.0,0.0,0.0,0.0,False,8.494
1699,10,08/04/2011,73.03,0.0,0.0,0.0,0.0,0.0,False,8.494
1700,10,15/04/2011,61.05,0.0,0.0,0.0,0.0,0.0,False,8.494
1701,10,22/04/2011,75.93,0.0,0.0,0.0,0.0,0.0,False,8.494
1702,10,29/04/2011,73.38,0.0,0.0,0.0,0.0,0.0,False,8.494
1703,10,06/05/2011,73.56,0.0,0.0,0.0,0.0,0.0,False,8.494
1704,10,13/05/2011,74.04,0.0,0.0,0.0,0.0,0.0,False,8.494
1705,10,20/05/2011,72.62,0.0,0.0,0.0,0.0,0.0,False,8.494
1706,10,27/05/2011,78.62,0.0,0.0,0.0,0.0,0.0,False,8.494
1707,10,03/06/2011,81.87,0.0,0.0,0.0,0.0,0.0,False,8.494
1708,10,10/06/2011,84.57,0.0,0.0,0.0,0.0,0.0,False,8.494
1709,10,17/06/2011,87.96,0.0,0.0,0.0,0.0,0.0,False,8.494
1710,10,24/06/2011,90.69,0.0,0.0,0.0,0.0,0.0,False,8.494
1711,10,01/07/2011,95.36,0.0,0.0,0.0,0.0,0.0,False,8.257
1712,10,08/07/2011,88.57,0.0,0.0,0.0,0.0,0.0,False,8.257
1713,10,15/07/2011,86.01,0.0,0.0,0.0,0.0,0.0,False,8.257
1714,10,22/07/2011,88.59,0.0,0.0,0.0,0.0,0.0,False,8.257
1715,10,29/07/2011,86.75,0.0,0.0,0.0,0.0,0.0,False,8.257
1716,10,05/08/2011,89.8,0.0,0.0,0.0,0.0,0.0,False,8.257
1717,10,12/08/2011,85.61,0.0,0.0,0.0,0.0,0.0,False,8.257
1718,10,19/08/2011,87.4,0.0,0.0,0.0,0.0,0.0,False,8.257
1719,10,26/08/2011,91.59,0.0,0.0,0.0,0.0,0.0,False,8.257
1720,10,02/09/2011,91.61,0.0,0.0,0.0,0.0,0.0,False,8.257
1721,10,09/09/2011,89.06,0.0,0.0,0.0,0.0,0.0,True,8.257
1722,10,16/09/2011,77.49,0.0,0.0,0.0,0.0,0.0,False,8.257
1723,10,23/09/2011,82.51,0.0,0.0,0.0,0.0,0.0,False,8.257
1724,10,30/09/2011,82.27,0.0,0.0,0.0,0.0,0.0,False,8.257
1725,10,07/10/2011,75.01,0.0,0.0,0.0,0.0,0.0,False,7.874
1726,10,14/10/2011,70.27,0.0,0.0,0.0,0.0,0.0,False,7.874
1727,10,21/10/2011,77.91,0.0,0.0,0.0,0.0,0.0,False,7.874
1728,10,28/10/2011,72.79,0.0,0.0,0.0,0.0,0.0,False,7.874
1729,10,04/11/2011,68.57,0.0,0.0,0.0,0.0,0.0,False,7.874
1730,10,11/11/2011,55.28,13444.17,14909.99,752.18,4320.22,5896.3,False,7.874
1731,10,18/11/2011,58.97,3886.23,708.7,115.18,695.54,9141.32,False,7.874
1732,10,25/11/2011,60.68,174.72,329.0,141630.61,79.0,1009.98,True,7.874
1733,10,02/12/2011,57.29,7772.17,240.0,4737.51,6615.5,36360.42,False,7.874
1734,10,09/12/2011,42.58,7010.08,74.24,1019.36,5124.86,9458.28,False,7.874
1735,10,16/12/2011,50.53,2200.27,337.44,1203.16,158.52,3475.95,False,7.874
1736,10,23/12/2011,48.36,300.02,77.73,2432.01,108.37,4078.21,False,7.874
1737,10,30/12/2011,48.92,7676.36,104519.54,179.82,1573.87,3732.93,True,7.874
1738,10,06/01/2012,59.85,7737.75,38456.09,39.72,305.2,5408.08,False,7.545
1739,10,13/01/2012,51.0,5203.77,14424.42,1.38,597.55,5659.57,False,7.545
1740,10,20/01/2012,54.51,2972.31,3286.44,1.0,644.03,5331.52,False,7.545
1741,10,27/01/2012,53.59,3242.59,1646.86,0.0,45.8,1691.83,False,7.545
1742,10,03/02/2012,56.85,42468.4,1985.73,174.33,33345.34,5609.77,False,7.545
1743,10,10/02/2012,55.73,8414.22,861.38,66.96,6806.11,5723.0,True,7.545
1744,10,17/02/2012,54.12,20174.89,8935.08,10.8,6330.02,12821.24,False,7.545
1745,10,24/02/2012,56.02,13929.09,4614.67,0.0,596.5,6528.31,False,7.545
1746,10,02/03/2012,57.62,22685.06,152.91,48.76,5831.75,2808.95,False,7.545
1747,10,09/03/2012,57.65,11265.62,7.9,14.95,919.45,2473.83,False,7.545
1748,10,16/03/2012,62.11,3977.45,-10.5,6.03,1928.5,2273.92,False,7.545
1749,10,23/03/2012,56.54,4034.35,3.1,4.08,480.89,2194.51,False,7.545
1750,10,30/03/2012,67.92,7388.74,7.8,0.0,574.87,4035.49,False,7.545
1751,10,06/04/2012,65.99,9256.0,0.0,23.74,4802.15,8553.67,False,7.382
1752,10,13/04/2012,70.28,7299.64,10818.3,27.47,3675.97,1148.04,False,7.382
1753,10,20/04/2012,67.75,4973.95,4561.31,5.17,1953.72,3653.48,False,7.382
1754,10,27/04/2012,80.11,3444.43,1.5,3.39,124.18,2906.22,False,7.382
1755,10,04/05/2012,77.02,18275.88,0.0,21.31,4872.45,2722.29,False,7.382
1756,10,11/05/2012,76.03,10837.25,0.0,105.67,4736.02,2747.36,False,7.382
1757,10,18/05/2012,85.19,9630.62,0.0,9.46,972.85,2986.24,False,7.382
1758,10,25/05/2012,86.03,7786.58,0.0,712.2,1701.28,3214.55,False,7.382
1759,10,01/06/2012,80.06,11614.41,0.0,172.39,2945.55,1528.02,False,7.382
1760,10,08/06/2012,86.87,7184.69,31.0,338.26,637.39,5399.57,False,7.382
1761,10,15/06/2012,88.58,6017.71,18.8,41.99,2052.91,4250.19,False,7.382
1762,10,22/06/2012,89.92,7684.55,12.6,1.17,3375.65,7210.53,False,7.382
1763,10,29/06/2012,91.36,3339.88,22.0,0.0,1119.45,3710.52,False,7.382
1764,10,06/07/2012,86.87,12644.88,11.2,4.12,5763.56,4746.94,False,7.17
1765,10,13/07/2012,89.8,7069.25,5.0,0.32,8194.36,1372.82,False,7.17
1766,10,20/07/2012,84.45,6596.8,-1.6,44.6,4275.27,10650.28,False,7.17
1767,10,27/07/2012,83.98,9511.34,0.0,8.87,16376.33,3062.22,False,7.17
1768,10,03/08/2012,84.76,37194.44,0.0,53.4,21623.93,2549.27,False,7.17
1769,10,10/08/2012,90.78,15282.47,0.0,58.8,5537.01,14827.71,False,7.17
1770,10,17/08/2012,88.83,4407.9,0.0,7.2,3037.56,3717.52,False,7.17
1771,10,24/08/2012,82.5,11322.69,0.0,34.0,6602.59,7256.22,False,7.17
1772,10,31/08/2012,86.97,26218.85,0.0,68.24,12440.51,3544.68,False,7.17
1773,10,07/09/2012,83.07,11848.88,20.0,47.52,3530.47,2552.3,True,7.17
1774,10,14/09/2012,78.47,10389.14,0.0,15.97,4943.53,7618.04,False,7.17
1775,10,21/09/2012,81.93,11273.56,245.91,27.0,2976.5,7950.03,False,7.17
1776,10,28/09/2012,82.52,6091.96,62.82,2.82,3350.88,1751.75,False,7.17
1777,10,05/10/2012,80.88,8975.95,0.0,46.24,9546.75,7186.77,False,6.943
1778,10,12/10/2012,76.03,2674.51,0.0,10.32,1390.15,8116.13,False,6.943
1779,10,19/10/2012,72.71,3067.64,0.0,53.6,967.02,2705.58,False,6.943
1780,10,26/10/2012,70.5,9657.93,63.3,100.0,1925.87,834.57,False,6.943
1781,10,02/11/2012,70.79,25680.2,6037.06,44.68,17412.04,4223.05,False,6.943
1782,10,09/11/2012,70.28,9208.4,2501.11,364.14,679.96,6831.32,False,6.943
1783,10,16/11/2012,58.82,13459.0,120.76,128.41,1802.25,5503.42,False,6.943
1784,10,23/11/2012,63.95,1789.75,0.1,146394.44,787.24,1005.18,True,6.943
1785,10,30/11/2012,64.13,4304.0,0.0,8935.0,175.68,12676.61,False,6.943
1786,10,07/12/2012,61.21,13613.52,0.0,822.0,3516.91,18831.34,False,6.943
1787,10,14/12/2012,53.86,4548.24,0.0,179.56,1772.9,1639.16,False,6.943
1788,10,21/12/2012,49.79,5582.35,11.0,248.02,72.29,3904.43,False,6.943
1789,10,28/12/2012,50.09,7810.94,71074.17,618.04,15.47,302.01,True,6.943
1790,10,04/01/2013,45.01,2912.56,47440.51,8.96,102.02,3591.51,False,6.897
1791,10,11/01/2013,49.38,5044.1,12418.39,4.14,1338.89,2169.24,False,6.897
1792,10,18/01/2013,40.67,2985.32,2043.0,2.74,2.88,2275.88,False,6.897
1793,10,25/01/2013,59.76,2255.78,1790.75,1.7,693.48,1280.81,False,6.897
1794,10,01/02/2013,51.86,12823.37,683.96,388.4,7973.65,1063.21,False,6.897
1795,10,08/02/2013,57.25,73407.49,127.12,440.16,37571.17,7891.72,True,6.897
1796,10,15/02/2013,45.8,15135.48,4327.15,35.2,3501.52,7136.52,False,6.897
1797,10,22/02/2013,52.39,9000.19,4205.69,200.4,1181.68,3176.17,False,6.897
1798,10,01/03/2013,48.17,17336.83,324.31,2.0,581.51,1568.74,False,6.897
1799,10,08/03/2013,64.17,30042.66,349.22,29.14,6969.72,4125.89,False,6.897
1800,10,15/03/2013,62.1,10158.96,0.0,4.66,726.65,1874.34,False,6.897
1801,10,22/03/2013,70.18,7869.15,0.0,2415.0,2344.35,1336.56,False,6.897
1802,10,29/03/2013,68.22,6681.67,0.0,911.28,76.3,2739.61,False,6.897
1803,10,05/04/2013,70.74,9965.99,4803.63,766.72,3310.09,2541.31,False,6.791
1804,10,12/04/2013,66.61,7655.94,633.02,70.48,3582.29,2394.07,False,6.791
1805,10,19/04/2013,68.63,1432.3,5.46,171.64,122.62,655.79,False,6.791
1806,10,26/04/2013,74.61,2750.99,0.0,196.72,39.17,1262.38,False,6.791
1807,10,03/05/2013,78.41,13083.94,7.06,67.38,6259.16,1768.83,False,
1808,10,10/05/2013,74.59,3601.98,126.94,108.76,1550.0,4923.66,False,
1809,10,17/05/2013,82.47,11371.4,109.94,10.1,2853.61,3752.87,False,
1810,10,24/05/2013,81.57,7278.55,67.0,443.99,2456.22,2661.0,False,
1811,10,31/05/2013,82.62,1843.44,112.12,411.37,102.14,1833.56,False,
1812,10,07/06/2013,89.22,13759.96,146.67,658.36,9118.77,8033.78,False,
1813,10,14/06/2013,91.98,4897.78,157.21,1129.22,2803.41,1657.42,False,
1814,10,21/06/2013,90.67,3929.72,69.48,471.45,5261.84,4708.31,False,
1815,10,28/06/2013,90.28,5894.36,102.74,10.5,5852.61,5474.75,False,
1816,10,05/07/2013,93.54,14076.31,1533.74,523.78,7971.03,1212.02,False,
1817,10,12/07/2013,87.18,5894.71,393.58,38.54,4523.58,2221.85,False,
1818,10,19/07/2013,87.09,7816.71,791.21,165.0,8330.84,1355.78,False,
1819,10,26/07/2013,83.32,1221.15,936.36,165.5,198.93,1649.64,False,
1820,11,05/02/2010,46.04,0.0,0.0,0.0,0.0,0.0,False,7.368
1821,11,12/02/2010,48.01,0.0,0.0,0.0,0.0,0.0,True,7.368
1822,11,19/02/2010,48.3,0.0,0.0,0.0,0.0,0.0,False,7.368
1823,11,26/02/2010,52.79,0.0,0.0,0.0,0.0,0.0,False,7.368
1824,11,05/03/2010,53.96,0.0,0.0,0.0,0.0,0.0,False,7.368
1825,11,12/03/2010,64.1,0.0,0.0,0.0,0.0,0.0,False,7.368
1826,11,19/03/2010,61.51,0.0,0.0,0.0,0.0,0.0,False,7.368
1827,11,26/03/2010,58.09,0.0,0.0,0.0,0.0,0.0,False,7.368
1828,11,02/04/2010,66.16,0.0,0.0,0.0,0.0,0.0,False,7.343
1829,11,09/04/2010,69.57,0.0,0.0,0.0,0.0,0.0,False,7.343
1830,11,16/04/2010,67.81,0.0,0.0,0.0,0.0,0.0,False,7.343
1831,11,23/04/2010,68.37,0.0,0.0,0.0,0.0,0.0,False,7.343
1832,11,30/04/2010,71.13,0.0,0.0,0.0,0.0,0.0,False,7.343
1833,11,07/05/2010,75.57,0.0,0.0,0.0,0.0,0.0,False,7.343
1834,11,14/05/2010,77.64,0.0,0.0,0.0,0.0,0.0,False,7.343
1835,11,21/05/2010,76.97,0.0,0.0,0.0,0.0,0.0,False,7.343
1836,11,28/05/2010,79.69,0.0,0.0,0.0,0.0,0.0,False,7.343
1837,11,04/06/2010,79.66,0.0,0.0,0.0,0.0,0.0,False,7.343
1838,11,11/06/2010,82.81,0.0,0.0,0.0,0.0,0.0,False,7.343
1839,11,18/06/2010,84.13,0.0,0.0,0.0,0.0,0.0,False,7.343
1840,11,25/06/2010,84.5,0.0,0.0,0.0,0.0,0.0,False,7.343
1841,11,02/07/2010,83.09,0.0,0.0,0.0,0.0,0.0,False,7.346
1842,11,09/07/2010,83.01,0.0,0.0,0.0,0.0,0.0,False,7.346
1843,11,16/07/2010,84.9,0.0,0.0,0.0,0.0,0.0,False,7.346
1844,11,23/07/2010,84.57,0.0,0.0,0.0,0.0,0.0,False,7.346
1845,11,30/07/2010,83.26,0.0,0.0,0.0,0.0,0.0,False,7.346
1846,11,06/08/2010,86.54,0.0,0.0,0.0,0.0,0.0,False,7.346
1847,11,13/08/2010,87.73,0.0,0.0,0.0,0.0,0.0,False,7.346
1848,11,20/08/2010,88.93,0.0,0.0,0.0,0.0,0.0,False,7.346
1849,11,27/08/2010,87.7,0.0,0.0,0.0,0.0,0.0,False,7.346
1850,11,03/09/2010,84.94,0.0,0.0,0.0,0.0,0.0,False,7.346
1851,11,10/09/2010,81.93,0.0,0.0,0.0,0.0,0.0,True,7.346
1852,11,17/09/2010,83.04,0.0,0.0,0.0,0.0,0.0,False,7.346
1853,11,24/09/2010,77.36,0.0,0.0,0.0,0.0,0.0,False,7.346
1854,11,01/10/2010,75.11,0.0,0.0,0.0,0.0,0.0,False,7.564
1855,11,08/10/2010,68.71,0.0,0.0,0.0,0.0,0.0,False,7.564
1856,11,15/10/2010,71.46,0.0,0.0,0.0,0.0,0.0,False,7.564
1857,11,22/10/2010,72.6,0.0,0.0,0.0,0.0,0.0,False,7.564
1858,11,29/10/2010,74.21,0.0,0.0,0.0,0.0,0.0,False,7.564
1859,11,05/11/2010,64.41,0.0,0.0,0.0,0.0,0.0,False,7.564
1860,11,12/11/2010,63.74,0.0,0.0,0.0,0.0,0.0,False,7.564
1861,11,19/11/2010,58.63,0.0,0.0,0.0,0.0,0.0,False,7.564
1862,11,26/11/2010,69.9,0.0,0.0,0.0,0.0,0.0,True,7.564
1863,11,03/12/2010,55.9,0.0,0.0,0.0,0.0,0.0,False,7.564
1864,11,10/12/2010,53.33,0.0,0.0,0.0,0.0,0.0,False,7.564
1865,11,17/12/2010,54.63,0.0,0.0,0.0,0.0,0.0,False,7.564
1866,11,24/12/2010,59.33,0.0,0.0,0.0,0.0,0.0,False,7.564
1867,11,31/12/2010,55.03,0.0,0.0,0.0,0.0,0.0,True,7.564
1868,11,07/01/2011,54.43,0.0,0.0,0.0,0.0,0.0,False,7.551
1869,11,14/01/2011,45.34,0.0,0.0,0.0,0.0,0.0,False,7.551
1870,11,21/01/2011,51.51,0.0,0.0,0.0,0.0,0.0,False,7.551
1871,11,28/01/2011,51.04,0.0,0.0,0.0,0.0,0.0,False,7.551
1872,11,04/02/2011,47.17,0.0,0.0,0.0,0.0,0.0,False,7.551
1873,11,11/02/2011,44.61,0.0,0.0,0.0,0.0,0.0,True,7.551
1874,11,18/02/2011,61.5,0.0,0.0,0.0,0.0,0.0,False,7.551
1875,11,25/02/2011,68.74,0.0,0.0,0.0,0.0,0.0,False,7.551
1876,11,04/03/2011,66.5,0.0,0.0,0.0,0.0,0.0,False,7.551
1877,11,11/03/2011,63.29,0.0,0.0,0.0,0.0,0.0,False,7.551
1878,11,18/03/2011,70.17,0.0,0.0,0.0,0.0,0.0,False,7.551
1879,11,25/03/2011,73.74,0.0,0.0,0.0,0.0,0.0,False,7.551
1880,11,01/04/2011,69.1,0.0,0.0,0.0,0.0,0.0,False,7.574
1881,11,08/04/2011,73.57,0.0,0.0,0.0,0.0,0.0,False,7.574
1882,11,15/04/2011,76.64,0.0,0.0,0.0,0.0,0.0,False,7.574
1883,11,22/04/2011,78.31,0.0,0.0,0.0,0.0,0.0,False,7.574
1884,11,29/04/2011,79.97,0.0,0.0,0.0,0.0,0.0,False,7.574
1885,11,06/05/2011,71.39,0.0,0.0,0.0,0.0,0.0,False,7.574
1886,11,13/05/2011,80.93,0.0,0.0,0.0,0.0,0.0,False,7.574
1887,11,20/05/2011,76.97,0.0,0.0,0.0,0.0,0.0,False,7.574
1888,11,27/05/2011,85.61,0.0,0.0,0.0,0.0,0.0,False,7.574
1889,11,03/06/2011,86.14,0.0,0.0,0.0,0.0,0.0,False,7.574
1890,11,10/06/2011,85.79,0.0,0.0,0.0,0.0,0.0,False,7.574
1891,11,17/06/2011,87.9,0.0,0.0,0.0,0.0,0.0,False,7.574
1892,11,24/06/2011,86.13,0.0,0.0,0.0,0.0,0.0,False,7.574
1893,11,01/07/2011,86.43,0.0,0.0,0.0,0.0,0.0,False,7.567
1894,11,08/07/2011,87.17,0.0,0.0,0.0,0.0,0.0,False,7.567
1895,11,15/07/2011,88.3,0.0,0.0,0.0,0.0,0.0,False,7.567
1896,11,22/07/2011,87.8,0.0,0.0,0.0,0.0,0.0,False,7.567
1897,11,29/07/2011,89.46,0.0,0.0,0.0,0.0,0.0,False,7.567
1898,11,05/08/2011,90.04,0.0,0.0,0.0,0.0,0.0,False,7.567
1899,11,12/08/2011,90.3,0.0,0.0,0.0,0.0,0.0,False,7.567
1900,11,19/08/2011,89.51,0.0,0.0,0.0,0.0,0.0,False,7.567
1901,11,26/08/2011,89.09,0.0,0.0,0.0,0.0,0.0,False,7.567
1902,11,02/09/2011,91.44,0.0,0.0,0.0,0.0,0.0,False,7.567
1903,11,09/09/2011,84.91,0.0,0.0,0.0,0.0,0.0,True,7.567
1904,11,16/09/2011,85.11,0.0,0.0,0.0,0.0,0.0,False,7.567
1905,11,23/09/2011,82.14,0.0,0.0,0.0,0.0,0.0,False,7.567
1906,11,30/09/2011,84.4,0.0,0.0,0.0,0.0,0.0,False,7.567
1907,11,07/10/2011,76.97,0.0,0.0,0.0,0.0,0.0,False,7.197
1908,11,14/10/2011,75.56,0.0,0.0,0.0,0.0,0.0,False,7.197
1909,11,21/10/2011,70.91,0.0,0.0,0.0,0.0,0.0,False,7.197
1910,11,28/10/2011,72.66,0.0,0.0,0.0,0.0,0.0,False,7.197
1911,11,04/11/2011,61.13,0.0,0.0,0.0,0.0,0.0,False,7.197
1912,11,11/11/2011,64.2,9134.39,10126.19,473.38,2206.22,6338.3,False,7.197
1913,11,18/11/2011,66.17,10941.05,222.94,263.1,404.05,8885.3,False,7.197
1914,11,25/11/2011,70.03,531.09,74.35,71081.98,3.0,1676.85,True,7.197
1915,11,02/12/2011,56.89,7019.2,97.47,2917.09,3648.95,28803.28,False,7.197
1916,11,09/12/2011,50.63,4923.89,36.0,525.03,2598.36,8696.45,False,7.197
1917,11,16/12/2011,59.69,1812.02,143.06,592.44,669.07,4900.25,False,7.197
1918,11,23/12/2011,54.29,515.57,11.23,964.31,0.0,3429.82,False,7.197
1919,11,30/12/2011,48.86,4241.32,58046.41,239.33,78.09,586.72,True,7.197
1920,11,06/01/2012,54.44,5107.29,32305.3,144.66,530.55,6004.19,False,6.833
1921,11,13/01/2012,53.1,7153.87,4831.34,39.14,590.68,8698.99,False,6.833
1922,11,20/01/2012,56.43,2421.89,1803.64,37.76,297.73,2282.23,False,6.833
1923,11,27/01/2012,58.36,708.33,1631.94,49.3,3.0,2116.1,False,6.833
1924,11,03/02/2012,60.24,50909.18,1957.49,137.23,37091.67,6418.36,False,6.833
1925,11,10/02/2012,52.23,12424.72,4575.75,81.74,8932.68,6987.67,True,6.833
1926,11,17/02/2012,52.77,10256.46,9792.52,24.82,4060.54,2418.36,False,6.833
1927,11,24/02/2012,61.11,17546.88,7531.48,0.5,3698.03,12656.68,False,6.833
1928,11,02/03/2012,62.61,16404.25,1191.27,7.03,11524.7,4400.35,False,6.833
1929,11,09/03/2012,61.44,7634.94,379.04,3.5,1251.85,6147.5,False,6.833
1930,11,16/03/2012,64.21,7073.59,224.43,4.19,3164.68,2438.5,False,6.833
1931,11,23/03/2012,67.16,7359.11,297.23,2.04,558.46,3588.44,False,6.833
1932,11,30/03/2012,70.23,7438.04,190.98,1.0,1345.08,3504.0,False,6.833
1933,11,06/04/2012,74.19,10760.37,0.0,45.34,4048.21,5596.73,False,6.664
1934,11,13/04/2012,72.74,8906.38,4722.18,9.86,1412.83,2772.79,False,6.664
1935,11,20/04/2012,71.97,7906.21,68.22,1.44,393.55,4854.79,False,6.664
1936,11,27/04/2012,73.4,1824.41,1.41,1.48,0.0,5826.68,False,6.664
1937,11,04/05/2012,79.07,17975.32,0.0,160.84,9298.85,4109.98,False,6.664
1938,11,11/05/2012,75.13,15656.23,0.0,21.7,4600.43,3707.51,False,6.664
1939,11,18/05/2012,72.53,4622.9,0.0,9.22,479.55,4109.33,False,6.664
1940,11,25/05/2012,78.44,15143.06,0.0,984.13,2938.13,5495.44,False,6.664
1941,11,01/06/2012,81.67,8172.36,79.6,126.72,1785.38,4232.48,False,6.664
1942,11,08/06/2012,82.1,11984.13,191.4,78.65,2768.31,6358.77,False,6.664
1943,11,15/06/2012,84.97,7018.0,247.6,0.15,2876.5,4951.58,False,6.664
1944,11,22/06/2012,83.26,8329.88,278.6,1.98,1726.99,6103.42,False,6.664
1945,11,29/06/2012,87.86,4430.73,219.8,0.0,1799.43,6504.38,False,6.664
1946,11,06/07/2012,83.44,8324.1,125.6,88.73,6101.75,4603.06,False,6.334
1947,11,13/07/2012,82.46,7783.03,105.95,34.8,4778.55,2445.82,False,6.334
1948,11,20/07/2012,82.41,2874.78,140.22,44.95,3689.47,6187.32,False,6.334
1949,11,27/07/2012,85.43,2799.14,97.58,5.64,2364.95,1897.08,False,6.334
1950,11,03/08/2012,86.94,21974.47,173.58,25.5,22778.65,6172.69,False,6.334
1951,11,10/08/2012,86.21,16812.92,128.54,8.74,4764.33,4098.22,False,6.334
1952,11,17/08/2012,87.73,6844.78,209.26,0.04,1235.79,2254.08,False,6.334
1953,11,24/08/2012,83.17,3936.04,74.16,102.55,1673.59,4930.02,False,6.334
1954,11,31/08/2012,86.49,16650.73,120.0,45.0,7575.93,6689.78,False,6.334
1955,11,07/09/2012,85.17,14597.86,56.0,45.05,3235.27,2855.68,True,6.334
1956,11,14/09/2012,79.61,7571.95,32.98,19.52,707.47,8664.16,False,6.334
1957,11,21/09/2012,73.64,6267.79,159.46,12.0,838.95,9194.37,False,6.334
1958,11,28/09/2012,77.67,7694.84,51.91,5.2,1653.38,3211.84,False,6.334
1959,11,05/10/2012,73.37,5635.1,0.0,27.94,1754.56,5473.9,False,6.034
1960,11,12/10/2012,69.94,2345.03,0.0,22.95,271.93,13035.68,False,6.034
1961,11,19/10/2012,73.77,2344.65,0.0,153.97,409.53,2739.63,False,6.034
1962,11,26/10/2012,74.26,4115.64,147.27,153.0,1060.9,3936.2,False,6.034
1963,11,02/11/2012,62.23,17795.33,6233.15,44.62,12979.82,3359.51,False,6.034
1964,11,09/11/2012,68.71,10591.76,1860.93,214.24,1144.92,4599.73,False,6.034
1965,11,16/11/2012,60.8,12103.43,48.93,58.93,2113.4,8327.81,False,6.034
1966,11,23/11/2012,61.69,1875.86,0.13,82490.58,529.16,636.43,True,6.034
1967,11,30/11/2012,58.36,2302.4,0.03,7756.82,87.75,6745.14,False,6.034
1968,11,07/12/2012,66.39,8922.92,0.0,520.0,1939.53,16327.19,False,6.034
1969,11,14/12/2012,55.46,2299.38,0.0,179.0,11.94,2687.63,False,6.034
1970,11,21/12/2012,59.94,3403.69,82.92,176.74,6.44,1303.99,False,6.034
1971,11,28/12/2012,52.26,15963.84,38545.15,474.72,3.8,3974.11,True,6.034
1972,11,04/01/2013,46.5,3542.8,37018.68,20.1,43.65,6484.05,False,6.108
1973,11,11/01/2013,50.33,4086.34,19143.47,2.17,832.97,3878.6,False,6.108
1974,11,18/01/2013,49.67,3645.01,2343.34,2.04,9.87,3570.37,False,6.108
1975,11,25/01/2013,58.53,1743.87,2148.31,0.0,47.22,6828.36,False,6.108
1976,11,01/02/2013,62.76,16795.1,1889.47,453.0,24051.21,5579.09,False,6.108
1977,11,08/02/2013,63.06,80498.65,820.68,381.3,33918.18,7040.6,True,6.108
1978,11,15/02/2013,57.91,11957.9,4038.96,1.0,4259.34,4572.33,False,6.108
1979,11,22/02/2013,60.17,8811.59,9277.29,0.8,282.89,5538.26,False,6.108
1980,11,01/03/2013,54.59,8318.67,1004.38,2.4,52.46,4238.36,False,6.108
1981,11,08/03/2013,58.0,30094.95,413.21,39.11,7152.47,4030.5,False,6.108
1982,11,15/03/2013,61.93,6478.45,0.0,7.33,792.11,1873.16,False,6.108
1983,11,22/03/2013,69.6,11838.93,0.0,641.0,3518.0,2144.12,False,6.108
1984,11,29/03/2013,59.94,8598.57,0.0,545.42,74.56,2641.34,False,6.108
1985,11,05/04/2013,65.49,13814.88,9023.25,695.55,243.54,3529.04,False,5.999
1986,11,12/04/2013,66.76,8091.82,3309.69,89.66,1924.7,4398.53,False,5.999
1987,11,19/04/2013,70.87,3808.66,-15.45,142.7,529.99,2742.75,False,5.999
1988,11,26/04/2013,64.49,1212.55,0.0,98.4,54.64,2460.41,False,5.999
1989,11,03/05/2013,69.56,7146.86,52.0,90.39,1475.16,2336.52,False,
1990,11,10/05/2013,68.51,14558.09,936.9,57.53,4577.68,11169.69,False,
1991,11,17/05/2013,75.27,9700.29,903.94,4.4,1438.39,7241.75,False,
1992,11,24/05/2013,80.16,8267.2,569.76,451.66,1323.59,3336.3,False,
1993,11,31/05/2013,78.14,3860.6,66.2,657.91,55.12,1506.84,False,
1994,11,07/06/2013,79.0,14283.15,590.34,349.94,8285.11,8180.74,False,
1995,11,14/06/2013,78.19,7858.76,704.05,445.61,2701.17,3797.25,False,
1996,11,21/06/2013,82.04,9399.84,288.85,262.7,4429.14,6401.08,False,
1997,11,28/06/2013,83.97,5054.81,534.72,90.31,2562.24,3437.51,False,
1998,11,05/07/2013,82.39,14356.75,3636.7,1463.56,12945.68,3628.67,False,
1999,11,12/07/2013,85.43,8129.38,1703.63,107.45,870.71,3865.9,False,
2000,11,19/07/2013,82.06,1554.05,1169.85,68.06,373.45,1046.13,False,
2001,11,26/07/2013,85.64,2387.21,717.2,106.7,1084.84,3264.52,False,
2002,12,05/02/2010,49.47,0.0,0.0,0.0,0.0,0.0,False,13.975
2003,12,12/02/2010,47.87,0.0,0.0,0.0,0.0,0.0,True,13.975
2004,12,19/02/2010,54.83,0.0,0.0,0.0,0.0,0.0,False,13.975
2005,12,26/02/2010,50.23,0.0,0.0,0.0,0.0,0.0,False,13.975
2006,12,05/03/2010,53.77,0.0,0.0,0.0,0.0,0.0,False,13.975
2007,12,12/03/2010,50.11,0.0,0.0,0.0,0.0,0.0,False,13.975
2008,12,19/03/2010,59.57,0.0,0.0,0.0,0.0,0.0,False,13.975
2009,12,26/03/2010,60.06,0.0,0.0,0.0,0.0,0.0,False,13.975
2010,12,02/04/2010,59.84,0.0,0.0,0.0,0.0,0.0,False,14.099
2011,12,09/04/2010,59.25,0.0,0.0,0.0,0.0,0.0,False,14.099
2012,12,16/04/2010,64.95,0.0,0.0,0.0,0.0,0.0,False,14.099
2013,12,23/04/2010,64.55,0.0,0.0,0.0,0.0,0.0,False,14.099
2014,12,30/04/2010,67.38,0.0,0.0,0.0,0.0,0.0,False,14.099
2015,12,07/05/2010,70.15,0.0,0.0,0.0,0.0,0.0,False,14.099
2016,12,14/05/2010,68.44,0.0,0.0,0.0,0.0,0.0,False,14.099
2017,12,21/05/2010,76.2,0.0,0.0,0.0,0.0,0.0,False,14.099
2018,12,28/05/2010,67.84,0.0,0.0,0.0,0.0,0.0,False,14.099
2019,12,04/06/2010,81.39,0.0,0.0,0.0,0.0,0.0,False,14.099
2020,12,11/06/2010,90.84,0.0,0.0,0.0,0.0,0.0,False,14.099
2021,12,18/06/2010,81.06,0.0,0.0,0.0,0.0,0.0,False,14.099
2022,12,25/06/2010,87.27,0.0,0.0,0.0,0.0,0.0,False,14.099
2023,12,02/07/2010,91.98,0.0,0.0,0.0,0.0,0.0,False,14.18
2024,12,09/07/2010,90.37,0.0,0.0,0.0,0.0,0.0,False,14.18
2025,12,16/07/2010,97.18,0.0,0.0,0.0,0.0,0.0,False,14.18
2026,12,23/07/2010,99.22,0.0,0.0,0.0,0.0,0.0,False,14.18
2027,12,30/07/2010,96.31,0.0,0.0,0.0,0.0,0.0,False,14.18
2028,12,06/08/2010,92.95,0.0,0.0,0.0,0.0,0.0,False,14.18
2029,12,13/08/2010,87.01,0.0,0.0,0.0,0.0,0.0,False,14.18
2030,12,20/08/2010,92.81,0.0,0.0,0.0,0.0,0.0,False,14.18
2031,12,27/08/2010,93.19,0.0,0.0,0.0,0.0,0.0,False,14.18
2032,12,03/09/2010,83.12,0.0,0.0,0.0,0.0,0.0,False,14.18
2033,12,10/09/2010,83.63,0.0,0.0,0.0,0.0,0.0,True,14.18
2034,12,17/09/2010,82.45,0.0,0.0,0.0,0.0,0.0,False,14.18
2035,12,24/09/2010,81.77,0.0,0.0,0.0,0.0,0.0,False,14.18
2036,12,01/10/2010,85.2,0.0,0.0,0.0,0.0,0.0,False,14.313
2037,12,08/10/2010,71.82,0.0,0.0,0.0,0.0,0.0,False,14.313
2038,12,15/10/2010,75.0,0.0,0.0,0.0,0.0,0.0,False,14.313
2039,12,22/10/2010,68.85,0.0,0.0,0.0,0.0,0.0,False,14.313
2040,12,29/10/2010,61.09,0.0,0.0,0.0,0.0,0.0,False,14.313
2041,12,05/11/2010,65.49,0.0,0.0,0.0,0.0,0.0,False,14.313
2042,12,12/11/2010,57.79,0.0,0.0,0.0,0.0,0.0,False,14.313
2043,12,19/11/2010,58.18,0.0,0.0,0.0,0.0,0.0,False,14.313
2044,12,26/11/2010,47.66,0.0,0.0,0.0,0.0,0.0,True,14.313
2045,12,03/12/2010,43.33,0.0,0.0,0.0,0.0,0.0,False,14.313
2046,12,10/12/2010,50.01,0.0,0.0,0.0,0.0,0.0,False,14.313
2047,12,17/12/2010,52.77,0.0,0.0,0.0,0.0,0.0,False,14.313
2048,12,24/12/2010,52.02,0.0,0.0,0.0,0.0,0.0,False,14.313
2049,12,31/12/2010,45.64,0.0,0.0,0.0,0.0,0.0,True,14.313
2050,12,07/01/2011,37.64,0.0,0.0,0.0,0.0,0.0,False,14.021
2051,12,14/01/2011,43.15,0.0,0.0,0.0,0.0,0.0,False,14.021
2052,12,21/01/2011,53.53,0.0,0.0,0.0,0.0,0.0,False,14.021
2053,12,28/01/2011,50.74,0.0,0.0,0.0,0.0,0.0,False,14.021
2054,12,04/02/2011,45.14,0.0,0.0,0.0,0.0,0.0,False,14.021
2055,12,11/02/2011,51.3,0.0,0.0,0.0,0.0,0.0,True,14.021
2056,12,18/02/2011,53.35,0.0,0.0,0.0,0.0,0.0,False,14.021
2057,12,25/02/2011,48.45,0.0,0.0,0.0,0.0,0.0,False,14.021
2058,12,04/03/2011,51.72,0.0,0.0,0.0,0.0,0.0,False,14.021
2059,12,11/03/2011,57.75,0.0,0.0,0.0,0.0,0.0,False,14.021
2060,12,18/03/2011,64.21,0.0,0.0,0.0,0.0,0.0,False,14.021
2061,12,25/03/2011,54.4,0.0,0.0,0.0,0.0,0.0,False,14.021
2062,12,01/04/2011,63.63,0.0,0.0,0.0,0.0,0.0,False,13.736
2063,12,08/04/2011,64.47,0.0,0.0,0.0,0.0,0.0,False,13.736
2064,12,15/04/2011,57.63,0.0,0.0,0.0,0.0,0.0,False,13.736
2065,12,22/04/2011,72.12,0.0,0.0,0.0,0.0,0.0,False,13.736
2066,12,29/04/2011,68.27,0.0,0.0,0.0,0.0,0.0,False,13.736
2067,12,06/05/2011,68.4,0.0,0.0,0.0,0.0,0.0,False,13.736
2068,12,13/05/2011,70.93,0.0,0.0,0.0,0.0,0.0,False,13.736
2069,12,20/05/2011,66.59,0.0,0.0,0.0,0.0,0.0,False,13.736
2070,12,27/05/2011,76.67,0.0,0.0,0.0,0.0,0.0,False,13.736
2071,12,03/06/2011,71.81,0.0,0.0,0.0,0.0,0.0,False,13.736
2072,12,10/06/2011,78.72,0.0,0.0,0.0,0.0,0.0,False,13.736
2073,12,17/06/2011,86.84,0.0,0.0,0.0,0.0,0.0,False,13.736
2074,12,24/06/2011,88.95,0.0,0.0,0.0,0.0,0.0,False,13.736
2075,12,01/07/2011,89.85,0.0,0.0,0.0,0.0,0.0,False,13.503
2076,12,08/07/2011,89.9,0.0,0.0,0.0,0.0,0.0,False,13.503
2077,12,15/07/2011,88.1,0.0,0.0,0.0,0.0,0.0,False,13.503
2078,12,22/07/2011,91.17,0.0,0.0,0.0,0.0,0.0,False,13.503
2079,12,29/07/2011,93.29,0.0,0.0,0.0,0.0,0.0,False,13.503
2080,12,05/08/2011,90.61,0.0,0.0,0.0,0.0,0.0,False,13.503
2081,12,12/08/2011,91.04,0.0,0.0,0.0,0.0,0.0,False,13.503
2082,12,19/08/2011,91.74,0.0,0.0,0.0,0.0,0.0,False,13.503
2083,12,26/08/2011,94.61,0.0,0.0,0.0,0.0,0.0,False,13.503
2084,12,02/09/2011,93.66,0.0,0.0,0.0,0.0,0.0,False,13.503
2085,12,09/09/2011,88.0,0.0,0.0,0.0,0.0,0.0,True,13.503
2086,12,16/09/2011,76.36,0.0,0.0,0.0,0.0,0.0,False,13.503
2087,12,23/09/2011,82.95,0.0,0.0,0.0,0.0,0.0,False,13.503
2088,12,30/09/2011,83.26,0.0,0.0,0.0,0.0,0.0,False,13.503
2089,12,07/10/2011,70.44,0.0,0.0,0.0,0.0,0.0,False,12.89
2090,12,14/10/2011,67.31,0.0,0.0,0.0,0.0,0.0,False,12.89
2091,12,21/10/2011,73.05,0.0,0.0,0.0,0.0,0.0,False,12.89
2092,12,28/10/2011,67.41,0.0,0.0,0.0,0.0,0.0,False,12.89
2093,12,04/11/2011,59.77,0.0,0.0,0.0,0.0,0.0,False,12.89
2094,12,11/11/2011,48.76,18049.87,7939.68,234.64,10463.07,5588.33,False,12.89
2095,12,18/11/2011,54.2,5957.36,343.22,84.93,2390.67,12934.62,False,12.89
2096,12,25/11/2011,53.25,5391.83,8.0,63143.29,49.27,2115.67,True,12.89
2097,12,02/12/2011,52.5,4868.73,0.0,2022.46,3768.45,18368.11,False,12.89
2098,12,09/12/2011,42.17,8374.63,15.85,573.92,5849.71,37581.27,False,12.89
2099,12,16/12/2011,43.29,4940.95,28.45,1038.3,1100.93,5243.21,False,12.89
2100,12,23/12/2011,45.4,1797.35,15.98,839.84,1375.84,17699.26,False,12.89
2101,12,30/12/2011,44.64,6982.02,58804.91,60.29,1268.21,3553.79,True,12.89
2102,12,06/01/2012,50.43,11181.59,33829.84,36.96,624.05,10152.27,False,12.187
2103,12,13/01/2012,48.07,6935.5,23438.57,0.0,2289.8,9526.73,False,12.187
2104,12,20/01/2012,46.2,4167.27,5161.57,5.84,2552.39,3854.53,False,12.187
2105,12,27/01/2012,50.43,1201.31,631.79,0.0,104.69,1050.85,False,12.187
2106,12,03/02/2012,50.58,60740.64,3779.65,43.08,48403.53,20348.16,False,12.187
2107,12,10/02/2012,52.27,20281.03,2551.32,14.99,10597.74,7457.16,True,12.187
2108,12,17/02/2012,51.8,17708.64,8549.74,2.88,14234.76,5960.69,False,12.187
2109,12,24/02/2012,53.13,12862.31,5681.93,2.0,2401.22,5131.37,False,12.187
2110,12,02/03/2012,52.27,15046.69,2131.62,12.84,4574.95,3428.27,False,12.187
2111,12,09/03/2012,54.54,8404.29,2192.75,3.91,1479.91,5882.51,False,12.187
2112,12,16/03/2012,64.44,9582.27,731.87,4.02,1589.97,2365.63,False,12.187
2113,12,23/03/2012,56.26,3865.96,1496.18,7.35,1951.11,1440.31,False,12.187
2114,12,30/03/2012,64.36,13644.08,115.67,8.34,1885.51,2291.86,False,12.187
2115,12,06/04/2012,64.05,11772.46,0.0,61.63,3885.06,4225.11,False,11.627
2116,12,13/04/2012,64.28,9681.11,2934.51,14.08,1944.35,3103.61,False,11.627
2117,12,20/04/2012,66.73,8679.29,1265.97,7.7,878.01,4358.86,False,11.627
2118,12,27/04/2012,77.99,2936.01,336.39,26.18,613.65,740.83,False,11.627
2119,12,04/05/2012,76.03,10073.64,0.0,76.29,1671.53,3721.62,False,11.627
2120,12,11/05/2012,77.27,13083.53,0.0,8.54,1378.68,2071.31,False,11.627
2121,12,18/05/2012,84.51,20882.5,0.0,3.73,9506.75,2091.67,False,11.627
2122,12,25/05/2012,83.84,8220.32,0.0,373.92,2185.46,1825.94,False,11.627
2123,12,01/06/2012,78.11,7512.07,0.0,43.71,3666.37,4109.01,False,11.627
2124,12,08/06/2012,84.83,10421.58,93.2,160.4,2385.69,4837.21,False,11.627
2125,12,15/06/2012,85.94,15025.58,33.4,2.51,4573.57,2283.27,False,11.627
2126,12,22/06/2012,91.61,10233.14,67.6,3.65,4693.44,3618.64,False,11.627
2127,12,29/06/2012,90.47,7439.99,47.6,0.0,1330.36,4873.87,False,11.627
2128,12,06/07/2012,89.13,10804.73,-0.6,3.33,5397.84,4395.03,False,10.926
2129,12,13/07/2012,95.61,8699.07,20.0,0.06,5542.53,2781.14,False,10.926
2130,12,20/07/2012,85.53,5799.0,59.68,37.56,5292.33,3376.66,False,10.926
2131,12,27/07/2012,93.47,8217.72,41.28,2.31,9211.05,5507.68,False,10.926
2132,12,03/08/2012,88.16,41059.39,69.7,45.73,22802.96,2743.18,False,10.926
2133,12,10/08/2012,95.91,10844.78,79.4,38.62,6513.42,2756.59,False,10.926
2134,12,17/08/2012,94.87,7487.95,25.5,6.6,5107.54,4876.34,False,10.926
2135,12,24/08/2012,85.32,10712.3,86.08,70.0,7981.57,3515.91,False,10.926
2136,12,31/08/2012,89.78,30055.26,13.2,116.87,11860.18,3746.24,False,10.926
2137,12,07/09/2012,88.52,17640.02,84.0,46.18,3202.21,2634.17,True,10.926
2138,12,14/09/2012,83.64,6928.05,0.0,19.56,863.95,5776.08,False,10.926
2139,12,21/09/2012,82.97,11918.13,156.82,388.52,3290.61,7953.53,False,10.926
2140,12,28/09/2012,81.22,3068.35,27.82,0.22,1307.43,3605.14,False,10.926
2141,12,05/10/2012,81.61,8953.66,0.0,44.83,7731.09,3269.62,False,10.199
2142,12,12/10/2012,71.74,1986.92,0.0,16.75,910.5,4225.2,False,10.199
2143,12,19/10/2012,68.66,1810.87,0.0,8.48,640.64,2250.86,False,10.199
2144,12,26/10/2012,65.95,13749.1,104.54,56.0,2402.63,4813.93,False,10.199
2145,12,02/11/2012,63.22,16343.61,4621.69,118.14,7805.38,4247.26,False,10.199
2146,12,09/11/2012,65.31,7692.83,7429.95,77.86,3662.83,3157.95,False,10.199
2147,12,16/11/2012,49.39,13835.16,237.82,51.29,6519.99,5196.47,False,10.199
2148,12,23/11/2012,58.07,5143.24,0.0,91073.56,3757.15,1381.84,True,10.199
2149,12,30/11/2012,57.03,4876.87,7.5,8549.38,813.77,4832.18,False,10.199
2150,12,07/12/2012,57.83,13375.6,0.0,338.0,6510.29,12971.31,False,10.199
2151,12,14/12/2012,49.74,4264.3,0.0,193.0,872.87,17128.48,False,10.199
2152,12,21/12/2012,42.83,5849.99,129.88,183.01,1591.66,2264.8,False,10.199
2153,12,28/12/2012,43.35,10344.3,35051.68,196.76,486.88,518.83,True,10.199
2154,12,04/01/2013,38.8,4458.06,27754.01,58.27,301.24,3798.13,False,9.91
2155,12,11/01/2013,44.59,9819.88,13556.68,0.48,305.82,3113.78,False,9.91
2156,12,18/01/2013,36.49,4304.79,3262.23,1.24,446.34,2718.67,False,9.91
2157,12,25/01/2013,49.21,4899.26,1949.62,0.0,739.61,1922.27,False,9.91
2158,12,01/02/2013,49.54,15107.83,939.31,65.7,12829.72,3366.13,False,9.91
2159,12,08/02/2013,54.96,74777.22,1127.36,382.36,33466.32,5693.26,True,9.91
2160,12,15/02/2013,47.12,13886.07,3228.42,27.24,9073.93,10232.63,False,9.91
2161,12,22/02/2013,49.57,6821.02,2985.67,0.0,1535.14,1582.81,False,9.91
2162,12,01/03/2013,48.08,8524.99,510.79,0.0,1369.5,5260.02,False,9.91
2163,12,08/03/2013,60.4,18508.17,330.17,19.04,8128.78,2145.31,False,9.91
2164,12,15/03/2013,61.7,7286.12,0.0,3.71,2271.05,930.55,False,9.91
2165,12,22/03/2013,68.75,10679.58,0.0,647.0,3188.2,1750.99,False,9.91
2166,12,29/03/2013,62.86,7517.14,0.0,257.4,787.48,2125.94,False,9.91
2167,12,05/04/2013,69.47,12126.6,2222.12,349.23,5266.87,2457.17,False,9.874
2168,12,12/04/2013,65.6,7641.52,807.32,22.43,8137.17,2078.68,False,9.874
2169,12,19/04/2013,64.35,3294.87,33.66,87.64,1369.74,1895.84,False,9.874
2170,12,26/04/2013,70.74,1685.96,0.0,49.88,2503.77,1161.0,False,9.874
2171,12,03/05/2013,76.84,9317.56,13.94,12.97,7664.25,1742.78,False,
2172,12,10/05/2013,70.18,5617.43,193.82,24.62,4671.5,8235.71,False,
2173,12,17/05/2013,83.43,8051.71,68.88,8.38,2945.82,2521.68,False,
2174,12,24/05/2013,77.87,4737.51,72.88,589.22,4812.96,1491.99,False,
2175,12,31/05/2013,81.08,2963.59,68.18,115.07,295.4,1215.24,False,
2176,12,07/06/2013,89.89,14645.08,200.37,80.4,9578.14,6548.46,False,
2177,12,14/06/2013,92.14,3274.83,232.43,400.53,4992.42,1182.33,False,
2178,12,21/06/2013,87.28,1571.06,130.06,213.8,3391.74,1789.76,False,
2179,12,28/06/2013,89.94,8745.83,262.16,11.97,9475.17,6249.56,False,
2180,12,05/07/2013,101.95,10258.3,1663.37,541.21,16546.54,1213.84,False,
2181,12,12/07/2013,92.61,3409.33,977.89,80.96,8574.06,1997.97,False,
2182,12,19/07/2013,93.75,4349.54,687.86,93.05,1361.92,1614.2,False,
2183,12,26/07/2013,90.27,1008.91,232.99,6.0,284.49,2132.08,False,
2184,13,05/02/2010,31.53,0.0,0.0,0.0,0.0,0.0,False,8.316
2185,13,12/02/2010,33.16,0.0,0.0,0.0,0.0,0.0,True,8.316
2186,13,19/02/2010,35.7,0.0,0.0,0.0,0.0,0.0,False,8.316
2187,13,26/02/2010,29.98,0.0,0.0,0.0,0.0,0.0,False,8.316
2188,13,05/03/2010,40.65,0.0,0.0,0.0,0.0,0.0,False,8.316
2189,13,12/03/2010,37.62,0.0,0.0,0.0,0.0,0.0,False,8.316
2190,13,19/03/2010,42.49,0.0,0.0,0.0,0.0,0.0,False,8.316
2191,13,26/03/2010,41.48,0.0,0.0,0.0,0.0,0.0,False,8.316
2192,13,02/04/2010,42.15,0.0,0.0,0.0,0.0,0.0,False,8.107
2193,13,09/04/2010,38.97,0.0,0.0,0.0,0.0,0.0,False,8.107
2194,13,16/04/2010,50.39,0.0,0.0,0.0,0.0,0.0,False,8.107
2195,13,23/04/2010,55.66,0.0,0.0,0.0,0.0,0.0,False,8.107
2196,13,30/04/2010,48.33,0.0,0.0,0.0,0.0,0.0,False,8.107
2197,13,07/05/2010,44.42,0.0,0.0,0.0,0.0,0.0,False,8.107
2198,13,14/05/2010,50.15,0.0,0.0,0.0,0.0,0.0,False,8.107
2199,13,21/05/2010,57.71,0.0,0.0,0.0,0.0,0.0,False,8.107
2200,13,28/05/2010,53.11,0.0,0.0,0.0,0.0,0.0,False,8.107
2201,13,04/06/2010,59.85,0.0,0.0,0.0,0.0,0.0,False,8.107
2202,13,11/06/2010,65.24,0.0,0.0,0.0,0.0,0.0,False,8.107
2203,13,18/06/2010,58.41,0.0,0.0,0.0,0.0,0.0,False,8.107
2204,13,25/06/2010,71.83,0.0,0.0,0.0,0.0,0.0,False,8.107
2205,13,02/07/2010,78.82,0.0,0.0,0.0,0.0,0.0,False,7.951
2206,13,09/07/2010,71.33,0.0,0.0,0.0,0.0,0.0,False,7.951
2207,13,16/07/2010,77.79,0.0,0.0,0.0,0.0,0.0,False,7.951
2208,13,23/07/2010,82.27,0.0,0.0,0.0,0.0,0.0,False,7.951
2209,13,30/07/2010,78.94,0.0,0.0,0.0,0.0,0.0,False,7.951
2210,13,06/08/2010,81.24,0.0,0.0,0.0,0.0,0.0,False,7.951
2211,13,13/08/2010,74.93,0.0,0.0,0.0,0.0,0.0,False,7.951
2212,13,20/08/2010,76.34,0.0,0.0,0.0,0.0,0.0,False,7.951
2213,13,27/08/2010,75.31,0.0,0.0,0.0,0.0,0.0,False,7.951
2214,13,03/09/2010,65.71,0.0,0.0,0.0,0.0,0.0,False,7.951
2215,13,10/09/2010,65.74,0.0,0.0,0.0,0.0,0.0,True,7.951
2216,13,17/09/2010,66.84,0.0,0.0,0.0,0.0,0.0,False,7.951
2217,13,24/09/2010,68.22,0.0,0.0,0.0,0.0,0.0,False,7.951
2218,13,01/10/2010,68.74,0.0,0.0,0.0,0.0,0.0,False,7.795
2219,13,08/10/2010,63.03,0.0,0.0,0.0,0.0,0.0,False,7.795
2220,13,15/10/2010,54.12,0.0,0.0,0.0,0.0,0.0,False,7.795
2221,13,22/10/2010,56.89,0.0,0.0,0.0,0.0,0.0,False,7.795
2222,13,29/10/2010,45.12,0.0,0.0,0.0,0.0,0.0,False,7.795
2223,13,05/11/2010,49.96,0.0,0.0,0.0,0.0,0.0,False,7.795
2224,13,12/11/2010,42.55,0.0,0.0,0.0,0.0,0.0,False,7.795
2225,13,19/11/2010,42.0,0.0,0.0,0.0,0.0,0.0,False,7.795
2226,13,26/11/2010,28.22,0.0,0.0,0.0,0.0,0.0,True,7.795
2227,13,03/12/2010,25.8,0.0,0.0,0.0,0.0,0.0,False,7.795
2228,13,10/12/2010,36.78,0.0,0.0,0.0,0.0,0.0,False,7.795
2229,13,17/12/2010,35.21,0.0,0.0,0.0,0.0,0.0,False,7.795
2230,13,24/12/2010,34.9,0.0,0.0,0.0,0.0,0.0,False,7.795
2231,13,31/12/2010,26.79,0.0,0.0,0.0,0.0,0.0,True,7.795
2232,13,07/01/2011,16.94,0.0,0.0,0.0,0.0,0.0,False,7.47
2233,13,14/01/2011,20.6,0.0,0.0,0.0,0.0,0.0,False,7.47
2234,13,21/01/2011,34.8,0.0,0.0,0.0,0.0,0.0,False,7.47
2235,13,28/01/2011,31.64,0.0,0.0,0.0,0.0,0.0,False,7.47
2236,13,04/02/2011,23.35,0.0,0.0,0.0,0.0,0.0,False,7.47
2237,13,11/02/2011,30.83,0.0,0.0,0.0,0.0,0.0,True,7.47
2238,13,18/02/2011,40.85,0.0,0.0,0.0,0.0,0.0,False,7.47
2239,13,25/02/2011,33.17,0.0,0.0,0.0,0.0,0.0,False,7.47
2240,13,04/03/2011,34.23,0.0,0.0,0.0,0.0,0.0,False,7.47
2241,13,11/03/2011,41.28,0.0,0.0,0.0,0.0,0.0,False,7.47
2242,13,18/03/2011,44.69,0.0,0.0,0.0,0.0,0.0,False,7.47
2243,13,25/03/2011,42.38,0.0,0.0,0.0,0.0,0.0,False,7.47
2244,13,01/04/2011,42.49,0.0,0.0,0.0,0.0,0.0,False,7.193
2245,13,08/04/2011,42.75,0.0,0.0,0.0,0.0,0.0,False,7.193
2246,13,15/04/2011,41.72,0.0,0.0,0.0,0.0,0.0,False,7.193
2247,13,22/04/2011,47.55,0.0,0.0,0.0,0.0,0.0,False,7.193
2248,13,29/04/2011,43.85,0.0,0.0,0.0,0.0,0.0,False,7.193
2249,13,06/05/2011,47.75,0.0,0.0,0.0,0.0,0.0,False,7.193
2250,13,13/05/2011,52.4,0.0,0.0,0.0,0.0,0.0,False,7.193
2251,13,20/05/2011,52.12,0.0,0.0,0.0,0.0,0.0,False,7.193
2252,13,27/05/2011,54.62,0.0,0.0,0.0,0.0,0.0,False,7.193
2253,13,03/06/2011,52.76,0.0,0.0,0.0,0.0,0.0,False,7.193
2254,13,10/06/2011,61.39,0.0,0.0,0.0,0.0,0.0,False,7.193
2255,13,17/06/2011,63.35,0.0,0.0,0.0,0.0,0.0,False,7.193
2256,13,24/06/2011,66.38,0.0,0.0,0.0,0.0,0.0,False,7.193
2257,13,01/07/2011,74.29,0.0,0.0,0.0,0.0,0.0,False,6.877
2258,13,08/07/2011,77.3,0.0,0.0,0.0,0.0,0.0,False,6.877
2259,13,15/07/2011,75.59,0.0,0.0,0.0,0.0,0.0,False,6.877
2260,13,22/07/2011,78.5,0.0,0.0,0.0,0.0,0.0,False,6.877
2261,13,29/07/2011,77.62,0.0,0.0,0.0,0.0,0.0,False,6.877
2262,13,05/08/2011,75.56,0.0,0.0,0.0,0.0,0.0,False,6.877
2263,13,12/08/2011,75.95,0.0,0.0,0.0,0.0,0.0,False,6.877
2264,13,19/08/2011,76.68,0.0,0.0,0.0,0.0,0.0,False,6.877
2265,13,26/08/2011,81.53,0.0,0.0,0.0,0.0,0.0,False,6.877
2266,13,02/09/2011,77.0,0.0,0.0,0.0,0.0,0.0,False,6.877
2267,13,09/09/2011,70.19,0.0,0.0,0.0,0.0,0.0,True,6.877
2268,13,16/09/2011,67.54,0.0,0.0,0.0,0.0,0.0,False,6.877
2269,13,23/09/2011,63.6,0.0,0.0,0.0,0.0,0.0,False,6.877
2270,13,30/09/2011,68.28,0.0,0.0,0.0,0.0,0.0,False,6.877
2271,13,07/10/2011,60.62,0.0,0.0,0.0,0.0,0.0,False,6.392
2272,13,14/10/2011,51.74,0.0,0.0,0.0,0.0,0.0,False,6.392
2273,13,21/10/2011,54.66,0.0,0.0,0.0,0.0,0.0,False,6.392
2274,13,28/10/2011,47.41,0.0,0.0,0.0,0.0,0.0,False,6.392
2275,13,04/11/2011,43.51,0.0,0.0,0.0,0.0,0.0,False,6.392
2276,13,11/11/2011,33.8,31400.97,30876.79,645.07,4407.38,7740.27,False,6.392
2277,13,18/11/2011,40.65,11003.75,1090.92,89.88,1201.3,10231.67,False,6.392
2278,13,25/11/2011,38.89,1282.42,548.1,109030.75,146.33,3557.67,True,6.392
2279,13,02/12/2011,33.94,7945.42,56.0,25126.9,5550.87,31844.2,False,6.392
2280,13,09/12/2011,24.82,5924.71,56.0,577.59,1778.83,20371.02,False,6.392
2281,13,16/12/2011,27.85,3272.56,556.15,959.55,424.43,5933.01,False,6.392
2282,13,23/12/2011,24.76,686.24,193.26,2971.53,239.78,3567.03,False,6.392
2283,13,30/12/2011,31.53,5970.81,89121.94,406.4,1772.02,3645.0,True,6.392
2284,13,06/01/2012,33.8,6809.96,37106.52,179.77,1922.55,7481.58,False,6.104
2285,13,13/01/2012,25.61,3627.07,14887.88,119.93,798.48,4668.82,False,6.104
2286,13,20/01/2012,32.71,3150.56,6765.52,87.63,1196.17,3136.96,False,6.104
2287,13,27/01/2012,34.32,3743.0,3744.31,108.46,253.99,3511.82,False,6.104
2288,13,03/02/2012,31.39,53423.29,5822.12,282.08,57817.56,9654.23,False,6.104
2289,13,10/02/2012,33.73,9264.48,8292.73,179.72,18849.21,9083.54,True,6.104
2290,13,17/02/2012,36.57,21621.16,16497.47,25.52,13643.83,14660.97,False,6.104
2291,13,24/02/2012,35.38,16404.54,12013.87,3.4,2584.12,5126.53,False,6.104
2292,13,02/03/2012,32.36,25204.67,2436.75,167.88,16066.76,7289.69,False,6.104
2293,13,09/03/2012,38.24,9173.97,339.05,9.44,1300.75,7479.12,False,6.104
2294,13,16/03/2012,52.5,8901.34,637.7,3.85,6169.81,2446.53,False,6.104
2295,13,23/03/2012,47.83,3489.61,75.36,2.52,827.19,3427.9,False,6.104
2296,13,30/03/2012,53.2,10556.61,43.54,15.84,1116.83,8179.03,False,6.104
2297,13,06/04/2012,48.85,9249.62,0.0,59.94,3969.24,6016.86,False,5.965
2298,13,13/04/2012,51.7,7419.44,19610.52,54.65,3021.51,3374.9,False,5.965
2299,13,20/04/2012,50.24,22464.84,8216.22,70.45,1561.38,7307.24,False,5.965
2300,13,27/04/2012,64.8,4626.7,0.11,67.16,104.18,3280.73,False,5.965
2301,13,04/05/2012,54.41,15589.85,0.0,337.47,7557.14,5025.28,False,5.965
2302,13,11/05/2012,56.47,14566.92,86.0,60.34,6009.18,4224.91,False,5.965
2303,13,18/05/2012,65.17,7623.14,0.0,86.99,2583.46,3312.67,False,5.965
2304,13,25/05/2012,62.39,7282.07,0.0,416.15,1048.83,7293.87,False,5.965
2305,13,01/06/2012,61.11,8868.86,123.0,37.87,3793.73,6276.31,False,5.965
2306,13,08/06/2012,68.4,12461.96,406.6,254.19,1450.62,8952.93,False,5.965
2307,13,15/06/2012,65.97,8819.8,416.5,0.22,3496.08,6331.52,False,5.965
2308,13,22/06/2012,72.89,9298.46,565.14,1.79,4025.82,8626.51,False,5.965
2309,13,29/06/2012,82.0,4768.5,446.92,0.0,743.34,4076.02,False,5.965
2310,13,06/07/2012,79.23,14357.07,337.7,89.85,8820.75,5507.25,False,5.765
2311,13,13/07/2012,83.68,6330.74,220.42,1.17,4033.74,4225.77,False,5.765
2312,13,20/07/2012,75.69,6060.59,133.34,35.23,1518.75,6675.69,False,5.765
2313,13,27/07/2012,80.42,6699.6,96.56,5.2,8723.87,6650.26,False,5.765
2314,13,03/08/2012,81.99,48280.91,73.92,98.64,13485.99,7765.27,False,5.765
2315,13,10/08/2012,81.69,6249.06,70.38,51.09,3258.43,7070.04,False,5.765
2316,13,17/08/2012,79.4,5063.08,6.76,40.96,2344.61,5594.85,False,5.765
2317,13,24/08/2012,77.37,9360.8,71.92,179.51,8290.49,6291.99,False,5.765
2318,13,31/08/2012,79.18,21327.53,50.44,88.44,9444.6,3872.19,False,5.765
2319,13,07/09/2012,70.65,17452.15,18.74,69.23,4472.17,5180.78,True,5.765
2320,13,14/09/2012,68.55,13208.43,0.0,28.06,1300.16,10484.98,False,5.765
2321,13,21/09/2012,67.96,10671.71,141.83,46.0,2465.37,12372.29,False,5.765
2322,13,28/09/2012,64.8,5197.64,63.1,2.6,3022.73,9779.77,False,5.765
2323,13,05/10/2012,61.79,6607.14,0.0,50.6,3943.91,7700.91,False,5.621
2324,13,12/10/2012,55.1,1927.15,0.0,9.72,518.97,11269.24,False,5.621
2325,13,19/10/2012,52.06,2753.9,0.0,8.84,775.96,6978.9,False,5.621
2326,13,26/10/2012,46.97,10192.49,364.57,150.0,1714.15,5563.92,False,5.621
2327,13,02/11/2012,52.55,22673.11,15133.42,65.54,8135.66,5449.98,False,5.621
2328,13,09/11/2012,50.48,31930.04,19452.26,88.2,668.89,4941.57,False,5.621
2329,13,16/11/2012,33.3,13357.31,4584.74,302.19,970.32,7968.28,False,5.621
2330,13,23/11/2012,46.21,2088.09,-0.05,149483.31,756.99,1176.1,True,5.621
2331,13,30/11/2012,41.64,5858.02,0.0,11470.92,173.18,7018.08,False,5.621
2332,13,07/12/2012,43.67,9753.88,0.0,1258.51,2777.92,21807.99,False,5.621
2333,13,14/12/2012,35.62,2816.36,0.0,189.0,1679.56,2416.0,False,5.621
2334,13,21/12/2012,29.9,4655.55,82.92,263.93,41.68,2105.14,False,5.621
2335,13,28/12/2012,30.07,20297.6,52850.71,828.32,50.19,1947.25,True,5.621
2336,13,04/01/2013,13.43,4914.57,39020.8,35.21,111.43,3050.0,False,5.372
2337,13,11/01/2013,20.0,3726.82,17212.29,-23.97,116.72,2662.8,False,5.372
2338,13,18/01/2013,11.44,6847.96,5267.27,5.18,933.65,3113.78,False,5.372
2339,13,25/01/2013,14.75,3250.58,2576.84,1.0,81.67,2360.57,False,5.372
2340,13,01/02/2013,30.44,21473.2,1904.19,424.53,26859.39,3342.06,False,5.372
2341,13,08/02/2013,26.11,103184.98,1058.07,406.24,65344.64,8699.21,True,5.372
2342,13,15/02/2013,27.12,17771.48,6944.08,13.3,10514.31,7599.67,False,5.372
2343,13,22/02/2013,29.97,10360.46,8744.31,49.16,2212.69,3326.43,False,5.372
2344,13,01/03/2013,26.97,8315.84,1260.83,11.2,659.35,3007.98,False,5.372
2345,13,08/03/2013,37.63,29775.13,279.06,139.61,7962.19,6277.85,False,5.372
2346,13,15/03/2013,46.72,7748.56,0.0,25.45,2369.84,2522.64,False,5.372
2347,13,22/03/2013,42.94,15752.69,0.0,4330.1,3086.68,2250.2,False,5.372
2348,13,29/03/2013,41.71,8423.57,0.0,1018.43,156.2,4640.19,False,5.372
2349,13,05/04/2013,53.84,25061.6,16527.33,715.36,3092.08,6326.11,False,5.274
2350,13,12/04/2013,45.29,5553.66,6576.2,130.64,1282.8,2816.65,False,5.274
2351,13,19/04/2013,41.07,2604.11,186.71,247.64,73.92,2605.84,False,5.274
2352,13,26/04/2013,48.17,3664.88,0.0,297.65,374.46,2284.14,False,5.274
2353,13,03/05/2013,54.51,15599.02,9.0,162.76,5754.98,3223.41,False,
2354,13,10/05/2013,59.55,4974.55,349.0,103.99,869.1,12998.65,False,
2355,13,17/05/2013,70.01,10484.85,332.82,14.26,1877.0,7360.88,False,
2356,13,24/05/2013,57.25,4055.58,174.82,323.77,864.21,7642.23,False,
2357,13,31/05/2013,60.51,5026.09,342.21,277.3,31.16,2626.13,False,
2358,13,07/06/2013,67.49,15752.93,1133.16,563.67,9099.13,8754.58,False,
2359,13,14/06/2013,76.41,5574.52,798.37,1763.71,5692.34,3896.16,False,
2360,13,21/06/2013,70.49,5531.43,450.45,438.12,5117.36,4976.75,False,
2361,13,28/06/2013,75.24,7171.47,928.22,16.1,4607.09,5301.35,False,
2362,13,05/07/2013,85.58,22841.84,3226.72,433.81,14901.99,4966.09,False,
2363,13,12/07/2013,78.93,7062.38,1561.0,117.15,2393.91,5452.83,False,
2364,13,19/07/2013,80.81,2973.47,1440.63,142.45,1059.44,1315.72,False,
2365,13,26/07/2013,83.62,346.31,1377.41,93.4,140.32,2147.06,False,
2366,14,05/02/2010,27.31,0.0,0.0,0.0,0.0,0.0,False,8.992
2367,14,12/02/2010,27.73,0.0,0.0,0.0,0.0,0.0,True,8.992
2368,14,19/02/2010,31.27,0.0,0.0,0.0,0.0,0.0,False,8.992
2369,14,26/02/2010,34.89,0.0,0.0,0.0,0.0,0.0,False,8.992
2370,14,05/03/2010,37.13,0.0,0.0,0.0,0.0,0.0,False,8.992
2371,14,12/03/2010,45.8,0.0,0.0,0.0,0.0,0.0,False,8.992
2372,14,19/03/2010,48.79,0.0,0.0,0.0,0.0,0.0,False,8.992
2373,14,26/03/2010,54.36,0.0,0.0,0.0,0.0,0.0,False,8.992
2374,14,02/04/2010,47.74,0.0,0.0,0.0,0.0,0.0,False,8.899
2375,14,09/04/2010,65.45,0.0,0.0,0.0,0.0,0.0,False,8.899
2376,14,16/04/2010,54.28,0.0,0.0,0.0,0.0,0.0,False,8.899
2377,14,23/04/2010,53.47,0.0,0.0,0.0,0.0,0.0,False,8.899
2378,14,30/04/2010,53.15,0.0,0.0,0.0,0.0,0.0,False,8.899
2379,14,07/05/2010,70.75,0.0,0.0,0.0,0.0,0.0,False,8.899
2380,14,14/05/2010,54.26,0.0,0.0,0.0,0.0,0.0,False,8.899
2381,14,21/05/2010,62.62,0.0,0.0,0.0,0.0,0.0,False,8.899
2382,14,28/05/2010,69.27,0.0,0.0,0.0,0.0,0.0,False,8.899
2383,14,04/06/2010,75.93,0.0,0.0,0.0,0.0,0.0,False,8.899
2384,14,11/06/2010,69.71,0.0,0.0,0.0,0.0,0.0,False,8.899
2385,14,18/06/2010,72.62,0.0,0.0,0.0,0.0,0.0,False,8.899
2386,14,25/06/2010,79.32,0.0,0.0,0.0,0.0,0.0,False,8.899
2387,14,02/07/2010,76.61,0.0,0.0,0.0,0.0,0.0,False,8.743
2388,14,09/07/2010,82.45,0.0,0.0,0.0,0.0,0.0,False,8.743
2389,14,16/07/2010,77.84,0.0,0.0,0.0,0.0,0.0,False,8.743
2390,14,23/07/2010,81.46,0.0,0.0,0.0,0.0,0.0,False,8.743
2391,14,30/07/2010,79.78,0.0,0.0,0.0,0.0,0.0,False,8.743
2392,14,06/08/2010,77.17,0.0,0.0,0.0,0.0,0.0,False,8.743
2393,14,13/08/2010,78.44,0.0,0.0,0.0,0.0,0.0,False,8.743
2394,14,20/08/2010,76.01,0.0,0.0,0.0,0.0,0.0,False,8.743
2395,14,27/08/2010,71.36,0.0,0.0,0.0,0.0,0.0,False,8.743
2396,14,03/09/2010,78.37,0.0,0.0,0.0,0.0,0.0,False,8.743
2397,14,10/09/2010,70.87,0.0,0.0,0.0,0.0,0.0,True,8.743
2398,14,17/09/2010,66.55,0.0,0.0,0.0,0.0,0.0,False,8.743
2399,14,24/09/2010,68.59,0.0,0.0,0.0,0.0,0.0,False,8.743
2400,14,01/10/2010,70.58,0.0,0.0,0.0,0.0,0.0,False,8.724
2401,14,08/10/2010,56.49,0.0,0.0,0.0,0.0,0.0,False,8.724
2402,14,15/10/2010,58.61,0.0,0.0,0.0,0.0,0.0,False,8.724
2403,14,22/10/2010,53.15,0.0,0.0,0.0,0.0,0.0,False,8.724
2404,14,29/10/2010,61.3,0.0,0.0,0.0,0.0,0.0,False,8.724
2405,14,05/11/2010,45.65,0.0,0.0,0.0,0.0,0.0,False,8.724
2406,14,12/11/2010,46.14,0.0,0.0,0.0,0.0,0.0,False,8.724
2407,14,19/11/2010,50.02,0.0,0.0,0.0,0.0,0.0,False,8.724
2408,14,26/11/2010,46.15,0.0,0.0,0.0,0.0,0.0,True,8.724
2409,14,03/12/2010,40.93,0.0,0.0,0.0,0.0,0.0,False,8.724
2410,14,10/12/2010,30.54,0.0,0.0,0.0,0.0,0.0,False,8.724
2411,14,17/12/2010,30.51,0.0,0.0,0.0,0.0,0.0,False,8.724
2412,14,24/12/2010,30.59,0.0,0.0,0.0,0.0,0.0,False,8.724
2413,14,31/12/2010,29.67,0.0,0.0,0.0,0.0,0.0,True,8.724
2414,14,07/01/2011,34.32,0.0,0.0,0.0,0.0,0.0,False,8.549
2415,14,14/01/2011,24.78,0.0,0.0,0.0,0.0,0.0,False,8.549
2416,14,21/01/2011,30.55,0.0,0.0,0.0,0.0,0.0,False,8.549
2417,14,28/01/2011,24.05,0.0,0.0,0.0,0.0,0.0,False,8.549
2418,14,04/02/2011,28.73,0.0,0.0,0.0,0.0,0.0,False,8.549
2419,14,11/02/2011,30.3,0.0,0.0,0.0,0.0,0.0,True,8.549
2420,14,18/02/2011,40.7,0.0,0.0,0.0,0.0,0.0,False,8.549
2421,14,25/02/2011,35.78,0.0,0.0,0.0,0.0,0.0,False,8.549
2422,14,04/03/2011,38.65,0.0,0.0,0.0,0.0,0.0,False,8.549
2423,14,11/03/2011,45.01,0.0,0.0,0.0,0.0,0.0,False,8.549
2424,14,18/03/2011,46.66,0.0,0.0,0.0,0.0,0.0,False,8.549
2425,14,25/03/2011,41.76,0.0,0.0,0.0,0.0,0.0,False,8.549
2426,14,01/04/2011,37.27,0.0,0.0,0.0,0.0,0.0,False,8.521
2427,14,08/04/2011,48.71,0.0,0.0,0.0,0.0,0.0,False,8.521
2428,14,15/04/2011,53.69,0.0,0.0,0.0,0.0,0.0,False,8.521
2429,14,22/04/2011,53.04,0.0,0.0,0.0,0.0,0.0,False,8.521
2430,14,29/04/2011,66.18,0.0,0.0,0.0,0.0,0.0,False,8.521
2431,14,06/05/2011,58.21,0.0,0.0,0.0,0.0,0.0,False,8.521
2432,14,13/05/2011,60.38,0.0,0.0,0.0,0.0,0.0,False,8.521
2433,14,20/05/2011,62.28,0.0,0.0,0.0,0.0,0.0,False,8.521
2434,14,27/05/2011,69.7,0.0,0.0,0.0,0.0,0.0,False,8.521
2435,14,03/06/2011,76.38,0.0,0.0,0.0,0.0,0.0,False,8.521
2436,14,10/06/2011,73.88,0.0,0.0,0.0,0.0,0.0,False,8.521
2437,14,17/06/2011,69.32,0.0,0.0,0.0,0.0,0.0,False,8.521
2438,14,24/06/2011,74.85,0.0,0.0,0.0,0.0,0.0,False,8.521
2439,14,01/07/2011,74.04,0.0,0.0,0.0,0.0,0.0,False,8.625
2440,14,08/07/2011,77.49,0.0,0.0,0.0,0.0,0.0,False,8.625
2441,14,15/07/2011,78.47,0.0,0.0,0.0,0.0,0.0,False,8.625
2442,14,22/07/2011,82.33,0.0,0.0,0.0,0.0,0.0,False,8.625
2443,14,29/07/2011,81.31,0.0,0.0,0.0,0.0,0.0,False,8.625
2444,14,05/08/2011,78.22,0.0,0.0,0.0,0.0,0.0,False,8.625
2445,14,12/08/2011,77.0,0.0,0.0,0.0,0.0,0.0,False,8.625
2446,14,19/08/2011,72.98,0.0,0.0,0.0,0.0,0.0,False,8.625
2447,14,26/08/2011,72.55,0.0,0.0,0.0,0.0,0.0,False,8.625
2448,14,02/09/2011,70.63,0.0,0.0,0.0,0.0,0.0,False,8.625
2449,14,09/09/2011,71.48,0.0,0.0,0.0,0.0,0.0,True,8.625
2450,14,16/09/2011,69.17,0.0,0.0,0.0,0.0,0.0,False,8.625
2451,14,23/09/2011,63.75,0.0,0.0,0.0,0.0,0.0,False,8.625
2452,14,30/09/2011,70.66,0.0,0.0,0.0,0.0,0.0,False,8.625
2453,14,07/10/2011,55.82,0.0,0.0,0.0,0.0,0.0,False,8.523
2454,14,14/10/2011,63.82,0.0,0.0,0.0,0.0,0.0,False,8.523
2455,14,21/10/2011,59.6,0.0,0.0,0.0,0.0,0.0,False,8.523
2456,14,28/10/2011,51.78,0.0,0.0,0.0,0.0,0.0,False,8.523
2457,14,04/11/2011,43.92,0.0,0.0,0.0,0.0,0.0,False,8.523
2458,14,11/11/2011,47.65,11376.03,22505.23,1079.89,2679.33,4257.94,False,8.523
2459,14,18/11/2011,51.34,16308.11,749.9,273.72,2331.53,9347.0,False,8.523
2460,14,25/11/2011,48.71,286.52,54.0,89402.64,13.0,1915.8,True,8.523
2461,14,02/12/2011,50.19,6428.59,0.0,3657.58,2939.92,34955.25,False,8.523
2462,14,09/12/2011,46.57,7297.72,15.0,342.71,4849.0,7509.9,False,8.523
2463,14,16/12/2011,39.93,5398.47,6.12,881.17,290.64,6390.47,False,8.523
2464,14,23/12/2011,42.27,924.14,112.73,2127.77,80.02,4638.81,False,8.523
2465,14,30/12/2011,37.79,7844.31,70574.85,312.98,1559.84,2851.33,True,8.523
2466,14,06/01/2012,35.88,10428.95,39234.09,839.74,981.17,15911.56,False,8.424
2467,14,13/01/2012,41.18,4605.8,21593.85,636.54,727.57,4054.79,False,8.424
2468,14,20/01/2012,31.85,5037.95,4952.93,860.9,2560.08,5386.74,False,8.424
2469,14,27/01/2012,37.93,3468.31,2195.14,689.52,252.01,2128.36,False,8.424
2470,14,03/02/2012,42.96,78124.5,4232.19,788.56,46081.94,14550.73,False,8.424
2471,14,10/02/2012,37.0,17118.97,6533.16,285.82,11597.23,6174.43,True,8.424
2472,14,17/02/2012,36.85,23664.75,13769.67,143.36,11965.7,10506.12,False,8.424
2473,14,24/02/2012,42.86,15074.23,8644.89,4.2,4450.84,7278.87,False,8.424
2474,14,02/03/2012,41.55,20212.56,1991.38,46.67,11970.8,6876.57,False,8.424
2475,14,09/03/2012,45.52,15710.87,1050.48,1.49,2302.28,2702.96,False,8.424
2476,14,16/03/2012,50.56,6021.47,280.43,5.5,1814.5,1581.84,False,8.424
2477,14,23/03/2012,59.45,4718.7,348.81,6.85,353.11,3726.39,False,8.424
2478,14,30/03/2012,50.04,11267.8,185.8,8.84,1152.46,2509.18,False,8.424
2479,14,06/04/2012,49.73,8376.85,0.0,81.19,3578.4,4857.19,False,8.567
2480,14,13/04/2012,51.83,5236.77,13739.76,51.75,984.02,2638.42,False,8.567
2481,14,20/04/2012,63.13,32124.49,6870.09,100.15,2213.04,3706.04,False,8.567
2482,14,27/04/2012,53.2,3548.09,0.35,45.88,78.21,4193.26,False,8.567
2483,14,04/05/2012,55.21,21068.05,0.0,128.13,5490.93,2764.55,False,8.567
2484,14,11/05/2012,61.24,10626.27,0.0,131.11,1664.04,10557.13,False,8.567
2485,14,18/05/2012,66.3,8818.97,0.0,8.88,1297.39,3330.23,False,8.567
2486,14,25/05/2012,67.21,11421.79,0.0,634.52,1071.25,3204.72,False,8.567
2487,14,01/06/2012,74.48,7765.54,11.0,185.64,2473.3,2603.92,False,8.567
2488,14,08/06/2012,64.3,4636.1,570.2,172.7,1103.04,8024.53,False,8.567
2489,14,15/06/2012,71.93,10737.66,423.4,5.06,1904.52,3823.07,False,8.567
2490,14,22/06/2012,74.22,10291.35,317.0,4.3,3292.07,6115.51,False,8.567
2491,14,29/06/2012,75.22,4575.3,211.7,0.0,304.94,2686.11,False,8.567
2492,14,06/07/2012,82.99,7024.93,416.3,83.47,6927.24,6002.43,False,8.684
2493,14,13/07/2012,79.97,9158.47,-2.5,5.37,4516.68,2574.55,False,8.684
2494,14,20/07/2012,78.89,4564.87,58.48,19.69,1418.34,3764.15,False,8.684
2495,14,27/07/2012,77.2,4945.52,113.66,4.1,10751.35,3298.31,False,8.684
2496,14,03/08/2012,76.58,17465.29,37.82,110.8,13149.34,5089.95,False,8.684
2497,14,10/08/2012,78.65,32432.09,23.68,32.44,4309.81,3570.81,False,8.684
2498,14,17/08/2012,75.71,4625.55,62.5,5.84,2100.73,2663.23,False,8.684
2499,14,24/08/2012,72.62,6647.88,34.56,255.31,6931.8,9414.1,False,8.684
2500,14,31/08/2012,75.09,24718.73,9.94,120.98,14110.32,3332.99,False,8.684
2501,14,07/09/2012,75.7,6623.84,6.97,34.35,2720.17,5498.39,True,8.684
2502,14,14/09/2012,67.87,11320.02,0.0,28.2,855.45,1743.58,False,8.684
2503,14,21/09/2012,65.32,21474.27,98.28,29.88,1924.92,15282.51,False,8.684
2504,14,28/09/2012,64.88,3816.64,38.19,8.16,2545.14,3536.04,False,8.684
2505,14,05/10/2012,64.89,9219.05,0.0,12.04,3592.0,3300.66,False,8.667
2506,14,12/10/2012,54.47,3214.56,0.0,20.28,822.73,7207.7,False,8.667
2507,14,19/10/2012,56.47,4192.74,0.0,17.46,1076.25,3839.99,False,8.667
2508,14,26/10/2012,58.85,9258.41,99.19,117.84,1489.28,1433.31,False,8.667
2509,14,02/11/2012,52.45,14502.36,27807.59,65.98,9137.86,10309.95,False,8.667
2510,14,09/11/2012,41.2,7505.03,13686.34,141.08,704.1,3790.53,False,8.667
2511,14,16/11/2012,45.61,57257.78,1301.94,132.74,1355.51,6149.94,False,8.667
2512,14,23/11/2012,43.08,1144.07,0.04,105691.67,242.1,1415.51,True,8.667
2513,14,30/11/2012,37.43,2912.49,7.5,7324.57,159.88,6351.54,False,8.667
2514,14,07/12/2012,45.53,13923.99,0.0,247.0,3458.0,12715.04,False,8.667
2515,14,14/12/2012,43.55,2671.82,0.0,147.0,1661.11,3096.94,False,8.667
2516,14,21/12/2012,43.54,5301.52,576.5,306.28,174.34,3874.92,False,8.667
2517,14,28/12/2012,35.96,14283.51,45767.78,430.44,47.67,2128.13,True,8.667
2518,14,04/01/2013,32.87,4949.81,46315.84,18.38,388.47,4683.98,False,8.625
2519,14,11/01/2013,38.78,5186.45,26233.26,7.34,758.66,3343.6,False,8.625
2520,14,18/01/2013,41.45,30780.8,6529.64,8.24,6434.82,3124.97,False,8.625
2521,14,25/01/2013,26.49,7289.32,2704.62,1.0,462.85,1749.59,False,8.625
2522,14,01/02/2013,34.92,15670.66,1125.57,1811.8,28494.45,2430.86,False,8.625
2523,14,08/02/2013,28.99,75522.86,903.11,205.18,35146.67,4340.72,True,8.625
2524,14,15/02/2013,35.87,16693.07,3038.43,6.06,2242.93,9686.98,False,8.625
2525,14,22/02/2013,31.48,15320.65,8697.68,103.84,10277.08,5841.93,False,8.625
2526,14,01/03/2013,39.72,16667.02,913.36,20.24,73.88,2601.07,False,8.625
2527,14,08/03/2013,36.13,23140.88,198.2,99.6,6288.14,4650.09,False,8.625
2528,14,15/03/2013,42.81,13379.88,0.0,5.32,1666.38,1967.09,False,8.625
2529,14,22/03/2013,36.55,14080.01,0.0,1024.41,2420.09,5120.3,False,8.625
2530,14,29/03/2013,40.68,10368.04,0.0,763.82,418.76,5066.86,False,8.625
2531,14,05/04/2013,43.94,13011.66,6422.57,438.51,1640.42,4059.25,False,8.335
2532,14,12/04/2013,57.39,10932.61,3011.97,79.46,2129.49,1628.89,False,8.335
2533,14,19/04/2013,56.27,5393.42,2.95,86.0,265.26,1174.47,False,8.335
2534,14,26/04/2013,50.64,1071.92,0.0,187.03,53.47,1723.94,False,8.335
2535,14,03/05/2013,56.07,11008.28,0.94,157.91,3873.67,1988.69,False,
2536,14,10/05/2013,58.86,4538.72,334.06,107.45,2100.1,9069.8,False,
2537,14,17/05/2013,60.59,9659.44,204.88,25.91,1896.27,5896.76,False,
2538,14,24/05/2013,67.11,3701.66,247.84,821.91,2031.64,3202.59,False,
2539,14,31/05/2013,65.88,6253.46,581.33,584.42,145.01,1440.91,False,
2540,14,07/06/2013,70.71,11724.35,955.18,111.16,7790.71,4317.11,False,
2541,14,14/06/2013,70.01,5621.45,629.72,595.38,2513.62,2492.73,False,
2542,14,21/06/2013,70.13,3522.71,674.34,190.55,2890.09,3831.73,False,
2543,14,28/06/2013,76.05,6846.38,1097.6,0.0,6760.2,4170.58,False,
2544,14,05/07/2013,77.5,9443.6,3495.95,1245.83,9221.07,630.61,False,
2545,14,12/07/2013,79.37,4472.61,1389.15,121.37,1373.9,3850.61,False,
2546,14,19/07/2013,82.84,2128.98,739.94,148.15,481.63,3032.51,False,
2547,14,26/07/2013,76.06,779.98,731.33,13.9,185.27,1972.09,False,
2548,15,05/02/2010,19.83,0.0,0.0,0.0,0.0,0.0,False,8.35
2549,15,12/02/2010,22.0,0.0,0.0,0.0,0.0,0.0,True,8.35
2550,15,19/02/2010,27.54,0.0,0.0,0.0,0.0,0.0,False,8.35
2551,15,26/02/2010,29.87,0.0,0.0,0.0,0.0,0.0,False,8.35
2552,15,05/03/2010,31.79,0.0,0.0,0.0,0.0,0.0,False,8.35
2553,15,12/03/2010,41.39,0.0,0.0,0.0,0.0,0.0,False,8.35
2554,15,19/03/2010,44.69,0.0,0.0,0.0,0.0,0.0,False,8.35
2555,15,26/03/2010,39.53,0.0,0.0,0.0,0.0,0.0,False,8.35
2556,15,02/04/2010,45.27,0.0,0.0,0.0,0.0,0.0,False,8.185
2557,15,09/04/2010,57.77,0.0,0.0,0.0,0.0,0.0,False,8.185
2558,15,16/04/2010,49.63,0.0,0.0,0.0,0.0,0.0,False,8.185
2559,15,23/04/2010,46.54,0.0,0.0,0.0,0.0,0.0,False,8.185
2560,15,30/04/2010,49.09,0.0,0.0,0.0,0.0,0.0,False,8.185
2561,15,07/05/2010,63.16,0.0,0.0,0.0,0.0,0.0,False,8.185
2562,15,14/05/2010,47.13,0.0,0.0,0.0,0.0,0.0,False,8.185
2563,15,21/05/2010,59.09,0.0,0.0,0.0,0.0,0.0,False,8.185
2564,15,28/05/2010,70.61,0.0,0.0,0.0,0.0,0.0,False,8.185
2565,15,04/06/2010,69.99,0.0,0.0,0.0,0.0,0.0,False,8.185
2566,15,11/06/2010,61.04,0.0,0.0,0.0,0.0,0.0,False,8.185
2567,15,18/06/2010,65.83,0.0,0.0,0.0,0.0,0.0,False,8.185
2568,15,25/06/2010,72.79,0.0,0.0,0.0,0.0,0.0,False,8.185
2569,15,02/07/2010,66.13,0.0,0.0,0.0,0.0,0.0,False,8.099
2570,15,09/07/2010,77.33,0.0,0.0,0.0,0.0,0.0,False,8.099
2571,15,16/07/2010,72.83,0.0,0.0,0.0,0.0,0.0,False,8.099
2572,15,23/07/2010,73.2,0.0,0.0,0.0,0.0,0.0,False,8.099
2573,15,30/07/2010,72.04,0.0,0.0,0.0,0.0,0.0,False,8.099
2574,15,06/08/2010,72.7,0.0,0.0,0.0,0.0,0.0,False,8.099
2575,15,13/08/2010,72.17,0.0,0.0,0.0,0.0,0.0,False,8.099
2576,15,20/08/2010,71.1,0.0,0.0,0.0,0.0,0.0,False,8.099
2577,15,27/08/2010,65.07,0.0,0.0,0.0,0.0,0.0,False,8.099
2578,15,03/09/2010,73.17,0.0,0.0,0.0,0.0,0.0,False,8.099
2579,15,10/09/2010,62.36,0.0,0.0,0.0,0.0,0.0,True,8.099
2580,15,17/09/2010,57.94,0.0,0.0,0.0,0.0,0.0,False,8.099
2581,15,24/09/2010,62.53,0.0,0.0,0.0,0.0,0.0,False,8.099
2582,15,01/10/2010,59.69,0.0,0.0,0.0,0.0,0.0,False,8.067
2583,15,08/10/2010,52.19,0.0,0.0,0.0,0.0,0.0,False,8.067
2584,15,15/10/2010,49.96,0.0,0.0,0.0,0.0,0.0,False,8.067
2585,15,22/10/2010,47.1,0.0,0.0,0.0,0.0,0.0,False,8.067
2586,15,29/10/2010,55.09,0.0,0.0,0.0,0.0,0.0,False,8.067
2587,15,05/11/2010,40.29,0.0,0.0,0.0,0.0,0.0,False,8.067
2588,15,12/11/2010,39.63,0.0,0.0,0.0,0.0,0.0,False,8.067
2589,15,19/11/2010,44.1,0.0,0.0,0.0,0.0,0.0,False,8.067
2590,15,26/11/2010,40.71,0.0,0.0,0.0,0.0,0.0,True,8.067
2591,15,03/12/2010,36.0,0.0,0.0,0.0,0.0,0.0,False,8.067
2592,15,10/12/2010,23.97,0.0,0.0,0.0,0.0,0.0,False,8.067
2593,15,17/12/2010,25.3,0.0,0.0,0.0,0.0,0.0,False,8.067
2594,15,24/12/2010,25.07,0.0,0.0,0.0,0.0,0.0,False,8.067
2595,15,31/12/2010,26.54,0.0,0.0,0.0,0.0,0.0,True,8.067
2596,15,07/01/2011,30.53,0.0,0.0,0.0,0.0,0.0,False,7.771
2597,15,14/01/2011,19.53,0.0,0.0,0.0,0.0,0.0,False,7.771
2598,15,21/01/2011,21.84,0.0,0.0,0.0,0.0,0.0,False,7.771
2599,15,28/01/2011,19.61,0.0,0.0,0.0,0.0,0.0,False,7.771
2600,15,04/02/2011,20.69,0.0,0.0,0.0,0.0,0.0,False,7.771
2601,15,11/02/2011,21.64,0.0,0.0,0.0,0.0,0.0,True,7.771
2602,15,18/02/2011,33.06,0.0,0.0,0.0,0.0,0.0,False,7.771
2603,15,25/02/2011,20.87,0.0,0.0,0.0,0.0,0.0,False,7.771
2604,15,04/03/2011,28.16,0.0,0.0,0.0,0.0,0.0,False,7.771
2605,15,11/03/2011,34.27,0.0,0.0,0.0,0.0,0.0,False,7.771
2606,15,18/03/2011,40.23,0.0,0.0,0.0,0.0,0.0,False,7.771
2607,15,25/03/2011,32.63,0.0,0.0,0.0,0.0,0.0,False,7.771
2608,15,01/04/2011,30.34,0.0,0.0,0.0,0.0,0.0,False,7.658
2609,15,08/04/2011,40.94,0.0,0.0,0.0,0.0,0.0,False,7.658
2610,15,15/04/2011,48.63,0.0,0.0,0.0,0.0,0.0,False,7.658
2611,15,22/04/2011,41.37,0.0,0.0,0.0,0.0,0.0,False,7.658
2612,15,29/04/2011,55.46,0.0,0.0,0.0,0.0,0.0,False,7.658
2613,15,06/05/2011,49.87,0.0,0.0,0.0,0.0,0.0,False,7.658
2614,15,13/05/2011,57.07,0.0,0.0,0.0,0.0,0.0,False,7.658
2615,15,20/05/2011,57.19,0.0,0.0,0.0,0.0,0.0,False,7.658
2616,15,27/05/2011,65.87,0.0,0.0,0.0,0.0,0.0,False,7.658
2617,15,03/06/2011,69.8,0.0,0.0,0.0,0.0,0.0,False,7.658
2618,15,10/06/2011,69.86,0.0,0.0,0.0,0.0,0.0,False,7.658
2619,15,17/06/2011,63.9,0.0,0.0,0.0,0.0,0.0,False,7.658
2620,15,24/06/2011,69.96,0.0,0.0,0.0,0.0,0.0,False,7.658
2621,15,01/07/2011,67.43,0.0,0.0,0.0,0.0,0.0,False,7.806
2622,15,08/07/2011,73.47,0.0,0.0,0.0,0.0,0.0,False,7.806
2623,15,15/07/2011,73.34,0.0,0.0,0.0,0.0,0.0,False,7.806
2624,15,22/07/2011,79.97,0.0,0.0,0.0,0.0,0.0,False,7.806
2625,15,29/07/2011,74.67,0.0,0.0,0.0,0.0,0.0,False,7.806
2626,15,05/08/2011,73.63,0.0,0.0,0.0,0.0,0.0,False,7.806
2627,15,12/08/2011,70.63,0.0,0.0,0.0,0.0,0.0,False,7.806
2628,15,19/08/2011,70.41,0.0,0.0,0.0,0.0,0.0,False,7.806
2629,15,26/08/2011,69.19,0.0,0.0,0.0,0.0,0.0,False,7.806
2630,15,02/09/2011,67.63,0.0,0.0,0.0,0.0,0.0,False,7.806
2631,15,09/09/2011,67.59,0.0,0.0,0.0,0.0,0.0,True,7.806
2632,15,16/09/2011,62.1,0.0,0.0,0.0,0.0,0.0,False,7.806
2633,15,23/09/2011,59.0,0.0,0.0,0.0,0.0,0.0,False,7.806
2634,15,30/09/2011,64.87,0.0,0.0,0.0,0.0,0.0,False,7.806
2635,15,07/10/2011,51.24,0.0,0.0,0.0,0.0,0.0,False,7.866
2636,15,14/10/2011,61.3,0.0,0.0,0.0,0.0,0.0,False,7.866
2637,15,21/10/2011,51.67,0.0,0.0,0.0,0.0,0.0,False,7.866
2638,15,28/10/2011,45.54,0.0,0.0,0.0,0.0,0.0,False,7.866
2639,15,04/11/2011,43.39,0.0,0.0,0.0,0.0,0.0,False,7.866
2640,15,11/11/2011,47.13,9727.57,4267.72,617.98,1236.64,2067.74,False,7.866
2641,15,18/11/2011,46.53,3668.4,615.27,49.57,946.2,4393.97,False,7.866
2642,15,25/11/2011,41.1,299.72,54.94,67073.91,34.22,171.76,True,7.866
2643,15,02/12/2011,45.67,3751.34,191.82,6485.06,1803.17,16136.43,False,7.866
2644,15,09/12/2011,38.53,3581.98,193.94,75.62,1713.45,5227.94,False,7.866
2645,15,16/12/2011,35.49,2176.13,19.0,158.53,925.45,1273.02,False,7.866
2646,15,23/12/2011,34.93,260.78,7.27,1120.42,80.13,622.48,False,7.866
2647,15,30/12/2011,31.44,3248.4,31122.2,111.35,605.88,3474.84,True,7.866
2648,15,06/01/2012,30.24,5597.99,17413.82,18.8,646.2,3098.77,False,7.943
2649,15,13/01/2012,36.26,1684.66,8959.27,1.0,487.76,542.9,False,7.943
2650,15,20/01/2012,21.39,2637.43,3151.32,0.0,265.47,2257.53,False,7.943
2651,15,27/01/2012,30.87,875.81,2072.02,0.0,58.58,1418.14,False,7.943
2652,15,03/02/2012,35.3,25565.53,3425.96,56.72,19303.94,3230.99,False,7.943
2653,15,10/02/2012,31.91,5140.44,5527.21,10.39,9439.38,6371.82,True,7.943
2654,15,17/02/2012,30.26,17822.56,7914.95,1.76,11094.94,4922.19,False,7.943
2655,15,24/02/2012,33.18,6881.03,5859.12,1.0,3607.57,4147.13,False,7.943
2656,15,02/03/2012,33.24,11611.99,1749.22,27.4,7977.5,2327.04,False,7.943
2657,15,09/03/2012,36.97,7926.63,615.68,1.49,2126.98,2194.94,False,7.943
2658,15,16/03/2012,47.42,3518.76,104.88,2.98,797.26,1364.77,False,7.943
2659,15,23/03/2012,58.92,7318.86,118.73,0.5,3744.04,1224.93,False,7.943
2660,15,30/03/2012,42.65,4292.7,72.67,3.0,1169.95,2965.23,False,7.943
2661,15,06/04/2012,40.01,8567.95,0.0,46.32,1144.78,3518.73,False,8.15
2662,15,13/04/2012,43.52,3408.63,3269.14,13.58,1547.19,1809.75,False,8.15
2663,15,20/04/2012,54.47,4577.67,1678.35,5.9,1094.79,1830.84,False,8.15
2664,15,27/04/2012,41.57,1863.53,0.0,9.82,192.32,1271.7,False,8.15
2665,15,04/05/2012,51.04,8300.37,0.0,110.97,3056.54,1610.94,False,8.15
2666,15,11/05/2012,54.23,11017.0,0.0,11.17,1287.37,2683.72,False,8.15
2667,15,18/05/2012,58.84,5226.88,0.0,8.93,546.11,1281.16,False,8.15
2668,15,25/05/2012,67.97,6258.04,0.0,482.11,928.64,1315.99,False,8.15
2669,15,01/06/2012,67.61,3762.0,22.8,41.98,1170.77,2160.94,False,8.15
2670,15,08/06/2012,59.35,4658.21,269.0,0.19,399.04,3998.9,False,8.15
2671,15,15/06/2012,67.7,3453.42,478.6,0.01,404.11,3862.9,False,8.15
2672,15,22/06/2012,74.28,3816.09,1314.0,0.0,667.31,2567.0,False,8.15
2673,15,29/06/2012,68.91,3076.48,589.4,0.0,1770.01,2113.3,False,8.15
2674,15,06/07/2012,74.64,4916.59,270.1,24.22,1747.41,2772.41,False,8.193
2675,15,13/07/2012,72.62,3376.03,189.6,50.02,942.78,753.32,False,8.193
2676,15,20/07/2012,75.31,1131.83,179.69,31.31,274.96,1321.82,False,8.193
2677,15,27/07/2012,73.9,2403.14,122.34,0.87,2132.06,1082.9,False,8.193
2678,15,03/08/2012,73.13,7251.41,216.62,0.48,4906.29,1420.37,False,8.193
2679,15,10/08/2012,73.99,15384.57,19.31,100.34,1649.99,1552.05,False,8.193
2680,15,17/08/2012,70.29,3690.95,10.66,0.3,788.18,1176.04,False,8.193
2681,15,24/08/2012,66.98,3669.07,-6.69,0.0,2813.59,1610.18,False,8.193
2682,15,31/08/2012,71.42,5501.66,135.77,27.69,1513.49,2862.32,False,8.193
2683,15,07/09/2012,71.61,7925.48,13.2,15.69,1684.3,1941.32,True,8.193
2684,15,14/09/2012,65.44,5163.64,0.0,1.49,922.73,3154.77,False,8.193
2685,15,21/09/2012,60.34,3412.14,91.0,28.5,118.17,1880.31,False,8.193
2686,15,28/09/2012,57.13,5223.97,19.73,0.66,1260.77,5490.76,False,8.193
2687,15,05/10/2012,59.57,2337.37,0.0,6.22,1443.89,1892.94,False,7.992
2688,15,12/10/2012,49.12,1351.82,0.0,5.8,500.2,3631.62,False,7.992
2689,15,19/10/2012,52.89,710.9,0.0,1.68,176.01,1098.68,False,7.992
2690,15,26/10/2012,55.75,4657.77,-7.01,100.0,1077.51,1234.65,False,7.992
2691,15,02/11/2012,47.36,4565.57,5904.29,9.0,1437.77,1226.03,False,7.992
2692,15,09/11/2012,36.32,3353.41,4293.32,38.06,340.26,1717.27,False,7.992
2693,15,16/11/2012,44.4,8728.86,557.12,27.12,1840.54,2216.52,False,7.992
2694,15,23/11/2012,39.82,400.27,0.0,76740.95,358.47,758.91,True,7.992
2695,15,30/11/2012,34.04,1577.33,0.0,4241.0,130.62,4568.23,False,7.992
2696,15,07/12/2012,40.95,6919.92,0.0,212.32,1316.86,4165.76,False,7.992
2697,15,14/12/2012,37.66,5258.35,0.0,22.0,336.24,1206.87,False,7.992
2698,15,21/12/2012,38.6,2568.77,0.0,45.0,113.9,1639.7,False,7.992
2699,15,28/12/2012,28.16,5278.56,17261.44,5.01,34.08,254.53,True,7.992
2700,15,04/01/2013,23.76,1914.12,21803.78,22.11,69.3,1386.44,False,8.036
2701,15,11/01/2013,33.36,4387.53,13895.83,8.39,31.8,1966.82,False,8.036
2702,15,18/01/2013,35.19,3232.34,3900.31,1.56,120.39,1329.63,False,8.036
2703,15,25/01/2013,18.82,4004.91,1942.15,0.4,280.72,1543.9,False,8.036
2704,15,01/02/2013,29.71,10356.61,1601.66,341.8,15824.52,830.83,False,8.036
2705,15,08/02/2013,21.64,46932.68,630.88,213.16,16829.47,2976.96,True,8.036
2706,15,15/02/2013,30.02,5533.97,1314.4,1.24,2895.82,4712.81,False,8.036
2707,15,22/02/2013,23.11,6722.29,1209.95,200.8,1397.74,1421.09,False,8.036
2708,15,01/03/2013,33.45,5780.05,246.9,1.2,985.73,1522.27,False,8.036
2709,15,08/03/2013,28.46,14988.68,145.72,6.83,5322.62,2893.24,False,8.036
2710,15,15/03/2013,37.38,12946.87,0.0,2.62,664.28,942.8,False,8.036
2711,15,22/03/2013,27.38,13425.03,0.0,942.0,857.45,1733.1,False,8.036
2712,15,29/03/2013,35.7,6907.06,0.0,1031.68,107.87,2419.35,False,8.036
2713,15,05/04/2013,36.51,10253.67,2141.9,344.22,1311.21,1921.28,False,7.806
2714,15,12/04/2013,42.94,5391.36,890.83,40.98,876.71,1188.55,False,7.806
2715,15,19/04/2013,50.36,1934.68,111.95,80.0,72.55,284.57,False,7.806
2716,15,26/04/2013,46.56,841.4,0.0,67.3,79.04,925.61,False,7.806
2717,15,03/05/2013,58.11,4421.68,46.0,82.63,1683.9,700.46,False,
2718,15,10/05/2013,60.82,7298.44,462.7,15.9,1893.69,4727.12,False,
2719,15,17/05/2013,51.69,5745.98,717.28,16.0,713.41,3765.65,False,
2720,15,24/05/2013,62.86,2555.11,389.3,502.18,1072.48,2001.61,False,
2721,15,31/05/2013,60.73,4643.11,545.56,0.0,63.03,466.43,False,
2722,15,07/06/2013,62.21,7883.89,1378.88,120.0,2637.43,3925.2,False,
2723,15,14/06/2013,61.31,3433.45,553.69,360.0,1766.04,1101.76,False,
2724,15,21/06/2013,62.53,4012.81,382.38,143.8,3941.85,1869.0,False,
2725,15,28/06/2013,73.7,4599.86,858.14,6.5,2999.23,2917.28,False,
2726,15,05/07/2013,70.26,4855.31,3222.6,794.97,6559.5,1052.94,False,
2727,15,12/07/2013,73.9,3679.59,2654.86,34.5,2044.8,979.49,False,
2728,15,19/07/2013,78.04,2569.12,3236.27,192.44,259.52,1108.48,False,
2729,15,26/07/2013,68.77,312.11,1754.52,0.0,130.4,1192.82,False,
2730,16,05/02/2010,19.79,0.0,0.0,0.0,0.0,0.0,False,7.039
2731,16,12/02/2010,20.87,0.0,0.0,0.0,0.0,0.0,True,7.039
2732,16,19/02/2010,21.13,0.0,0.0,0.0,0.0,0.0,False,7.039
2733,16,26/02/2010,18.12,0.0,0.0,0.0,0.0,0.0,False,7.039
2734,16,05/03/2010,27.92,0.0,0.0,0.0,0.0,0.0,False,7.039
2735,16,12/03/2010,28.64,0.0,0.0,0.0,0.0,0.0,False,7.039
2736,16,19/03/2010,33.45,0.0,0.0,0.0,0.0,0.0,False,7.039
2737,16,26/03/2010,29.88,0.0,0.0,0.0,0.0,0.0,False,7.039
2738,16,02/04/2010,36.19,0.0,0.0,0.0,0.0,0.0,False,6.842
2739,16,09/04/2010,34.21,0.0,0.0,0.0,0.0,0.0,False,6.842
2740,16,16/04/2010,45.69,0.0,0.0,0.0,0.0,0.0,False,6.842
2741,16,23/04/2010,44.9,0.0,0.0,0.0,0.0,0.0,False,6.842
2742,16,30/04/2010,37.75,0.0,0.0,0.0,0.0,0.0,False,6.842
2743,16,07/05/2010,37.43,0.0,0.0,0.0,0.0,0.0,False,6.842
2744,16,14/05/2010,41.26,0.0,0.0,0.0,0.0,0.0,False,6.842
2745,16,21/05/2010,47.34,0.0,0.0,0.0,0.0,0.0,False,6.842
2746,16,28/05/2010,52.08,0.0,0.0,0.0,0.0,0.0,False,6.842
2747,16,04/06/2010,53.76,0.0,0.0,0.0,0.0,0.0,False,6.842
2748,16,11/06/2010,62.63,0.0,0.0,0.0,0.0,0.0,False,6.842
2749,16,18/06/2010,52.4,0.0,0.0,0.0,0.0,0.0,False,6.842
2750,16,25/06/2010,62.37,0.0,0.0,0.0,0.0,0.0,False,6.842
2751,16,02/07/2010,64.44,0.0,0.0,0.0,0.0,0.0,False,6.868
2752,16,09/07/2010,61.79,0.0,0.0,0.0,0.0,0.0,False,6.868
2753,16,16/07/2010,67.68,0.0,0.0,0.0,0.0,0.0,False,6.868
2754,16,23/07/2010,70.67,0.0,0.0,0.0,0.0,0.0,False,6.868
2755,16,30/07/2010,70.71,0.0,0.0,0.0,0.0,0.0,False,6.868
2756,16,06/08/2010,67.42,0.0,0.0,0.0,0.0,0.0,False,6.868
2757,16,13/08/2010,63.91,0.0,0.0,0.0,0.0,0.0,False,6.868
2758,16,20/08/2010,63.59,0.0,0.0,0.0,0.0,0.0,False,6.868
2759,16,27/08/2010,65.66,0.0,0.0,0.0,0.0,0.0,False,6.868
2760,16,03/09/2010,58.02,0.0,0.0,0.0,0.0,0.0,False,6.868
2761,16,10/09/2010,57.24,0.0,0.0,0.0,0.0,0.0,True,6.868
2762,16,17/09/2010,56.55,0.0,0.0,0.0,0.0,0.0,False,6.868
2763,16,24/09/2010,58.19,0.0,0.0,0.0,0.0,0.0,False,6.868
2764,16,01/10/2010,59.39,0.0,0.0,0.0,0.0,0.0,False,6.986
2765,16,08/10/2010,54.29,0.0,0.0,0.0,0.0,0.0,False,6.986
2766,16,15/10/2010,45.0,0.0,0.0,0.0,0.0,0.0,False,6.986
2767,16,22/10/2010,45.85,0.0,0.0,0.0,0.0,0.0,False,6.986
2768,16,29/10/2010,35.76,0.0,0.0,0.0,0.0,0.0,False,6.986
2769,16,05/11/2010,39.94,0.0,0.0,0.0,0.0,0.0,False,6.986
2770,16,12/11/2010,34.04,0.0,0.0,0.0,0.0,0.0,False,6.986
2771,16,19/11/2010,27.26,0.0,0.0,0.0,0.0,0.0,False,6.986
2772,16,26/11/2010,23.46,0.0,0.0,0.0,0.0,0.0,True,6.986
2773,16,03/12/2010,23.68,0.0,0.0,0.0,0.0,0.0,False,6.986
2774,16,10/12/2010,32.02,0.0,0.0,0.0,0.0,0.0,False,6.986
2775,16,17/12/2010,26.01,0.0,0.0,0.0,0.0,0.0,False,6.986
2776,16,24/12/2010,32.46,0.0,0.0,0.0,0.0,0.0,False,6.986
2777,16,31/12/2010,19.66,0.0,0.0,0.0,0.0,0.0,True,6.986
2778,16,07/01/2011,12.39,0.0,0.0,0.0,0.0,0.0,False,6.614
2779,16,14/01/2011,17.46,0.0,0.0,0.0,0.0,0.0,False,6.614
2780,16,21/01/2011,28.6,0.0,0.0,0.0,0.0,0.0,False,6.614
2781,16,28/01/2011,20.8,0.0,0.0,0.0,0.0,0.0,False,6.614
2782,16,04/02/2011,13.64,0.0,0.0,0.0,0.0,0.0,False,6.614
2783,16,11/02/2011,15.02,0.0,0.0,0.0,0.0,0.0,True,6.614
2784,16,18/02/2011,27.18,0.0,0.0,0.0,0.0,0.0,False,6.614
2785,16,25/02/2011,26.15,0.0,0.0,0.0,0.0,0.0,False,6.614
2786,16,04/03/2011,31.77,0.0,0.0,0.0,0.0,0.0,False,6.614
2787,16,11/03/2011,29.36,0.0,0.0,0.0,0.0,0.0,False,6.614
2788,16,18/03/2011,36.5,0.0,0.0,0.0,0.0,0.0,False,6.614
2789,16,25/03/2011,32.61,0.0,0.0,0.0,0.0,0.0,False,6.614
2790,16,01/04/2011,35.75,0.0,0.0,0.0,0.0,0.0,False,6.339
2791,16,08/04/2011,38.04,0.0,0.0,0.0,0.0,0.0,False,6.339
2792,16,15/04/2011,34.59,0.0,0.0,0.0,0.0,0.0,False,6.339
2793,16,22/04/2011,40.74,0.0,0.0,0.0,0.0,0.0,False,6.339
2794,16,29/04/2011,37.77,0.0,0.0,0.0,0.0,0.0,False,6.339
2795,16,06/05/2011,38.64,0.0,0.0,0.0,0.0,0.0,False,6.339
2796,16,13/05/2011,43.29,0.0,0.0,0.0,0.0,0.0,False,6.339
2797,16,20/05/2011,43.95,0.0,0.0,0.0,0.0,0.0,False,6.339
2798,16,27/05/2011,45.17,0.0,0.0,0.0,0.0,0.0,False,6.339
2799,16,03/06/2011,54.08,0.0,0.0,0.0,0.0,0.0,False,6.339
2800,16,10/06/2011,55.78,0.0,0.0,0.0,0.0,0.0,False,6.339
2801,16,17/06/2011,58.34,0.0,0.0,0.0,0.0,0.0,False,6.339
2802,16,24/06/2011,54.36,0.0,0.0,0.0,0.0,0.0,False,6.339
2803,16,01/07/2011,63.59,0.0,0.0,0.0,0.0,0.0,False,6.338
2804,16,08/07/2011,65.0,0.0,0.0,0.0,0.0,0.0,False,6.338
2805,16,15/07/2011,65.16,0.0,0.0,0.0,0.0,0.0,False,6.338
2806,16,22/07/2011,65.36,0.0,0.0,0.0,0.0,0.0,False,6.338
2807,16,29/07/2011,66.84,0.0,0.0,0.0,0.0,0.0,False,6.338
2808,16,05/08/2011,63.96,0.0,0.0,0.0,0.0,0.0,False,6.338
2809,16,12/08/2011,67.09,0.0,0.0,0.0,0.0,0.0,False,6.338
2810,16,19/08/2011,68.83,0.0,0.0,0.0,0.0,0.0,False,6.338
2811,16,26/08/2011,67.51,0.0,0.0,0.0,0.0,0.0,False,6.338
2812,16,02/09/2011,63.44,0.0,0.0,0.0,0.0,0.0,False,6.338
2813,16,09/09/2011,56.99,0.0,0.0,0.0,0.0,0.0,True,6.338
2814,16,16/09/2011,53.68,0.0,0.0,0.0,0.0,0.0,False,6.338
2815,16,23/09/2011,50.39,0.0,0.0,0.0,0.0,0.0,False,6.338
2816,16,30/09/2011,57.61,0.0,0.0,0.0,0.0,0.0,False,6.338
2817,16,07/10/2011,48.91,0.0,0.0,0.0,0.0,0.0,False,6.232
2818,16,14/10/2011,39.97,0.0,0.0,0.0,0.0,0.0,False,6.232
2819,16,21/10/2011,46.99,0.0,0.0,0.0,0.0,0.0,False,6.232
2820,16,28/10/2011,41.97,0.0,0.0,0.0,0.0,0.0,False,6.232
2821,16,04/11/2011,33.43,0.0,0.0,0.0,0.0,0.0,False,6.232
2822,16,11/11/2011,29.56,5042.4,2193.04,200.11,3309.98,2743.18,False,6.232
2823,16,18/11/2011,31.73,2089.46,154.21,3.55,830.6,4425.07,False,6.232
2824,16,25/11/2011,31.39,90.28,126.47,34754.69,24.64,1560.32,True,6.232
2825,16,02/12/2011,27.83,516.47,61.0,944.52,9.0,7124.75,False,6.232
2826,16,09/12/2011,14.44,2229.52,28.0,73.7,1696.73,6465.69,False,6.232
2827,16,16/12/2011,22.5,2801.5,0.0,99.57,422.6,2684.19,False,6.232
2828,16,23/12/2011,20.79,485.0,0.18,475.6,16.2,960.85,False,6.232
2829,16,30/12/2011,23.91,921.67,11778.68,101.87,272.51,1673.25,True,6.232
2830,16,06/01/2012,26.49,443.59,5524.49,15.7,35.25,3296.96,False,6.162
2831,16,13/01/2012,19.55,1353.58,2551.73,0.24,289.67,1899.49,False,6.162
2832,16,20/01/2012,29.3,2087.19,1399.47,5.58,75.83,4742.74,False,6.162
2833,16,27/01/2012,28.17,612.01,1011.32,0.0,8.41,2482.91,False,6.162
2834,16,03/02/2012,25.53,32702.46,747.82,2.39,8063.07,2940.68,False,6.162
2835,16,10/02/2012,23.69,7247.14,985.13,0.45,9481.58,6298.1,True,6.162
2836,16,17/02/2012,31.19,5656.83,2712.39,0.0,2883.67,4484.79,False,6.162
2837,16,24/02/2012,26.21,12120.37,2778.82,0.0,1634.92,4210.7,False,6.162
2838,16,02/03/2012,23.4,8501.55,871.52,0.0,2066.16,3207.63,False,6.162
2839,16,09/03/2012,28.16,5302.57,557.02,3.17,5974.36,3037.04,False,6.162
2840,16,16/03/2012,38.02,3501.15,0.3,1.33,1396.55,1515.46,False,6.162
2841,16,23/03/2012,38.7,1462.21,2.5,4.43,367.45,1256.65,False,6.162
2842,16,30/03/2012,48.29,3404.77,0.0,5.0,188.8,1133.72,False,6.162
2843,16,06/04/2012,48.93,7612.73,0.0,43.82,897.11,5294.18,False,6.169
2844,16,13/04/2012,45.83,3532.73,1368.42,22.0,214.95,1983.5,False,6.169
2845,16,20/04/2012,43.61,2479.18,582.08,22.92,558.25,1659.22,False,6.169
2846,16,27/04/2012,59.69,3351.91,205.74,16.41,366.79,2049.94,False,6.169
2847,16,04/05/2012,51.34,3332.89,0.0,35.34,766.61,2282.68,False,6.169
2848,16,11/05/2012,53.57,4814.92,0.0,61.11,343.64,837.48,False,6.169
2849,16,18/05/2012,56.74,5303.48,0.0,96.9,765.65,2341.97,False,6.169
2850,16,25/05/2012,57.36,990.24,0.0,123.98,321.46,1405.5,False,6.169
2851,16,01/06/2012,58.97,4078.25,22.4,60.41,98.46,968.96,False,6.169
2852,16,08/06/2012,65.43,3644.68,37.2,63.9,611.78,5520.95,False,6.169
2853,16,15/06/2012,65.36,7027.33,141.8,125.91,642.76,1980.96,False,6.169
2854,16,22/06/2012,70.41,1291.33,201.0,0.27,696.47,1682.13,False,6.169
2855,16,29/06/2012,77.31,731.74,107.4,0.0,455.32,1375.35,False,6.169
2856,16,06/07/2012,70.49,1559.36,68.8,13.1,420.62,6013.75,False,6.061
2857,16,13/07/2012,70.29,2375.53,17.9,2.07,983.3,1834.23,False,6.061
2858,16,20/07/2012,68.43,1115.42,105.35,4.69,196.54,948.69,False,6.061
2859,16,27/07/2012,69.0,589.03,31.77,0.0,855.31,1457.52,False,6.061
2860,16,03/08/2012,68.59,4801.46,0.0,0.0,3030.35,2945.89,False,6.061
2861,16,10/08/2012,70.24,7036.67,11.2,11.0,3031.99,2296.61,False,6.061
2862,16,17/08/2012,62.07,408.1,0.0,1.1,870.38,604.8,False,6.061
2863,16,24/08/2012,61.44,1556.47,16.0,3.34,869.05,1691.12,False,6.061
2864,16,31/08/2012,64.19,8702.4,0.0,35.78,3576.08,4493.67,False,6.061
2865,16,07/09/2012,60.09,2291.22,-9.98,37.43,411.53,1576.74,True,6.061
2866,16,14/09/2012,56.69,5323.84,0.0,9.3,1307.03,4474.84,False,6.061
2867,16,21/09/2012,56.48,3913.62,1.91,0.0,143.35,5661.0,False,6.061
2868,16,28/09/2012,51.4,2130.57,3.82,0.0,583.9,1409.43,False,6.061
2869,16,05/10/2012,50.46,2228.83,0.0,23.32,1534.31,4451.29,False,5.847
2870,16,12/10/2012,43.26,522.32,0.0,11.09,40.2,5247.6,False,5.847
2871,16,19/10/2012,40.59,1278.03,0.0,1.16,16.38,1395.48,False,5.847
2872,16,26/10/2012,40.99,2285.52,20.48,0.0,201.97,1237.41,False,5.847
2873,16,02/11/2012,38.2,2826.02,984.41,4.46,274.18,1411.99,False,5.847
2874,16,09/11/2012,39.39,1847.47,3777.37,7.06,465.91,4759.49,False,5.847
2875,16,16/11/2012,27.95,8467.46,640.26,20.16,569.67,4791.12,False,5.847
2876,16,23/11/2012,35.03,150.45,0.0,36887.82,70.74,661.71,True,5.847
2877,16,30/11/2012,31.56,1457.1,0.0,8316.95,93.4,6105.11,False,5.847
2878,16,07/12/2012,34.12,2954.7,0.0,73.0,230.36,6514.19,False,5.847
2879,16,14/12/2012,24.66,286.92,0.0,25.94,21.88,786.11,False,5.847
2880,16,21/12/2012,21.6,2714.42,0.0,25.0,20.64,1551.56,False,5.847
2881,16,28/12/2012,17.93,4541.46,7686.78,160.0,142.2,714.38,True,5.847
2882,16,04/01/2013,8.55,702.74,8630.01,16.6,115.54,1274.24,False,5.415
2883,16,11/01/2013,17.64,2134.52,4962.66,7.77,16.76,2543.65,False,5.415
2884,16,18/01/2013,8.82,4085.38,1448.73,2.46,1632.0,1818.7,False,5.415
2885,16,25/01/2013,21.62,5069.98,207.53,0.1,551.55,1490.43,False,5.415
2886,16,01/02/2013,28.1,2601.39,279.07,91.8,1988.48,1318.85,False,5.415
2887,16,08/02/2013,25.41,29842.81,247.22,61.72,16268.99,2222.53,True,5.415
2888,16,15/02/2013,20.49,7170.69,398.83,0.24,2613.16,3184.65,False,5.415
2889,16,22/02/2013,23.43,4852.98,246.22,0.0,3283.14,2724.32,False,5.415
2890,16,01/03/2013,18.86,1036.49,186.48,1.6,27.91,776.27,False,5.415
2891,16,08/03/2013,32.51,8077.03,48.38,21.01,1029.14,1659.9,False,5.415
2892,16,15/03/2013,33.08,4820.89,0.0,3.67,453.4,991.83,False,5.415
2893,16,22/03/2013,31.55,4590.76,0.0,689.0,425.27,908.52,False,5.415
2894,16,29/03/2013,31.64,3664.58,0.0,445.12,95.17,1338.01,False,5.415
2895,16,05/04/2013,40.15,4260.6,2.25,179.82,209.59,2179.82,False,5.324
2896,16,12/04/2013,32.66,1777.31,17.29,27.59,157.47,1318.61,False,5.324
2897,16,19/04/2013,30.36,1465.98,0.0,54.52,109.89,2498.49,False,5.324
2898,16,26/04/2013,35.39,353.74,0.0,88.0,0.0,1008.38,False,5.324
2899,16,03/05/2013,41.41,1006.27,0.0,13.21,542.17,662.68,False,
2900,16,10/05/2013,42.61,4679.77,71.0,29.76,349.92,2483.48,False,
2901,16,17/05/2013,53.14,3793.38,102.94,3.1,253.87,5265.79,False,
2902,16,24/05/2013,47.96,1712.21,78.88,47.28,436.66,1598.51,False,
2903,16,31/05/2013,50.66,1917.54,111.2,64.94,0.0,1066.74,False,
2904,16,07/06/2013,54.47,2327.36,244.2,53.8,893.67,2480.14,False,
2905,16,14/06/2013,63.54,2439.69,162.03,181.0,1625.55,1115.95,False,
2906,16,21/06/2013,61.31,3741.21,69.66,107.6,619.27,2491.84,False,
2907,16,28/06/2013,64.39,2159.6,421.95,1.2,625.71,1502.47,False,
2908,16,05/07/2013,65.69,2358.72,336.52,58.44,774.74,1497.5,False,
2909,16,12/07/2013,67.61,1074.06,63.63,56.58,1510.37,1317.28,False,
2910,16,19/07/2013,65.55,273.86,84.13,0.0,1.94,914.66,False,
2911,16,26/07/2013,67.29,375.42,102.26,0.0,272.07,1795.21,False,
2912,17,05/02/2010,23.11,0.0,0.0,0.0,0.0,0.0,False,6.548
2913,17,12/02/2010,18.36,0.0,0.0,0.0,0.0,0.0,True,6.548
2914,17,19/02/2010,25.06,0.0,0.0,0.0,0.0,0.0,False,6.548
2915,17,26/02/2010,15.64,0.0,0.0,0.0,0.0,0.0,False,6.548
2916,17,05/03/2010,31.58,0.0,0.0,0.0,0.0,0.0,False,6.548
2917,17,12/03/2010,29.71,0.0,0.0,0.0,0.0,0.0,False,6.548
2918,17,19/03/2010,33.96,0.0,0.0,0.0,0.0,0.0,False,6.548
2919,17,26/03/2010,35.59,0.0,0.0,0.0,0.0,0.0,False,6.548
2920,17,02/04/2010,36.94,0.0,0.0,0.0,0.0,0.0,False,6.635
2921,17,09/04/2010,34.05,0.0,0.0,0.0,0.0,0.0,False,6.635
2922,17,16/04/2010,45.22,0.0,0.0,0.0,0.0,0.0,False,6.635
2923,17,23/04/2010,52.25,0.0,0.0,0.0,0.0,0.0,False,6.635
2924,17,30/04/2010,43.82,0.0,0.0,0.0,0.0,0.0,False,6.635
2925,17,07/05/2010,40.26,0.0,0.0,0.0,0.0,0.0,False,6.635
2926,17,14/05/2010,47.28,0.0,0.0,0.0,0.0,0.0,False,6.635
2927,17,21/05/2010,53.94,0.0,0.0,0.0,0.0,0.0,False,6.635
2928,17,28/05/2010,48.19,0.0,0.0,0.0,0.0,0.0,False,6.635
2929,17,04/06/2010,53.79,0.0,0.0,0.0,0.0,0.0,False,6.635
2930,17,11/06/2010,57.14,0.0,0.0,0.0,0.0,0.0,False,6.635
2931,17,18/06/2010,54.94,0.0,0.0,0.0,0.0,0.0,False,6.635
2932,17,25/06/2010,62.64,0.0,0.0,0.0,0.0,0.0,False,6.635
2933,17,02/07/2010,68.98,0.0,0.0,0.0,0.0,0.0,False,6.697
2934,17,09/07/2010,62.41,0.0,0.0,0.0,0.0,0.0,False,6.697
2935,17,16/07/2010,65.66,0.0,0.0,0.0,0.0,0.0,False,6.697
2936,17,23/07/2010,69.66,0.0,0.0,0.0,0.0,0.0,False,6.697
2937,17,30/07/2010,69.96,0.0,0.0,0.0,0.0,0.0,False,6.697
2938,17,06/08/2010,70.53,0.0,0.0,0.0,0.0,0.0,False,6.697
2939,17,13/08/2010,65.17,0.0,0.0,0.0,0.0,0.0,False,6.697
2940,17,20/08/2010,67.04,0.0,0.0,0.0,0.0,0.0,False,6.697
2941,17,27/08/2010,65.03,0.0,0.0,0.0,0.0,0.0,False,6.697
2942,17,03/09/2010,57.86,0.0,0.0,0.0,0.0,0.0,False,6.697
2943,17,10/09/2010,56.28,0.0,0.0,0.0,0.0,0.0,True,6.697
2944,17,17/09/2010,58.53,0.0,0.0,0.0,0.0,0.0,False,6.697
2945,17,24/09/2010,58.39,0.0,0.0,0.0,0.0,0.0,False,6.697
2946,17,01/10/2010,60.07,0.0,0.0,0.0,0.0,0.0,False,6.885
2947,17,08/10/2010,58.06,0.0,0.0,0.0,0.0,0.0,False,6.885
2948,17,15/10/2010,47.35,0.0,0.0,0.0,0.0,0.0,False,6.885
2949,17,22/10/2010,47.95,0.0,0.0,0.0,0.0,0.0,False,6.885
2950,17,29/10/2010,39.87,0.0,0.0,0.0,0.0,0.0,False,6.885
2951,17,05/11/2010,42.54,0.0,0.0,0.0,0.0,0.0,False,6.885
2952,17,12/11/2010,36.32,0.0,0.0,0.0,0.0,0.0,False,6.885
2953,17,19/11/2010,36.31,0.0,0.0,0.0,0.0,0.0,False,6.885
2954,17,26/11/2010,19.03,0.0,0.0,0.0,0.0,0.0,True,6.885
2955,17,03/12/2010,22.47,0.0,0.0,0.0,0.0,0.0,False,6.885
2956,17,10/12/2010,31.64,0.0,0.0,0.0,0.0,0.0,False,6.885
2957,17,17/12/2010,25.13,0.0,0.0,0.0,0.0,0.0,False,6.885
2958,17,24/12/2010,26.58,0.0,0.0,0.0,0.0,0.0,False,6.885
2959,17,31/12/2010,20.79,0.0,0.0,0.0,0.0,0.0,True,6.885
2960,17,07/01/2011,6.23,0.0,0.0,0.0,0.0,0.0,False,6.866
2961,17,14/01/2011,16.57,0.0,0.0,0.0,0.0,0.0,False,6.866
2962,17,21/01/2011,26.62,0.0,0.0,0.0,0.0,0.0,False,6.866
2963,17,28/01/2011,22.16,0.0,0.0,0.0,0.0,0.0,False,6.866
2964,17,04/02/2011,11.29,0.0,0.0,0.0,0.0,0.0,False,6.866
2965,17,11/02/2011,14.19,0.0,0.0,0.0,0.0,0.0,True,6.866
2966,17,18/02/2011,26.86,0.0,0.0,0.0,0.0,0.0,False,6.866
2967,17,25/02/2011,24.36,0.0,0.0,0.0,0.0,0.0,False,6.866
2968,17,04/03/2011,24.21,0.0,0.0,0.0,0.0,0.0,False,6.866
2969,17,11/03/2011,32.42,0.0,0.0,0.0,0.0,0.0,False,6.866
2970,17,18/03/2011,34.48,0.0,0.0,0.0,0.0,0.0,False,6.866
2971,17,25/03/2011,36.71,0.0,0.0,0.0,0.0,0.0,False,6.866
2972,17,01/04/2011,39.38,0.0,0.0,0.0,0.0,0.0,False,6.774
2973,17,08/04/2011,39.16,0.0,0.0,0.0,0.0,0.0,False,6.774
2974,17,15/04/2011,39.98,0.0,0.0,0.0,0.0,0.0,False,6.774
2975,17,22/04/2011,42.24,0.0,0.0,0.0,0.0,0.0,False,6.774
2976,17,29/04/2011,40.14,0.0,0.0,0.0,0.0,0.0,False,6.774
2977,17,06/05/2011,45.66,0.0,0.0,0.0,0.0,0.0,False,6.774
2978,17,13/05/2011,49.26,0.0,0.0,0.0,0.0,0.0,False,6.774
2979,17,20/05/2011,51.93,0.0,0.0,0.0,0.0,0.0,False,6.774
2980,17,27/05/2011,51.04,0.0,0.0,0.0,0.0,0.0,False,6.774
2981,17,03/06/2011,49.61,0.0,0.0,0.0,0.0,0.0,False,6.774
2982,17,10/06/2011,54.57,0.0,0.0,0.0,0.0,0.0,False,6.774
2983,17,17/06/2011,56.61,0.0,0.0,0.0,0.0,0.0,False,6.774
2984,17,24/06/2011,60.99,0.0,0.0,0.0,0.0,0.0,False,6.774
2985,17,01/07/2011,67.39,0.0,0.0,0.0,0.0,0.0,False,6.745
2986,17,08/07/2011,70.6,0.0,0.0,0.0,0.0,0.0,False,6.745
2987,17,15/07/2011,67.93,0.0,0.0,0.0,0.0,0.0,False,6.745
2988,17,22/07/2011,69.82,0.0,0.0,0.0,0.0,0.0,False,6.745
2989,17,29/07/2011,68.59,0.0,0.0,0.0,0.0,0.0,False,6.745
2990,17,05/08/2011,65.71,0.0,0.0,0.0,0.0,0.0,False,6.745
2991,17,12/08/2011,64.79,0.0,0.0,0.0,0.0,0.0,False,6.745
2992,17,19/08/2011,67.59,0.0,0.0,0.0,0.0,0.0,False,6.745
2993,17,26/08/2011,72.04,0.0,0.0,0.0,0.0,0.0,False,6.745
2994,17,02/09/2011,69.31,0.0,0.0,0.0,0.0,0.0,False,6.745
2995,17,09/09/2011,61.94,0.0,0.0,0.0,0.0,0.0,True,6.745
2996,17,16/09/2011,61.48,0.0,0.0,0.0,0.0,0.0,False,6.745
2997,17,23/09/2011,56.96,0.0,0.0,0.0,0.0,0.0,False,6.745
2998,17,30/09/2011,61.4,0.0,0.0,0.0,0.0,0.0,False,6.745
2999,17,07/10/2011,54.4,0.0,0.0,0.0,0.0,0.0,False,6.617
3000,17,14/10/2011,47.69,0.0,0.0,0.0,0.0,0.0,False,6.617
3001,17,21/10/2011,47.27,0.0,0.0,0.0,0.0,0.0,False,6.617
3002,17,28/10/2011,41.89,0.0,0.0,0.0,0.0,0.0,False,6.617
3003,17,04/11/2011,37.52,0.0,0.0,0.0,0.0,0.0,False,6.617
3004,17,11/11/2011,27.61,3935.0,4172.99,225.67,2515.61,3009.79,False,6.617
3005,17,18/11/2011,32.93,6004.88,247.29,32.39,653.49,4391.01,False,6.617
3006,17,25/11/2011,32.81,310.16,181.17,62095.85,106.24,1292.3,True,6.617
3007,17,02/12/2011,26.47,5562.36,222.94,16380.88,2303.32,17707.05,False,6.617
3008,17,09/12/2011,17.56,8530.15,0.0,29.6,840.04,6700.99,False,6.617
3009,17,16/12/2011,21.07,3356.86,0.03,38.78,1286.21,2618.88,False,6.617
3010,17,23/12/2011,18.76,945.5,35.63,1077.82,57.64,2404.82,False,6.617
3011,17,30/12/2011,26.73,4439.21,42391.85,120.08,1366.9,2383.67,True,6.617
3012,17,06/01/2012,27.64,5185.45,12090.5,33.9,1490.06,4832.68,False,6.403
3013,17,13/01/2012,20.28,1552.86,3911.73,0.52,542.24,1709.97,False,6.403
3014,17,20/01/2012,27.26,1461.59,577.33,0.0,442.39,1407.74,False,6.403
3015,17,27/01/2012,29.99,1834.7,684.22,0.0,118.0,1109.1,False,6.403
3016,17,03/02/2012,26.26,32793.78,5509.47,38.96,35785.26,4518.58,False,6.403
3017,17,10/02/2012,23.63,5658.48,13498.72,16.27,4292.59,6008.71,True,6.403
3018,17,17/02/2012,30.76,10862.6,14264.11,2.64,8459.96,4740.08,False,6.403
3019,17,24/02/2012,30.01,8628.93,3368.34,0.0,3876.56,4378.82,False,6.403
3020,17,02/03/2012,26.28,14469.08,1163.89,37.38,8771.3,2237.79,False,6.403
3021,17,09/03/2012,32.02,3944.86,104.91,2.16,550.85,3717.62,False,6.403
3022,17,16/03/2012,43.69,6373.65,46.13,1.02,1938.3,1278.79,False,6.403
3023,17,23/03/2012,40.69,5060.41,42.99,0.0,315.1,1399.39,False,6.403
3024,17,30/03/2012,45.29,8337.43,74.41,6.0,418.13,3444.54,False,6.403
3025,17,06/04/2012,43.92,11072.17,0.0,43.74,2299.75,4192.05,False,6.235
3026,17,13/04/2012,46.94,2328.03,6989.17,3.6,895.75,1545.65,False,6.235
3027,17,20/04/2012,47.69,2570.29,1288.35,2.1,341.52,2157.85,False,6.235
3028,17,27/04/2012,59.11,1832.86,0.0,1.62,8.94,2211.39,False,6.235
3029,17,04/05/2012,48.86,10140.57,0.0,181.65,2709.84,1859.33,False,6.235
3030,17,11/05/2012,49.96,6288.63,0.0,22.59,997.55,1266.73,False,6.235
3031,17,18/05/2012,59.67,3847.57,0.0,92.93,1216.19,2403.0,False,6.235
3032,17,25/05/2012,55.69,5528.92,0.0,71.81,595.85,2754.3,False,6.235
3033,17,01/06/2012,54.13,3996.22,25.0,31.8,1667.66,881.3,False,6.235
3034,17,08/06/2012,60.51,6233.58,140.2,328.34,763.88,4501.73,False,6.235
3035,17,15/06/2012,56.67,6069.6,147.0,0.18,1949.47,1373.68,False,6.235
3036,17,22/06/2012,62.9,3500.33,466.98,0.0,1789.53,2980.58,False,6.235
3037,17,29/06/2012,71.14,2895.23,281.3,0.0,357.75,1195.05,False,6.235
3038,17,06/07/2012,68.91,9824.36,128.0,25.38,3990.35,3618.23,False,5.936
3039,17,13/07/2012,72.94,5814.57,64.9,0.18,1807.43,1705.19,False,5.936
3040,17,20/07/2012,70.59,2836.48,34.2,20.25,738.75,1189.5,False,5.936
3041,17,27/07/2012,74.2,4345.01,57.6,7.79,3965.83,6114.63,False,5.936
3042,17,03/08/2012,72.94,13721.83,56.6,8.34,12343.79,1797.84,False,5.936
3043,17,10/08/2012,73.29,3711.96,9.2,4.42,2316.51,1613.36,False,5.936
3044,17,17/08/2012,70.98,1833.19,5.6,0.81,1344.67,1707.05,False,5.936
3045,17,24/08/2012,68.89,3255.74,6.0,50.17,3022.22,3782.36,False,5.936
3046,17,31/08/2012,68.07,11235.99,0.0,2.73,3648.33,1964.35,False,5.936
3047,17,07/09/2012,61.99,13396.45,0.0,18.08,1299.65,1333.12,True,5.936
3048,17,14/09/2012,59.64,5620.89,0.0,13.95,260.46,4585.25,False,5.936
3049,17,21/09/2012,58.43,6035.13,1.91,14.5,859.64,6132.91,False,5.936
3050,17,28/09/2012,57.77,4716.69,0.0,9.0,1925.91,1643.33,False,5.936
3051,17,05/10/2012,52.81,3029.6,0.0,0.0,2246.04,3033.47,False,5.527
3052,17,12/10/2012,44.82,1171.21,0.0,3.58,371.84,3776.18,False,5.527
3053,17,19/10/2012,48.16,708.27,0.0,1.4,14.01,1328.57,False,5.527
3054,17,26/10/2012,39.94,5593.69,112.2,0.0,134.13,748.23,False,5.527
3055,17,02/11/2012,42.44,7478.97,8749.51,17.92,2157.65,851.55,False,5.527
3056,17,09/11/2012,42.61,21255.03,8427.53,25.52,556.83,1809.12,False,5.527
3057,17,16/11/2012,28.61,7925.53,35.84,86.23,505.53,4800.52,False,5.527
3058,17,23/11/2012,39.65,1078.12,0.0,95047.19,278.16,197.98,True,5.527
3059,17,30/11/2012,33.56,1963.55,0.0,3244.1,138.15,6126.74,False,5.527
3060,17,07/12/2012,38.92,6489.6,0.0,245.0,625.01,9873.61,False,5.527
3061,17,14/12/2012,29.89,1744.74,0.0,47.0,54.18,984.26,False,5.527
3062,17,21/12/2012,23.83,4617.06,0.0,211.0,13.76,1754.77,False,5.527
3063,17,28/12/2012,23.98,11343.3,32976.15,265.2,80.35,658.71,True,5.527
3064,17,04/01/2013,2.45,1878.66,24590.65,9.59,39.47,1809.83,False,5.275
3065,17,11/01/2013,16.27,3734.33,6076.96,5.66,40.81,1252.82,False,5.275
3066,17,18/01/2013,0.25,3800.17,691.28,3.98,354.12,1362.12,False,5.275
3067,17,25/01/2013,11.15,2758.83,971.75,0.2,122.23,673.73,False,5.275
3068,17,01/02/2013,28.23,17447.15,696.14,123.2,26529.19,1695.28,False,5.275
3069,17,08/02/2013,26.01,72850.3,230.57,172.79,28593.78,4407.64,True,5.275
3070,17,15/02/2013,23.29,8104.65,1350.4,18.06,2610.48,5087.07,False,5.275
3071,17,22/02/2013,25.32,6623.86,717.71,11.16,1035.95,2574.72,False,5.275
3072,17,01/03/2013,20.33,2175.77,22.09,9.6,95.2,704.59,False,5.275
3073,17,08/03/2013,30.08,16526.87,29.92,52.31,4306.06,6176.34,False,5.275
3074,17,15/03/2013,35.68,8692.55,0.0,8.7,813.16,981.25,False,5.275
3075,17,22/03/2013,34.72,7266.77,0.0,2316.0,643.92,1948.0,False,5.275
3076,17,29/03/2013,33.64,7629.38,0.0,622.0,27.87,1336.41,False,5.275
3077,17,05/04/2013,48.5,9204.71,3375.4,160.76,1374.77,1386.85,False,5.213
3078,17,12/04/2013,41.34,3056.54,298.37,56.91,381.14,1908.6,False,5.213
3079,17,19/04/2013,36.22,2457.88,62.25,74.64,239.61,457.84,False,5.213
3080,17,26/04/2013,42.46,1641.7,0.0,47.2,40.32,484.15,False,5.213
3081,17,03/05/2013,48.09,6547.87,86.96,118.83,1861.64,1332.69,False,
3082,17,10/05/2013,54.74,2928.35,82.96,32.21,438.28,5389.83,False,
3083,17,17/05/2013,63.32,3303.25,83.8,8.06,636.6,3708.61,False,
3084,17,24/05/2013,52.33,4914.05,34.94,498.83,518.74,2859.77,False,
3085,17,31/05/2013,53.72,1494.86,73.3,59.08,77.3,462.12,False,
3086,17,07/06/2013,59.66,8132.18,139.84,121.3,4348.0,1981.59,False,
3087,17,14/06/2013,66.68,3377.69,278.62,891.2,469.78,1316.6,False,
3088,17,21/06/2013,60.76,3738.14,90.11,179.59,931.31,4749.6,False,
3089,17,28/06/2013,65.44,4265.68,439.36,3.0,718.88,2876.28,False,
3090,17,05/07/2013,75.91,13086.7,1086.84,591.59,4976.92,1792.37,False,
3091,17,12/07/2013,70.58,5140.83,1419.41,67.81,804.06,1482.83,False,
3092,17,19/07/2013,71.65,1022.5,719.02,110.1,582.92,988.61,False,
3093,17,26/07/2013,71.41,64.25,423.39,11.0,73.46,921.75,False,
3094,18,05/02/2010,21.33,0.0,0.0,0.0,0.0,0.0,False,9.202
3095,18,12/02/2010,26.41,0.0,0.0,0.0,0.0,0.0,True,9.202
3096,18,19/02/2010,30.91,0.0,0.0,0.0,0.0,0.0,False,9.202
3097,18,26/02/2010,35.42,0.0,0.0,0.0,0.0,0.0,False,9.202
3098,18,05/03/2010,37.17,0.0,0.0,0.0,0.0,0.0,False,9.202
3099,18,12/03/2010,42.39,0.0,0.0,0.0,0.0,0.0,False,9.202
3100,18,19/03/2010,45.42,0.0,0.0,0.0,0.0,0.0,False,9.202
3101,18,26/03/2010,47.55,0.0,0.0,0.0,0.0,0.0,False,9.202
3102,18,02/04/2010,45.63,0.0,0.0,0.0,0.0,0.0,False,9.269
3103,18,09/04/2010,59.91,0.0,0.0,0.0,0.0,0.0,False,9.269
3104,18,16/04/2010,50.26,0.0,0.0,0.0,0.0,0.0,False,9.269
3105,18,23/04/2010,50.3,0.0,0.0,0.0,0.0,0.0,False,9.269
3106,18,30/04/2010,51.12,0.0,0.0,0.0,0.0,0.0,False,9.269
3107,18,07/05/2010,65.64,0.0,0.0,0.0,0.0,0.0,False,9.269
3108,18,14/05/2010,49.9,0.0,0.0,0.0,0.0,0.0,False,9.269
3109,18,21/05/2010,60.27,0.0,0.0,0.0,0.0,0.0,False,9.269
3110,18,28/05/2010,69.12,0.0,0.0,0.0,0.0,0.0,False,9.269
3111,18,04/06/2010,70.28,0.0,0.0,0.0,0.0,0.0,False,9.269
3112,18,11/06/2010,64.08,0.0,0.0,0.0,0.0,0.0,False,9.269
3113,18,18/06/2010,65.96,0.0,0.0,0.0,0.0,0.0,False,9.269
3114,18,25/06/2010,74.04,0.0,0.0,0.0,0.0,0.0,False,9.269
3115,18,02/07/2010,71.22,0.0,0.0,0.0,0.0,0.0,False,9.342
3116,18,09/07/2010,79.75,0.0,0.0,0.0,0.0,0.0,False,9.342
3117,18,16/07/2010,76.9,0.0,0.0,0.0,0.0,0.0,False,9.342
3118,18,23/07/2010,75.71,0.0,0.0,0.0,0.0,0.0,False,9.342
3119,18,30/07/2010,75.79,0.0,0.0,0.0,0.0,0.0,False,9.342
3120,18,06/08/2010,73.67,0.0,0.0,0.0,0.0,0.0,False,9.342
3121,18,13/08/2010,74.19,0.0,0.0,0.0,0.0,0.0,False,9.342
3122,18,20/08/2010,71.76,0.0,0.0,0.0,0.0,0.0,False,9.342
3123,18,27/08/2010,67.05,0.0,0.0,0.0,0.0,0.0,False,9.342
3124,18,03/09/2010,75.42,0.0,0.0,0.0,0.0,0.0,False,9.342
3125,18,10/09/2010,67.09,0.0,0.0,0.0,0.0,0.0,True,9.342
3126,18,17/09/2010,60.94,0.0,0.0,0.0,0.0,0.0,False,9.342
3127,18,24/09/2010,64.82,0.0,0.0,0.0,0.0,0.0,False,9.342
3128,18,01/10/2010,67.76,0.0,0.0,0.0,0.0,0.0,False,9.331
3129,18,08/10/2010,54.73,0.0,0.0,0.0,0.0,0.0,False,9.331
3130,18,15/10/2010,52.02,0.0,0.0,0.0,0.0,0.0,False,9.331
3131,18,22/10/2010,47.12,0.0,0.0,0.0,0.0,0.0,False,9.331
3132,18,29/10/2010,55.85,0.0,0.0,0.0,0.0,0.0,False,9.331
3133,18,05/11/2010,42.05,0.0,0.0,0.0,0.0,0.0,False,9.331
3134,18,12/11/2010,43.17,0.0,0.0,0.0,0.0,0.0,False,9.331
3135,18,19/11/2010,45.26,0.0,0.0,0.0,0.0,0.0,False,9.331
3136,18,26/11/2010,40.81,0.0,0.0,0.0,0.0,0.0,True,9.331
3137,18,03/12/2010,37.09,0.0,0.0,0.0,0.0,0.0,False,9.331
3138,18,10/12/2010,25.64,0.0,0.0,0.0,0.0,0.0,False,9.331
3139,18,17/12/2010,27.4,0.0,0.0,0.0,0.0,0.0,False,9.331
3140,18,24/12/2010,28.16,0.0,0.0,0.0,0.0,0.0,False,9.331
3141,18,31/12/2010,26.1,0.0,0.0,0.0,0.0,0.0,True,9.331
3142,18,07/01/2011,30.1,0.0,0.0,0.0,0.0,0.0,False,9.131
3143,18,14/01/2011,22.69,0.0,0.0,0.0,0.0,0.0,False,9.131
3144,18,21/01/2011,22.55,0.0,0.0,0.0,0.0,0.0,False,9.131
3145,18,28/01/2011,14.84,0.0,0.0,0.0,0.0,0.0,False,9.131
3146,18,04/02/2011,20.79,0.0,0.0,0.0,0.0,0.0,False,9.131
3147,18,11/02/2011,24.3,0.0,0.0,0.0,0.0,0.0,True,9.131
3148,18,18/02/2011,31.59,0.0,0.0,0.0,0.0,0.0,False,9.131
3149,18,25/02/2011,26.15,0.0,0.0,0.0,0.0,0.0,False,9.131
3150,18,04/03/2011,28.49,0.0,0.0,0.0,0.0,0.0,False,9.131
3151,18,11/03/2011,38.4,0.0,0.0,0.0,0.0,0.0,False,9.131
3152,18,18/03/2011,41.12,0.0,0.0,0.0,0.0,0.0,False,9.131
3153,18,25/03/2011,36.65,0.0,0.0,0.0,0.0,0.0,False,9.131
3154,18,01/04/2011,35.06,0.0,0.0,0.0,0.0,0.0,False,8.975
3155,18,08/04/2011,43.32,0.0,0.0,0.0,0.0,0.0,False,8.975
3156,18,15/04/2011,49.91,0.0,0.0,0.0,0.0,0.0,False,8.975
3157,18,22/04/2011,45.99,0.0,0.0,0.0,0.0,0.0,False,8.975
3158,18,29/04/2011,58.82,0.0,0.0,0.0,0.0,0.0,False,8.975
3159,18,06/05/2011,54.17,0.0,0.0,0.0,0.0,0.0,False,8.975
3160,18,13/05/2011,58.48,0.0,0.0,0.0,0.0,0.0,False,8.975
3161,18,20/05/2011,57.55,0.0,0.0,0.0,0.0,0.0,False,8.975
3162,18,27/05/2011,64.6,0.0,0.0,0.0,0.0,0.0,False,8.975
3163,18,03/06/2011,70.9,0.0,0.0,0.0,0.0,0.0,False,8.975
3164,18,10/06/2011,69.49,0.0,0.0,0.0,0.0,0.0,False,8.975
3165,18,17/06/2011,63.23,0.0,0.0,0.0,0.0,0.0,False,8.975
3166,18,24/06/2011,67.41,0.0,0.0,0.0,0.0,0.0,False,8.975
3167,18,01/07/2011,69.75,0.0,0.0,0.0,0.0,0.0,False,8.89
3168,18,08/07/2011,73.12,0.0,0.0,0.0,0.0,0.0,False,8.89
3169,18,15/07/2011,74.36,0.0,0.0,0.0,0.0,0.0,False,8.89
3170,18,22/07/2011,78.68,0.0,0.0,0.0,0.0,0.0,False,8.89
3171,18,29/07/2011,73.85,0.0,0.0,0.0,0.0,0.0,False,8.89
3172,18,05/08/2011,74.58,0.0,0.0,0.0,0.0,0.0,False,8.89
3173,18,12/08/2011,73.57,0.0,0.0,0.0,0.0,0.0,False,8.89
3174,18,19/08/2011,69.24,0.0,0.0,0.0,0.0,0.0,False,8.89
3175,18,26/08/2011,70.32,0.0,0.0,0.0,0.0,0.0,False,8.89
3176,18,02/09/2011,68.23,0.0,0.0,0.0,0.0,0.0,False,8.89
3177,18,09/09/2011,68.11,0.0,0.0,0.0,0.0,0.0,True,8.89
3178,18,16/09/2011,66.23,0.0,0.0,0.0,0.0,0.0,False,8.89
3179,18,23/09/2011,60.44,0.0,0.0,0.0,0.0,0.0,False,8.89
3180,18,30/09/2011,69.01,0.0,0.0,0.0,0.0,0.0,False,8.89
3181,18,07/10/2011,54.65,0.0,0.0,0.0,0.0,0.0,False,8.471
3182,18,14/10/2011,60.26,0.0,0.0,0.0,0.0,0.0,False,8.471
3183,18,21/10/2011,55.83,0.0,0.0,0.0,0.0,0.0,False,8.471
3184,18,28/10/2011,45.61,0.0,0.0,0.0,0.0,0.0,False,8.471
3185,18,04/11/2011,38.29,0.0,0.0,0.0,0.0,0.0,False,8.471
3186,18,11/11/2011,45.69,15992.53,14793.25,213.79,2921.6,3231.9,False,8.471
3187,18,18/11/2011,47.88,5223.35,1781.71,182.6,1170.74,4346.68,False,8.471
3188,18,25/11/2011,41.97,748.82,46.0,71366.86,19.0,577.4,True,8.471
3189,18,02/12/2011,46.25,4614.36,7.0,1389.17,2419.58,23235.01,False,8.471
3190,18,09/12/2011,42.36,5128.67,10.5,659.34,2773.46,6374.67,False,8.471
3191,18,16/12/2011,35.52,3332.41,2.65,882.11,1350.2,2932.75,False,8.471
3192,18,23/12/2011,35.78,159.95,12.79,2083.28,71.51,2131.65,False,8.471
3193,18,30/12/2011,32.36,3214.22,53296.65,300.74,621.37,1276.08,True,8.471
3194,18,06/01/2012,31.27,6196.77,43731.43,128.45,1653.17,8527.2,False,8.075
3195,18,13/01/2012,35.25,3761.79,22411.4,10.54,807.3,2977.83,False,8.075
3196,18,20/01/2012,24.2,4209.35,5114.77,3.66,414.31,965.11,False,8.075
3197,18,27/01/2012,30.44,3237.56,3060.93,0.0,22.5,653.02,False,8.075
3198,18,03/02/2012,37.62,19499.87,3227.0,424.44,43570.91,3158.83,False,8.075
3199,18,10/02/2012,32.83,36778.65,4105.7,222.56,16024.01,8840.68,True,8.075
3200,18,17/02/2012,32.87,17875.37,9663.67,2.0,10433.78,5439.08,False,8.075
3201,18,24/02/2012,36.34,8425.97,10284.14,0.0,1417.12,3566.91,False,8.075
3202,18,02/03/2012,33.59,26970.65,2430.78,152.58,28367.78,3625.67,False,8.075
3203,18,09/03/2012,38.1,7410.18,368.19,25.46,1852.39,2332.07,False,8.075
3204,18,16/03/2012,45.84,9284.23,167.65,4.93,2554.94,2070.14,False,8.075
3205,18,23/03/2012,58.06,4449.37,237.61,6.53,475.59,2848.63,False,8.075
3206,18,30/03/2012,45.35,13122.32,267.64,6.93,657.56,2566.75,False,8.075
3207,18,06/04/2012,43.8,7879.75,0.0,43.89,3186.17,5337.91,False,8.304
3208,18,13/04/2012,47.75,5798.35,9592.28,11.72,1492.2,2261.14,False,8.304
3209,18,20/04/2012,60.88,9959.48,11361.33,10.57,203.57,2562.42,False,8.304
3210,18,27/04/2012,50.43,2255.05,5.83,23.93,17.92,1445.88,False,8.304
3211,18,04/05/2012,49.66,13737.74,0.0,39.54,4131.8,3521.29,False,8.304
3212,18,11/05/2012,57.44,11557.93,0.0,89.44,1570.63,3911.58,False,8.304
3213,18,18/05/2012,62.31,9525.2,0.0,70.23,868.98,2396.74,False,8.304
3214,18,25/05/2012,65.48,12179.37,0.0,251.38,2595.31,1605.36,False,8.304
3215,18,01/06/2012,71.42,13525.26,1.2,36.26,1889.92,1629.62,False,8.304
3216,18,08/06/2012,59.1,9422.6,218.0,32.42,427.69,6113.61,False,8.304
3217,18,15/06/2012,66.58,6285.43,296.4,0.44,3224.15,2870.91,False,8.304
3218,18,22/06/2012,70.92,8206.82,478.09,1.37,3726.43,4323.55,False,8.304
3219,18,29/06/2012,70.17,4281.61,262.88,0.0,829.99,2102.06,False,8.304
3220,18,06/07/2012,76.08,7264.07,216.52,104.43,5508.05,4833.1,False,8.535
3221,18,13/07/2012,75.09,6538.92,113.06,0.28,3817.92,959.97,False,8.535
3222,18,20/07/2012,77.43,2316.87,161.52,27.08,525.04,887.18,False,8.535
3223,18,27/07/2012,72.97,4182.36,117.52,5.9,3944.27,4654.0,False,8.535
3224,18,03/08/2012,72.67,20286.36,66.83,46.62,17046.57,1583.43,False,8.535
3225,18,10/08/2012,75.7,20397.03,134.57,41.72,3800.38,2169.34,False,8.535
3226,18,17/08/2012,73.25,1852.64,70.36,8.9,2345.51,767.44,False,8.535
3227,18,24/08/2012,68.52,842.8,63.4,32.68,460.81,3260.03,False,8.535
3228,18,31/08/2012,70.09,20913.04,7.98,98.98,9800.5,4527.8,False,8.535
3229,18,07/09/2012,71.85,5817.03,3.0,99.56,346.88,4664.82,True,8.535
3230,18,14/09/2012,64.45,10608.96,0.0,12.41,1458.55,5520.31,False,8.535
3231,18,21/09/2012,60.23,7820.69,41.64,296.78,1323.47,7158.18,False,8.535
3232,18,28/09/2012,58.24,2247.94,22.73,45.56,2464.93,1640.3,False,8.535
3233,18,05/10/2012,59.68,6366.36,0.0,27.33,3667.31,3573.44,False,8.243
3234,18,12/10/2012,50.97,2241.19,0.0,30.08,901.32,3592.56,False,8.243
3235,18,19/10/2012,51.96,1894.83,0.0,2.24,501.85,1453.25,False,8.243
3236,18,26/10/2012,56.09,5430.61,128.31,50.0,822.64,969.64,False,8.243
3237,18,02/11/2012,53.32,11861.01,12763.88,61.53,4984.07,1985.24,False,8.243
3238,18,09/11/2012,37.39,4560.54,8508.12,237.68,496.03,2514.94,False,8.243
3239,18,16/11/2012,43.74,9123.17,1617.53,184.59,669.81,3472.72,False,8.243
3240,18,23/11/2012,36.33,1692.83,1.5,78371.54,579.46,449.15,True,8.243
3241,18,30/11/2012,34.72,2490.24,-0.01,4412.81,79.08,4115.57,False,8.243
3242,18,07/12/2012,37.27,5603.21,0.0,453.79,1406.9,4558.48,False,8.243
3243,18,14/12/2012,37.44,5244.37,0.0,597.76,1749.06,12417.68,False,8.243
3244,18,21/12/2012,37.44,4385.38,11.0,128.95,360.69,3697.58,False,8.243
3245,18,28/12/2012,31.33,4937.85,32085.26,102.2,159.64,1227.3,True,8.243
3246,18,04/01/2013,23.66,6064.73,35695.29,18.86,99.4,1990.99,False,7.942
3247,18,11/01/2013,31.74,3019.84,25411.25,8.52,209.41,1628.16,False,7.942
3248,18,18/01/2013,35.16,13143.28,6165.95,2.42,2168.59,1303.3,False,7.942
3249,18,25/01/2013,21.29,2438.66,3197.94,1.9,271.65,1333.64,False,7.942
3250,18,01/02/2013,29.18,28342.64,2968.99,237.52,42822.56,838.37,False,7.942
3251,18,08/02/2013,24.59,53005.3,1074.17,1611.28,41801.19,3714.86,True,7.942
3252,18,15/02/2013,29.52,22443.77,13811.84,610.0,8550.69,3281.44,False,7.942
3253,18,22/02/2013,27.2,9054.65,7279.71,5.38,2340.66,5418.77,False,7.942
3254,18,01/03/2013,35.8,4463.9,1107.58,2.4,502.0,1440.78,False,7.942
3255,18,08/03/2013,33.61,23835.52,246.29,66.6,8469.87,2126.06,False,7.942
3256,18,15/03/2013,38.75,7799.82,1.02,17.55,699.37,3594.64,False,7.942
3257,18,22/03/2013,30.43,4723.25,0.0,525.0,2984.31,906.37,False,7.942
3258,18,29/03/2013,39.18,11246.27,0.0,314.52,254.9,1273.15,False,7.942
3259,18,05/04/2013,40.65,14510.64,7334.26,261.1,2075.33,2048.18,False,7.788
3260,18,12/04/2013,47.92,2466.9,3499.1,42.14,456.36,1263.41,False,7.788
3261,18,19/04/2013,49.59,5404.86,528.52,57.9,125.86,1491.44,False,7.788
3262,18,26/04/2013,47.98,997.18,0.0,148.27,161.34,1106.58,False,7.788
3263,18,03/05/2013,55.96,7793.73,24.0,199.02,3398.66,1158.86,False,
3264,18,10/05/2013,58.74,6875.82,508.76,53.73,2003.03,3758.17,False,
3265,18,17/05/2013,56.18,5669.76,314.94,4.78,1540.69,3208.46,False,
3266,18,24/05/2013,63.17,4339.2,97.0,189.49,1154.43,2393.29,False,
3267,18,31/05/2013,60.42,6308.31,99.13,172.89,238.82,6333.06,False,
3268,18,07/06/2013,66.55,5195.77,300.28,137.35,1648.17,2491.66,False,
3269,18,14/06/2013,62.06,12791.41,136.7,241.56,4399.01,2809.96,False,
3270,18,21/06/2013,65.92,4384.21,159.52,174.24,4437.32,3305.26,False,
3271,18,28/06/2013,75.07,1884.26,178.89,0.0,264.0,869.6,False,
3272,18,05/07/2013,77.15,8154.57,731.06,668.11,12012.13,2688.84,False,
3273,18,12/07/2013,77.34,2794.12,277.28,143.33,1786.71,1343.14,False,
3274,18,19/07/2013,80.48,5055.21,291.54,54.1,654.7,1248.79,False,
3275,18,26/07/2013,73.31,1696.0,208.68,4.2,145.07,377.33,False,
3276,19,05/02/2010,20.96,0.0,0.0,0.0,0.0,0.0,False,8.35
3277,19,12/02/2010,23.22,0.0,0.0,0.0,0.0,0.0,True,8.35
3278,19,19/02/2010,28.57,0.0,0.0,0.0,0.0,0.0,False,8.35
3279,19,26/02/2010,30.33,0.0,0.0,0.0,0.0,0.0,False,8.35
3280,19,05/03/2010,32.92,0.0,0.0,0.0,0.0,0.0,False,8.35
3281,19,12/03/2010,39.06,0.0,0.0,0.0,0.0,0.0,False,8.35
3282,19,19/03/2010,43.74,0.0,0.0,0.0,0.0,0.0,False,8.35
3283,19,26/03/2010,39.07,0.0,0.0,0.0,0.0,0.0,False,8.35
3284,19,02/04/2010,45.26,0.0,0.0,0.0,0.0,0.0,False,8.185
3285,19,09/04/2010,55.66,0.0,0.0,0.0,0.0,0.0,False,8.185
3286,19,16/04/2010,49.67,0.0,0.0,0.0,0.0,0.0,False,8.185
3287,19,23/04/2010,46.87,0.0,0.0,0.0,0.0,0.0,False,8.185
3288,19,30/04/2010,49.89,0.0,0.0,0.0,0.0,0.0,False,8.185
3289,19,07/05/2010,62.54,0.0,0.0,0.0,0.0,0.0,False,8.185
3290,19,14/05/2010,46.53,0.0,0.0,0.0,0.0,0.0,False,8.185
3291,19,21/05/2010,57.53,0.0,0.0,0.0,0.0,0.0,False,8.185
3292,19,28/05/2010,68.85,0.0,0.0,0.0,0.0,0.0,False,8.185
3293,19,04/06/2010,68.88,0.0,0.0,0.0,0.0,0.0,False,8.185
3294,19,11/06/2010,61.64,0.0,0.0,0.0,0.0,0.0,False,8.185
3295,19,18/06/2010,66.25,0.0,0.0,0.0,0.0,0.0,False,8.185
3296,19,25/06/2010,72.3,0.0,0.0,0.0,0.0,0.0,False,8.185
3297,19,02/07/2010,66.25,0.0,0.0,0.0,0.0,0.0,False,8.099
3298,19,09/07/2010,78.22,0.0,0.0,0.0,0.0,0.0,False,8.099
3299,19,16/07/2010,74.6,0.0,0.0,0.0,0.0,0.0,False,8.099
3300,19,23/07/2010,74.68,0.0,0.0,0.0,0.0,0.0,False,8.099
3301,19,30/07/2010,72.83,0.0,0.0,0.0,0.0,0.0,False,8.099
3302,19,06/08/2010,74.2,0.0,0.0,0.0,0.0,0.0,False,8.099
3303,19,13/08/2010,72.71,0.0,0.0,0.0,0.0,0.0,False,8.099
3304,19,20/08/2010,72.22,0.0,0.0,0.0,0.0,0.0,False,8.099
3305,19,27/08/2010,66.4,0.0,0.0,0.0,0.0,0.0,False,8.099
3306,19,03/09/2010,74.69,0.0,0.0,0.0,0.0,0.0,False,8.099
3307,19,10/09/2010,63.36,0.0,0.0,0.0,0.0,0.0,True,8.099
3308,19,17/09/2010,58.68,0.0,0.0,0.0,0.0,0.0,False,8.099
3309,19,24/09/2010,63.43,0.0,0.0,0.0,0.0,0.0,False,8.099
3310,19,01/10/2010,59.91,0.0,0.0,0.0,0.0,0.0,False,8.067
3311,19,08/10/2010,53.74,0.0,0.0,0.0,0.0,0.0,False,8.067
3312,19,15/10/2010,51.32,0.0,0.0,0.0,0.0,0.0,False,8.067
3313,19,22/10/2010,48.45,0.0,0.0,0.0,0.0,0.0,False,8.067
3314,19,29/10/2010,56.11,0.0,0.0,0.0,0.0,0.0,False,8.067
3315,19,05/11/2010,41.78,0.0,0.0,0.0,0.0,0.0,False,8.067
3316,19,12/11/2010,40.3,0.0,0.0,0.0,0.0,0.0,False,8.067
3317,19,19/11/2010,44.22,0.0,0.0,0.0,0.0,0.0,False,8.067
3318,19,26/11/2010,42.62,0.0,0.0,0.0,0.0,0.0,True,8.067
3319,19,03/12/2010,36.64,0.0,0.0,0.0,0.0,0.0,False,8.067
3320,19,10/12/2010,25.12,0.0,0.0,0.0,0.0,0.0,False,8.067
3321,19,17/12/2010,26.83,0.0,0.0,0.0,0.0,0.0,False,8.067
3322,19,24/12/2010,26.05,0.0,0.0,0.0,0.0,0.0,False,8.067
3323,19,31/12/2010,28.65,0.0,0.0,0.0,0.0,0.0,True,8.067
3324,19,07/01/2011,31.34,0.0,0.0,0.0,0.0,0.0,False,7.771
3325,19,14/01/2011,21.68,0.0,0.0,0.0,0.0,0.0,False,7.771
3326,19,21/01/2011,22.8,0.0,0.0,0.0,0.0,0.0,False,7.771
3327,19,28/01/2011,20.66,0.0,0.0,0.0,0.0,0.0,False,7.771
3328,19,04/02/2011,21.02,0.0,0.0,0.0,0.0,0.0,False,7.771
3329,19,11/02/2011,21.79,0.0,0.0,0.0,0.0,0.0,True,7.771
3330,19,18/02/2011,34.74,0.0,0.0,0.0,0.0,0.0,False,7.771
3331,19,25/02/2011,23.24,0.0,0.0,0.0,0.0,0.0,False,7.771
3332,19,04/03/2011,29.28,0.0,0.0,0.0,0.0,0.0,False,7.771
3333,19,11/03/2011,35.59,0.0,0.0,0.0,0.0,0.0,False,7.771
3334,19,18/03/2011,40.32,0.0,0.0,0.0,0.0,0.0,False,7.771
3335,19,25/03/2011,33.26,0.0,0.0,0.0,0.0,0.0,False,7.771
3336,19,01/04/2011,30.68,0.0,0.0,0.0,0.0,0.0,False,7.658
3337,19,08/04/2011,41.26,0.0,0.0,0.0,0.0,0.0,False,7.658
3338,19,15/04/2011,48.67,0.0,0.0,0.0,0.0,0.0,False,7.658
3339,19,22/04/2011,41.66,0.0,0.0,0.0,0.0,0.0,False,7.658
3340,19,29/04/2011,54.23,0.0,0.0,0.0,0.0,0.0,False,7.658
3341,19,06/05/2011,50.43,0.0,0.0,0.0,0.0,0.0,False,7.658
3342,19,13/05/2011,54.2,0.0,0.0,0.0,0.0,0.0,False,7.658
3343,19,20/05/2011,52.8,0.0,0.0,0.0,0.0,0.0,False,7.658
3344,19,27/05/2011,63.2,0.0,0.0,0.0,0.0,0.0,False,7.658
3345,19,03/06/2011,66.01,0.0,0.0,0.0,0.0,0.0,False,7.658
3346,19,10/06/2011,68.26,0.0,0.0,0.0,0.0,0.0,False,7.658
3347,19,17/06/2011,64.02,0.0,0.0,0.0,0.0,0.0,False,7.658
3348,19,24/06/2011,68.4,0.0,0.0,0.0,0.0,0.0,False,7.658
3349,19,01/07/2011,67.64,0.0,0.0,0.0,0.0,0.0,False,7.806
3350,19,08/07/2011,73.2,0.0,0.0,0.0,0.0,0.0,False,7.806
3351,19,15/07/2011,73.7,0.0,0.0,0.0,0.0,0.0,False,7.806
3352,19,22/07/2011,79.37,0.0,0.0,0.0,0.0,0.0,False,7.806
3353,19,29/07/2011,74.86,0.0,0.0,0.0,0.0,0.0,False,7.806
3354,19,05/08/2011,73.84,0.0,0.0,0.0,0.0,0.0,False,7.806
3355,19,12/08/2011,70.92,0.0,0.0,0.0,0.0,0.0,False,7.806
3356,19,19/08/2011,71.14,0.0,0.0,0.0,0.0,0.0,False,7.806
3357,19,26/08/2011,69.34,0.0,0.0,0.0,0.0,0.0,False,7.806
3358,19,02/09/2011,69.27,0.0,0.0,0.0,0.0,0.0,False,7.806
3359,19,09/09/2011,68.28,0.0,0.0,0.0,0.0,0.0,True,7.806
3360,19,16/09/2011,62.76,0.0,0.0,0.0,0.0,0.0,False,7.806
3361,19,23/09/2011,61.32,0.0,0.0,0.0,0.0,0.0,False,7.806
3362,19,30/09/2011,64.99,0.0,0.0,0.0,0.0,0.0,False,7.806
3363,19,07/10/2011,53.1,0.0,0.0,0.0,0.0,0.0,False,7.866
3364,19,14/10/2011,61.86,0.0,0.0,0.0,0.0,0.0,False,7.866
3365,19,21/10/2011,52.05,0.0,0.0,0.0,0.0,0.0,False,7.866
3366,19,28/10/2011,46.49,0.0,0.0,0.0,0.0,0.0,False,7.866
3367,19,04/11/2011,44.97,0.0,0.0,0.0,0.0,0.0,False,7.866
3368,19,11/11/2011,48.22,27064.58,16590.75,502.96,8568.62,6349.89,False,7.866
3369,19,18/11/2011,48.21,10100.14,1785.29,92.36,978.96,7776.94,False,7.866
3370,19,25/11/2011,42.75,1328.35,1436.52,88805.58,23.79,1869.98,True,7.866
3371,19,02/12/2011,45.67,7197.6,239.76,9191.67,4716.48,28279.83,False,7.866
3372,19,09/12/2011,40.18,7210.8,9.5,481.91,4650.7,11954.56,False,7.866
3373,19,16/12/2011,37.07,5307.81,292.4,825.0,489.96,4799.18,False,7.866
3374,19,23/12/2011,36.09,3124.45,475.86,1902.55,145.88,3248.83,False,7.866
3375,19,30/12/2011,31.65,6234.22,50438.17,210.34,1457.96,2373.94,True,7.866
3376,19,06/01/2012,31.84,9970.68,26073.98,233.88,1552.93,10335.05,False,7.943
3377,19,13/01/2012,37.08,3504.09,11505.42,291.37,1698.88,5451.32,False,7.943
3378,19,20/01/2012,23.44,5571.99,5702.57,225.06,1122.08,2863.93,False,7.943
3379,19,27/01/2012,32.41,3112.37,4031.78,289.74,20.97,2353.81,False,7.943
3380,19,03/02/2012,36.22,51879.66,6433.83,394.18,52739.02,6473.61,False,7.943
3381,19,10/02/2012,32.61,12739.73,8415.91,279.21,16150.68,7888.04,True,7.943
3382,19,17/02/2012,30.95,14910.8,14860.19,82.94,11200.69,7571.06,False,7.943
3383,19,24/02/2012,33.91,13926.46,11835.35,2.8,4929.34,6287.18,False,7.943
3384,19,02/03/2012,34.83,28177.29,3485.95,22.78,31324.8,2851.55,False,7.943
3385,19,09/03/2012,38.15,6724.01,745.75,2.68,1532.63,3952.89,False,7.943
3386,19,16/03/2012,48.2,8353.56,84.57,3.04,3175.2,2613.7,False,7.943
3387,19,23/03/2012,56.72,6048.55,170.78,1.02,986.74,2684.83,False,7.943
3388,19,30/03/2012,43.47,9356.36,134.4,6.75,2056.18,3420.94,False,7.943
3389,19,06/04/2012,40.23,9337.26,0.0,52.59,2949.23,5996.69,False,8.15
3390,19,13/04/2012,44.42,5254.86,12590.76,22.55,1818.94,3264.93,False,8.15
3391,19,20/04/2012,55.2,6304.48,5712.68,34.16,1321.97,3751.92,False,8.15
3392,19,27/04/2012,42.45,3735.3,-265.76,52.82,67.72,2959.27,False,8.15
3393,19,04/05/2012,50.76,21028.84,532.0,122.17,7269.47,2609.22,False,8.15
3394,19,11/05/2012,55.33,10882.1,0.0,30.22,1751.72,3236.51,False,8.15
3395,19,18/05/2012,58.81,12613.98,0.0,11.5,1705.28,3600.79,False,8.15
3396,19,25/05/2012,67.79,10665.28,0.0,1095.85,1053.96,2647.45,False,8.15
3397,19,01/06/2012,68.18,8247.79,36.2,100.6,2171.48,4578.85,False,8.15
3398,19,08/06/2012,60.19,10625.25,292.4,51.96,2760.12,6219.56,False,8.15
3399,19,15/06/2012,68.19,9987.83,697.0,0.05,2837.84,4710.66,False,8.15
3400,19,22/06/2012,75.83,10418.79,1232.8,0.51,2971.07,12187.35,False,8.15
3401,19,29/06/2012,69.92,11993.32,535.4,0.0,3736.21,3432.8,False,8.15
3402,19,06/07/2012,76.07,10945.79,600.3,101.46,6664.35,7855.14,False,8.193
3403,19,13/07/2012,73.17,8183.44,328.2,35.88,2677.28,1877.81,False,8.193
3404,19,20/07/2012,76.17,6029.42,424.15,17.82,3070.32,2610.94,False,8.193
3405,19,27/07/2012,74.43,6705.0,282.26,5.43,4414.95,4550.07,False,8.193
3406,19,03/08/2012,73.41,36466.8,220.13,41.77,16284.94,2242.89,False,8.193
3407,19,10/08/2012,74.45,6196.55,232.43,76.35,3086.53,3417.36,False,8.193
3408,19,17/08/2012,69.83,4512.6,370.35,11.11,2282.3,3764.75,False,8.193
3409,19,24/08/2012,66.66,9087.86,237.03,102.63,5601.12,6738.74,False,8.193
3410,19,31/08/2012,71.85,19970.78,236.96,23.99,7058.25,2595.88,False,8.193
3411,19,07/09/2012,72.2,9053.47,27.41,22.94,1677.12,4844.18,True,8.193
3412,19,14/09/2012,65.08,13667.97,0.0,13.57,1166.93,7136.43,False,8.193
3413,19,21/09/2012,60.62,11030.97,147.55,13.5,1516.01,9152.78,False,8.193
3414,19,28/09/2012,56.81,2992.04,48.46,0.0,2463.88,3732.36,False,8.193
3415,19,05/10/2012,59.86,6971.59,0.0,10.96,3640.93,3827.33,False,7.992
3416,19,12/10/2012,48.29,2374.5,0.0,7.25,919.32,6101.0,False,7.992
3417,19,19/10/2012,53.44,2948.25,0.0,17.4,811.41,2017.49,False,7.992
3418,19,26/10/2012,56.49,5430.75,90.07,0.0,904.34,1665.77,False,7.992
3419,19,02/11/2012,46.81,11686.96,18053.48,88.94,5484.5,3833.76,False,7.992
3420,19,09/11/2012,36.61,10447.67,8347.01,63.02,555.28,5534.02,False,7.992
3421,19,16/11/2012,45.1,13820.22,970.3,111.97,1378.34,7943.58,False,7.992
3422,19,23/11/2012,40.84,1805.13,0.02,115048.81,527.72,860.36,True,7.992
3423,19,30/11/2012,34.69,6213.37,0.01,10583.66,291.77,7161.79,False,7.992
3424,19,07/12/2012,43.1,9231.25,0.0,366.0,2931.23,17257.64,False,7.992
3425,19,14/12/2012,37.84,8978.78,0.0,80.0,1157.44,3218.38,False,7.992
3426,19,21/12/2012,40.4,3694.82,0.0,18.32,28.84,1312.46,False,7.992
3427,19,28/12/2012,29.58,21811.57,40905.78,126.98,353.83,3784.77,True,7.992
3428,19,04/01/2013,25.22,5497.5,38836.38,54.01,129.39,2633.63,False,8.036
3429,19,11/01/2013,34.91,4034.6,20543.56,16.34,27.73,4608.97,False,8.036
3430,19,18/01/2013,37.22,14539.28,6324.58,4.22,989.85,1548.86,False,8.036
3431,19,25/01/2013,20.04,4518.34,3054.39,0.6,744.2,2105.49,False,8.036
3432,19,01/02/2013,31.51,23355.16,2188.33,134.8,41847.94,1801.0,False,8.036
3433,19,08/02/2013,22.82,84139.36,1876.35,236.42,60065.82,5586.91,True,8.036
3434,19,15/02/2013,30.73,17577.61,2478.62,781.48,7469.45,9734.54,False,8.036
3435,19,22/02/2013,24.1,12290.99,3768.15,6.0,3704.32,4787.66,False,8.036
3436,19,01/03/2013,33.74,10332.93,552.02,211.38,93.68,1347.58,False,8.036
3437,19,08/03/2013,29.44,33815.05,344.23,72.18,11789.26,2869.89,False,8.036
3438,19,15/03/2013,38.92,17887.06,0.0,7.79,3853.63,1884.2,False,8.036
3439,19,22/03/2013,28.07,11279.19,0.0,1434.2,3264.83,2426.5,False,8.036
3440,19,29/03/2013,36.39,11181.01,0.0,1173.21,47.31,4608.74,False,8.036
3441,19,05/04/2013,36.94,11969.09,4974.43,447.22,2715.29,3252.21,False,7.806
3442,19,12/04/2013,43.78,9112.91,1907.65,31.63,4146.37,2285.07,False,7.806
3443,19,19/04/2013,51.88,6224.83,127.42,71.0,248.23,1099.86,False,7.806
3444,19,26/04/2013,47.33,1974.68,0.0,159.67,161.14,2351.9,False,7.806
3445,19,03/05/2013,59.08,14724.43,30.94,51.08,8229.62,1815.51,False,
3446,19,10/05/2013,59.31,6830.01,326.7,168.62,2078.28,8838.24,False,
3447,19,17/05/2013,52.54,11529.47,581.88,11.42,2496.68,5104.96,False,
3448,19,24/05/2013,62.35,5889.93,595.88,1042.67,2355.77,3727.0,False,
3449,19,31/05/2013,62.2,5101.84,534.57,728.91,98.54,2988.71,False,
3450,19,07/06/2013,62.27,15573.25,1213.92,698.93,9775.28,5182.49,False,
3451,19,14/06/2013,62.27,5819.8,1228.5,676.66,3187.16,3022.72,False,
3452,19,21/06/2013,63.62,6249.72,1198.03,239.5,4795.65,7608.5,False,
3453,19,28/06/2013,74.7,8789.89,2645.16,46.47,7281.65,3360.27,False,
3454,19,05/07/2013,69.81,13423.83,6220.22,1150.97,11125.54,2406.94,False,
3455,19,12/07/2013,74.12,8565.49,2641.12,92.79,4060.58,2207.45,False,
3456,19,19/07/2013,79.15,2605.69,2086.65,598.5,722.01,1233.32,False,
3457,19,26/07/2013,68.96,689.65,1568.71,30.0,84.91,1993.5,False,
3458,20,05/02/2010,25.92,0.0,0.0,0.0,0.0,0.0,False,8.187
3459,20,12/02/2010,22.12,0.0,0.0,0.0,0.0,0.0,True,8.187
3460,20,19/02/2010,25.43,0.0,0.0,0.0,0.0,0.0,False,8.187
3461,20,26/02/2010,32.32,0.0,0.0,0.0,0.0,0.0,False,8.187
3462,20,05/03/2010,31.75,0.0,0.0,0.0,0.0,0.0,False,8.187
3463,20,12/03/2010,43.82,0.0,0.0,0.0,0.0,0.0,False,8.187
3464,20,19/03/2010,47.32,0.0,0.0,0.0,0.0,0.0,False,8.187
3465,20,26/03/2010,50.49,0.0,0.0,0.0,0.0,0.0,False,8.187
3466,20,02/04/2010,51.0,0.0,0.0,0.0,0.0,0.0,False,7.856
3467,20,09/04/2010,65.1,0.0,0.0,0.0,0.0,0.0,False,7.856
3468,20,16/04/2010,55.43,0.0,0.0,0.0,0.0,0.0,False,7.856
3469,20,23/04/2010,50.65,0.0,0.0,0.0,0.0,0.0,False,7.856
3470,20,30/04/2010,54.75,0.0,0.0,0.0,0.0,0.0,False,7.856
3471,20,07/05/2010,66.74,0.0,0.0,0.0,0.0,0.0,False,7.856
3472,20,14/05/2010,55.91,0.0,0.0,0.0,0.0,0.0,False,7.856
3473,20,21/05/2010,60.38,0.0,0.0,0.0,0.0,0.0,False,7.856
3474,20,28/05/2010,70.97,0.0,0.0,0.0,0.0,0.0,False,7.856
3475,20,04/06/2010,72.52,0.0,0.0,0.0,0.0,0.0,False,7.856
3476,20,11/06/2010,67.32,0.0,0.0,0.0,0.0,0.0,False,7.856
3477,20,18/06/2010,72.62,0.0,0.0,0.0,0.0,0.0,False,7.856
3478,20,25/06/2010,75.17,0.0,0.0,0.0,0.0,0.0,False,7.856
3479,20,02/07/2010,70.1,0.0,0.0,0.0,0.0,0.0,False,7.527
3480,20,09/07/2010,78.09,0.0,0.0,0.0,0.0,0.0,False,7.527
3481,20,16/07/2010,75.14,0.0,0.0,0.0,0.0,0.0,False,7.527
3482,20,23/07/2010,77.75,0.0,0.0,0.0,0.0,0.0,False,7.527
3483,20,30/07/2010,76.03,0.0,0.0,0.0,0.0,0.0,False,7.527
3484,20,06/08/2010,74.57,0.0,0.0,0.0,0.0,0.0,False,7.527
3485,20,13/08/2010,75.98,0.0,0.0,0.0,0.0,0.0,False,7.527
3486,20,20/08/2010,75.34,0.0,0.0,0.0,0.0,0.0,False,7.527
3487,20,27/08/2010,70.51,0.0,0.0,0.0,0.0,0.0,False,7.527
3488,20,03/09/2010,75.5,0.0,0.0,0.0,0.0,0.0,False,7.527
3489,20,10/09/2010,65.02,0.0,0.0,0.0,0.0,0.0,True,7.527
3490,20,17/09/2010,65.28,0.0,0.0,0.0,0.0,0.0,False,7.527
3491,20,24/09/2010,69.37,0.0,0.0,0.0,0.0,0.0,False,7.527
3492,20,01/10/2010,61.08,0.0,0.0,0.0,0.0,0.0,False,7.484
3493,20,08/10/2010,51.5,0.0,0.0,0.0,0.0,0.0,False,7.484
3494,20,15/10/2010,59.17,0.0,0.0,0.0,0.0,0.0,False,7.484
3495,20,22/10/2010,50.52,0.0,0.0,0.0,0.0,0.0,False,7.484
3496,20,29/10/2010,57.56,0.0,0.0,0.0,0.0,0.0,False,7.484
3497,20,05/11/2010,42.78,0.0,0.0,0.0,0.0,0.0,False,7.484
3498,20,12/11/2010,42.38,0.0,0.0,0.0,0.0,0.0,False,7.484
3499,20,19/11/2010,45.88,0.0,0.0,0.0,0.0,0.0,False,7.484
3500,20,26/11/2010,46.66,0.0,0.0,0.0,0.0,0.0,True,7.484
3501,20,03/12/2010,35.47,0.0,0.0,0.0,0.0,0.0,False,7.484
3502,20,10/12/2010,24.27,0.0,0.0,0.0,0.0,0.0,False,7.484
3503,20,17/12/2010,24.07,0.0,0.0,0.0,0.0,0.0,False,7.484
3504,20,24/12/2010,25.17,0.0,0.0,0.0,0.0,0.0,False,7.484
3505,20,31/12/2010,28.85,0.0,0.0,0.0,0.0,0.0,True,7.484
3506,20,07/01/2011,31.43,0.0,0.0,0.0,0.0,0.0,False,7.343
3507,20,14/01/2011,20.39,0.0,0.0,0.0,0.0,0.0,False,7.343
3508,20,21/01/2011,27.43,0.0,0.0,0.0,0.0,0.0,False,7.343
3509,20,28/01/2011,23.21,0.0,0.0,0.0,0.0,0.0,False,7.343
3510,20,04/02/2011,28.58,0.0,0.0,0.0,0.0,0.0,False,7.343
3511,20,11/02/2011,25.38,0.0,0.0,0.0,0.0,0.0,True,7.343
3512,20,18/02/2011,42.95,0.0,0.0,0.0,0.0,0.0,False,7.343
3513,20,25/02/2011,33.2,0.0,0.0,0.0,0.0,0.0,False,7.343
3514,20,04/03/2011,37.33,0.0,0.0,0.0,0.0,0.0,False,7.343
3515,20,11/03/2011,39.53,0.0,0.0,0.0,0.0,0.0,False,7.343
3516,20,18/03/2011,44.8,0.0,0.0,0.0,0.0,0.0,False,7.343
3517,20,25/03/2011,44.83,0.0,0.0,0.0,0.0,0.0,False,7.343
3518,20,01/04/2011,32.43,0.0,0.0,0.0,0.0,0.0,False,7.287
3519,20,08/04/2011,47.09,0.0,0.0,0.0,0.0,0.0,False,7.287
3520,20,15/04/2011,55.0,0.0,0.0,0.0,0.0,0.0,False,7.287
3521,20,22/04/2011,52.56,0.0,0.0,0.0,0.0,0.0,False,7.287
3522,20,29/04/2011,62.97,0.0,0.0,0.0,0.0,0.0,False,7.287
3523,20,06/05/2011,53.41,0.0,0.0,0.0,0.0,0.0,False,7.287
3524,20,13/05/2011,62.26,0.0,0.0,0.0,0.0,0.0,False,7.287
3525,20,20/05/2011,59.01,0.0,0.0,0.0,0.0,0.0,False,7.287
3526,20,27/05/2011,69.12,0.0,0.0,0.0,0.0,0.0,False,7.287
3527,20,03/06/2011,73.51,0.0,0.0,0.0,0.0,0.0,False,7.287
3528,20,10/06/2011,73.64,0.0,0.0,0.0,0.0,0.0,False,7.287
3529,20,17/06/2011,66.41,0.0,0.0,0.0,0.0,0.0,False,7.287
3530,20,24/06/2011,72.4,0.0,0.0,0.0,0.0,0.0,False,7.287
3531,20,01/07/2011,69.66,0.0,0.0,0.0,0.0,0.0,False,7.274
3532,20,08/07/2011,74.69,0.0,0.0,0.0,0.0,0.0,False,7.274
3533,20,15/07/2011,74.88,0.0,0.0,0.0,0.0,0.0,False,7.274
3534,20,22/07/2011,78.89,0.0,0.0,0.0,0.0,0.0,False,7.274
3535,20,29/07/2011,77.47,0.0,0.0,0.0,0.0,0.0,False,7.274
3536,20,05/08/2011,77.8,0.0,0.0,0.0,0.0,0.0,False,7.274
3537,20,12/08/2011,73.52,0.0,0.0,0.0,0.0,0.0,False,7.274
3538,20,19/08/2011,71.25,0.0,0.0,0.0,0.0,0.0,False,7.274
3539,20,26/08/2011,70.15,0.0,0.0,0.0,0.0,0.0,False,7.274
3540,20,02/09/2011,70.82,0.0,0.0,0.0,0.0,0.0,False,7.274
3541,20,09/09/2011,68.74,0.0,0.0,0.0,0.0,0.0,True,7.274
3542,20,16/09/2011,64.02,0.0,0.0,0.0,0.0,0.0,False,7.274
3543,20,23/09/2011,62.15,0.0,0.0,0.0,0.0,0.0,False,7.274
3544,20,30/09/2011,63.44,0.0,0.0,0.0,0.0,0.0,False,7.274
3545,20,07/10/2011,52.42,0.0,0.0,0.0,0.0,0.0,False,7.082
3546,20,14/10/2011,62.54,0.0,0.0,0.0,0.0,0.0,False,7.082
3547,20,21/10/2011,53.69,0.0,0.0,0.0,0.0,0.0,False,7.082
3548,20,28/10/2011,49.36,0.0,0.0,0.0,0.0,0.0,False,7.082
3549,20,04/11/2011,43.88,0.0,0.0,0.0,0.0,0.0,False,7.082
3550,20,11/11/2011,47.27,34348.14,11652.84,549.25,9606.11,5472.37,False,7.082
3551,20,18/11/2011,49.3,4817.96,1673.96,658.55,1043.37,6545.16,False,7.082
3552,20,25/11/2011,46.38,335.66,80.0,101378.79,64.46,2251.98,True,7.082
3553,20,02/12/2011,46.32,10007.34,60.0,25959.98,6140.65,35675.62,False,7.082
3554,20,09/12/2011,41.64,9458.19,81.5,791.04,5254.23,11447.14,False,7.082
3555,20,16/12/2011,37.16,5488.56,217.03,1776.71,466.19,4535.27,False,7.082
3556,20,23/12/2011,40.19,1483.17,80.15,2145.46,38.97,4180.29,False,7.082
3557,20,30/12/2011,36.35,6918.65,97740.99,270.38,1648.03,2852.19,True,7.082
3558,20,06/01/2012,33.42,9273.46,45971.43,207.6,1365.38,5460.86,False,6.961
3559,20,13/01/2012,37.79,3627.81,18632.14,108.48,847.7,3614.04,False,6.961
3560,20,20/01/2012,27.65,2465.98,5030.4,106.54,999.54,3380.92,False,6.961
3561,20,27/01/2012,37.19,1023.6,3044.15,106.08,52.87,2447.73,False,6.961
3562,20,03/02/2012,39.93,58928.52,8766.77,226.27,53603.99,8301.25,False,6.961
3563,20,10/02/2012,33.47,9804.0,13171.55,132.42,16864.33,7535.63,True,6.961
3564,20,17/02/2012,31.11,27400.95,19179.87,10.5,11087.4,10204.37,False,6.961
3565,20,24/02/2012,39.79,11230.85,10561.94,12.2,1457.31,21024.39,False,6.961
3566,20,02/03/2012,39.98,34117.01,3200.31,6.0,22275.03,4989.3,False,6.961
3567,20,09/03/2012,41.14,10686.42,750.14,3.67,3867.16,3518.62,False,6.961
3568,20,16/03/2012,53.73,6745.04,310.32,6.94,3282.4,2895.89,False,6.961
3569,20,23/03/2012,66.11,3580.87,612.11,7.01,332.11,4032.81,False,6.961
3570,20,30/03/2012,51.52,9569.49,116.47,7.75,1285.42,3908.61,False,6.961
3571,20,06/04/2012,50.06,8408.31,12.57,50.79,4289.46,7382.25,False,7.139
3572,20,13/04/2012,45.68,9671.84,7934.59,68.02,2515.97,2667.15,False,7.139
3573,20,20/04/2012,60.11,7522.16,5650.88,67.26,1066.17,4006.0,False,7.139
3574,20,27/04/2012,47.64,2332.34,2.82,41.39,28.04,3318.17,False,7.139
3575,20,04/05/2012,62.74,24594.6,496.0,38.52,9381.13,4648.85,False,7.139
3576,20,11/05/2012,63.19,17598.62,0.0,19.51,2889.48,3242.44,False,7.139
3577,20,18/05/2012,60.99,8077.14,512.0,5.13,2746.24,3677.78,False,7.139
3578,20,25/05/2012,70.04,11548.3,0.0,1042.6,1554.19,3450.52,False,7.139
3579,20,01/06/2012,73.67,12240.61,17.4,82.98,3560.21,3373.36,False,7.139
3580,20,08/06/2012,62.01,8353.32,516.6,46.76,2073.77,7774.31,False,7.139
3581,20,15/06/2012,71.51,9584.57,657.4,3.99,3667.7,5230.22,False,7.139
3582,20,22/06/2012,76.51,12173.74,875.7,2.36,4195.01,7516.62,False,7.139
3583,20,29/06/2012,74.15,6569.4,605.7,0.0,561.31,4567.03,False,7.139
3584,20,06/07/2012,79.2,13826.89,342.6,182.74,7751.95,3675.32,False,7.28
3585,20,13/07/2012,78.27,8679.19,99.7,22.34,4960.49,7877.54,False,7.28
3586,20,20/07/2012,76.04,3156.68,142.66,34.1,2751.92,6194.07,False,7.28
3587,20,27/07/2012,74.6,11481.26,130.17,7.09,11794.45,3238.04,False,7.28
3588,20,03/08/2012,74.73,31549.63,83.64,40.76,25656.34,3188.65,False,7.28
3589,20,10/08/2012,75.4,16845.14,156.18,12.47,6921.28,6346.44,False,7.28
3590,20,17/08/2012,69.57,3008.99,99.68,1.12,2535.66,2831.84,False,7.28
3591,20,24/08/2012,68.27,6125.02,53.4,84.62,9638.85,8710.31,False,7.28
3592,20,31/08/2012,72.66,19058.96,32.04,125.49,9015.83,4449.08,False,7.28
3593,20,07/09/2012,76.36,11783.56,-0.99,83.85,1938.4,3708.67,True,7.28
3594,20,14/09/2012,64.84,10404.97,0.0,40.11,1481.31,8655.59,False,7.28
3595,20,21/09/2012,60.94,8475.15,168.56,49.78,1727.92,9072.77,False,7.28
3596,20,28/09/2012,58.65,6245.6,52.64,21.5,3301.81,7195.56,False,7.28
3597,20,05/10/2012,60.77,5800.66,0.0,33.68,4286.15,3224.25,False,7.293
3598,20,12/10/2012,47.2,2449.31,0.0,35.08,1019.9,9743.56,False,7.293
3599,20,19/10/2012,56.26,4174.31,0.0,15.84,838.05,3838.56,False,7.293
3600,20,26/10/2012,60.04,10813.19,22.33,102.91,867.39,1671.76,False,7.293
3601,20,02/11/2012,42.33,17072.75,7342.36,104.96,7887.46,7187.52,False,7.293
3602,20,09/11/2012,37.58,5806.16,7716.6,8.67,564.1,5567.68,False,7.293
3603,20,16/11/2012,45.38,17530.63,789.12,185.38,1350.7,7471.12,False,7.293
3604,20,23/11/2012,44.26,739.53,0.06,139621.51,368.41,1415.02,True,7.293
3605,20,30/11/2012,34.99,4248.19,0.03,12683.56,211.38,10349.85,False,7.293
3606,20,07/12/2012,48.4,12733.5,0.0,468.6,2870.45,16310.67,False,7.293
3607,20,14/12/2012,41.26,6192.89,0.0,179.0,155.58,2840.88,False,7.293
3608,20,21/12/2012,43.49,3976.86,104.92,385.16,27.67,4739.26,False,7.293
3609,20,28/12/2012,30.97,15576.88,47382.72,271.17,296.74,1938.13,True,7.293
3610,20,04/01/2013,26.12,2364.21,43243.22,38.67,100.14,3167.99,False,7.439
3611,20,11/01/2013,34.73,4029.28,12581.29,8.99,24.28,3014.43,False,7.439
3612,20,18/01/2013,40.46,3428.51,5951.12,7.64,108.68,1893.57,False,7.439
3613,20,25/01/2013,22.34,2072.29,2971.84,0.8,343.6,2273.27,False,7.439
3614,20,01/02/2013,35.43,29331.58,2781.22,289.4,40543.47,3462.85,False,7.439
3615,20,08/02/2013,25.38,95102.5,1725.48,263.56,56600.97,8522.7,True,7.439
3616,20,15/02/2013,34.8,17331.43,4770.35,25.04,6296.41,11828.51,False,7.439
3617,20,22/02/2013,25.65,11272.09,9335.13,7.48,3535.11,2957.66,False,7.439
3618,20,01/03/2013,34.88,12233.06,1716.47,8.64,286.35,1911.82,False,7.439
3619,20,08/03/2013,31.28,28108.16,446.02,136.05,12262.98,3644.31,False,7.439
3620,20,15/03/2013,41.02,8263.16,5.58,27.62,2561.21,2022.16,False,7.439
3621,20,22/03/2013,33.76,11971.25,0.0,833.0,3862.59,2657.11,False,7.439
3622,20,29/03/2013,35.89,8437.13,0.0,807.04,215.13,3582.88,False,7.439
3623,20,05/04/2013,39.5,17172.3,11206.42,655.74,3383.67,4883.95,False,7.191
3624,20,12/04/2013,61.38,3982.53,5429.78,139.03,3443.12,2086.98,False,7.191
3625,20,19/04/2013,59.07,5634.34,25.62,92.68,36.76,1368.2,False,7.191
3626,20,26/04/2013,48.64,1757.16,0.0,130.15,27.23,2275.43,False,7.191
3627,20,03/05/2013,60.12,17552.85,17.0,89.63,7674.41,1826.7,False,
3628,20,10/05/2013,61.35,6437.19,397.7,70.2,1722.44,7259.45,False,
3629,20,17/05/2013,57.93,10550.91,374.7,26.96,1496.66,5232.83,False,
3630,20,24/05/2013,67.35,3345.95,330.7,812.19,2243.83,3311.33,False,
3631,20,31/05/2013,62.24,3472.58,382.42,858.87,122.74,1946.26,False,
3632,20,07/06/2013,67.08,18659.11,1335.29,406.16,11626.16,7067.6,False,
3633,20,14/06/2013,67.83,9352.25,846.9,674.77,6346.04,3019.37,False,
3634,20,21/06/2013,68.35,5011.72,621.88,263.62,6200.96,5194.15,False,
3635,20,28/06/2013,74.02,8174.83,765.98,84.47,7059.2,8093.91,False,
3636,20,05/07/2013,72.97,12300.4,3844.8,1067.78,14389.54,2755.18,False,
3637,20,12/07/2013,72.59,6910.1,2079.21,163.15,4138.07,4687.66,False,
3638,20,19/07/2013,77.5,3738.41,874.45,544.74,966.03,1164.81,False,
3639,20,26/07/2013,69.49,967.57,1177.33,164.53,134.63,7110.74,False,
3640,21,05/02/2010,39.05,0.0,0.0,0.0,0.0,0.0,False,8.324
3641,21,12/02/2010,37.77,0.0,0.0,0.0,0.0,0.0,True,8.324
3642,21,19/02/2010,39.75,0.0,0.0,0.0,0.0,0.0,False,8.324
3643,21,26/02/2010,45.31,0.0,0.0,0.0,0.0,0.0,False,8.324
3644,21,05/03/2010,48.61,0.0,0.0,0.0,0.0,0.0,False,8.324
3645,21,12/03/2010,57.1,0.0,0.0,0.0,0.0,0.0,False,8.324
3646,21,19/03/2010,54.68,0.0,0.0,0.0,0.0,0.0,False,8.324
3647,21,26/03/2010,51.66,0.0,0.0,0.0,0.0,0.0,False,8.324
3648,21,02/04/2010,64.12,0.0,0.0,0.0,0.0,0.0,False,8.2
3649,21,09/04/2010,65.74,0.0,0.0,0.0,0.0,0.0,False,8.2
3650,21,16/04/2010,67.87,0.0,0.0,0.0,0.0,0.0,False,8.2
3651,21,23/04/2010,64.21,0.0,0.0,0.0,0.0,0.0,False,8.2
3652,21,30/04/2010,66.93,0.0,0.0,0.0,0.0,0.0,False,8.2
3653,21,07/05/2010,70.87,0.0,0.0,0.0,0.0,0.0,False,8.2
3654,21,14/05/2010,73.08,0.0,0.0,0.0,0.0,0.0,False,8.2
3655,21,21/05/2010,74.24,0.0,0.0,0.0,0.0,0.0,False,8.2
3656,21,28/05/2010,80.94,0.0,0.0,0.0,0.0,0.0,False,8.2
3657,21,04/06/2010,82.68,0.0,0.0,0.0,0.0,0.0,False,8.2
3658,21,11/06/2010,83.51,0.0,0.0,0.0,0.0,0.0,False,8.2
3659,21,18/06/2010,86.18,0.0,0.0,0.0,0.0,0.0,False,8.2
3660,21,25/06/2010,87.01,0.0,0.0,0.0,0.0,0.0,False,8.2
3661,21,02/07/2010,82.29,0.0,0.0,0.0,0.0,0.0,False,8.099
3662,21,09/07/2010,81.67,0.0,0.0,0.0,0.0,0.0,False,8.099
3663,21,16/07/2010,85.61,0.0,0.0,0.0,0.0,0.0,False,8.099
3664,21,23/07/2010,87.17,0.0,0.0,0.0,0.0,0.0,False,8.099
3665,21,30/07/2010,83.59,0.0,0.0,0.0,0.0,0.0,False,8.099
3666,21,06/08/2010,90.3,0.0,0.0,0.0,0.0,0.0,False,8.099
3667,21,13/08/2010,89.65,0.0,0.0,0.0,0.0,0.0,False,8.099
3668,21,20/08/2010,89.58,0.0,0.0,0.0,0.0,0.0,False,8.099
3669,21,27/08/2010,86.2,0.0,0.0,0.0,0.0,0.0,False,8.099
3670,21,03/09/2010,82.57,0.0,0.0,0.0,0.0,0.0,False,8.099
3671,21,10/09/2010,79.3,0.0,0.0,0.0,0.0,0.0,True,8.099
3672,21,17/09/2010,83.03,0.0,0.0,0.0,0.0,0.0,False,8.099
3673,21,24/09/2010,80.79,0.0,0.0,0.0,0.0,0.0,False,8.099
3674,21,01/10/2010,70.28,0.0,0.0,0.0,0.0,0.0,False,8.163
3675,21,08/10/2010,65.76,0.0,0.0,0.0,0.0,0.0,False,8.163
3676,21,15/10/2010,68.61,0.0,0.0,0.0,0.0,0.0,False,8.163
3677,21,22/10/2010,70.72,0.0,0.0,0.0,0.0,0.0,False,8.163
3678,21,29/10/2010,67.51,0.0,0.0,0.0,0.0,0.0,False,8.163
3679,21,05/11/2010,58.71,0.0,0.0,0.0,0.0,0.0,False,8.163
3680,21,12/11/2010,60.95,0.0,0.0,0.0,0.0,0.0,False,8.163
3681,21,19/11/2010,51.71,0.0,0.0,0.0,0.0,0.0,False,8.163
3682,21,26/11/2010,62.96,0.0,0.0,0.0,0.0,0.0,True,8.163
3683,21,03/12/2010,50.43,0.0,0.0,0.0,0.0,0.0,False,8.163
3684,21,10/12/2010,46.35,0.0,0.0,0.0,0.0,0.0,False,8.163
3685,21,17/12/2010,48.63,0.0,0.0,0.0,0.0,0.0,False,8.163
3686,21,24/12/2010,51.29,0.0,0.0,0.0,0.0,0.0,False,8.163
3687,21,31/12/2010,47.19,0.0,0.0,0.0,0.0,0.0,True,8.163
3688,21,07/01/2011,44.24,0.0,0.0,0.0,0.0,0.0,False,8.028
3689,21,14/01/2011,34.14,0.0,0.0,0.0,0.0,0.0,False,8.028
3690,21,21/01/2011,42.72,0.0,0.0,0.0,0.0,0.0,False,8.028
3691,21,28/01/2011,44.04,0.0,0.0,0.0,0.0,0.0,False,8.028
3692,21,04/02/2011,36.33,0.0,0.0,0.0,0.0,0.0,False,8.028
3693,21,11/02/2011,34.61,0.0,0.0,0.0,0.0,0.0,True,8.028
3694,21,18/02/2011,59.87,0.0,0.0,0.0,0.0,0.0,False,8.028
3695,21,25/02/2011,61.27,0.0,0.0,0.0,0.0,0.0,False,8.028
3696,21,04/03/2011,59.52,0.0,0.0,0.0,0.0,0.0,False,8.028
3697,21,11/03/2011,54.69,0.0,0.0,0.0,0.0,0.0,False,8.028
3698,21,18/03/2011,63.26,0.0,0.0,0.0,0.0,0.0,False,8.028
3699,21,25/03/2011,70.33,0.0,0.0,0.0,0.0,0.0,False,8.028
3700,21,01/04/2011,56.36,0.0,0.0,0.0,0.0,0.0,False,7.931
3701,21,08/04/2011,68.62,0.0,0.0,0.0,0.0,0.0,False,7.931
3702,21,15/04/2011,71.01,0.0,0.0,0.0,0.0,0.0,False,7.931
3703,21,22/04/2011,70.79,0.0,0.0,0.0,0.0,0.0,False,7.931
3704,21,29/04/2011,70.19,0.0,0.0,0.0,0.0,0.0,False,7.931
3705,21,06/05/2011,61.87,0.0,0.0,0.0,0.0,0.0,False,7.931
3706,21,13/05/2011,75.04,0.0,0.0,0.0,0.0,0.0,False,7.931
3707,21,20/05/2011,68.36,0.0,0.0,0.0,0.0,0.0,False,7.931
3708,21,27/05/2011,76.86,0.0,0.0,0.0,0.0,0.0,False,7.931
3709,21,03/06/2011,83.82,0.0,0.0,0.0,0.0,0.0,False,7.931
3710,21,10/06/2011,84.71,0.0,0.0,0.0,0.0,0.0,False,7.931
3711,21,17/06/2011,87.54,0.0,0.0,0.0,0.0,0.0,False,7.931
3712,21,24/06/2011,85.72,0.0,0.0,0.0,0.0,0.0,False,7.931
3713,21,01/07/2011,87.57,0.0,0.0,0.0,0.0,0.0,False,7.852
3714,21,08/07/2011,89.16,0.0,0.0,0.0,0.0,0.0,False,7.852
3715,21,15/07/2011,91.05,0.0,0.0,0.0,0.0,0.0,False,7.852
3716,21,22/07/2011,90.27,0.0,0.0,0.0,0.0,0.0,False,7.852
3717,21,29/07/2011,91.56,0.0,0.0,0.0,0.0,0.0,False,7.852
3718,21,05/08/2011,94.22,0.0,0.0,0.0,0.0,0.0,False,7.852
3719,21,12/08/2011,92.32,0.0,0.0,0.0,0.0,0.0,False,7.852
3720,21,19/08/2011,90.11,0.0,0.0,0.0,0.0,0.0,False,7.852
3721,21,26/08/2011,92.07,0.0,0.0,0.0,0.0,0.0,False,7.852
3722,21,02/09/2011,91.94,0.0,0.0,0.0,0.0,0.0,False,7.852
3723,21,09/09/2011,78.87,0.0,0.0,0.0,0.0,0.0,True,7.852
3724,21,16/09/2011,80.62,0.0,0.0,0.0,0.0,0.0,False,7.852
3725,21,23/09/2011,75.68,0.0,0.0,0.0,0.0,0.0,False,7.852
3726,21,30/09/2011,78.91,0.0,0.0,0.0,0.0,0.0,False,7.852
3727,21,07/10/2011,71.64,0.0,0.0,0.0,0.0,0.0,False,7.441
3728,21,14/10/2011,69.79,0.0,0.0,0.0,0.0,0.0,False,7.441
3729,21,21/10/2011,65.16,0.0,0.0,0.0,0.0,0.0,False,7.441
3730,21,28/10/2011,65.46,0.0,0.0,0.0,0.0,0.0,False,7.441
3731,21,04/11/2011,56.01,0.0,0.0,0.0,0.0,0.0,False,7.441
3732,21,11/11/2011,59.8,5522.33,7898.33,11.1,2489.99,7562.52,False,7.441
3733,21,18/11/2011,61.9,8864.34,545.17,58.71,747.43,4961.44,False,7.441
3734,21,25/11/2011,56.43,233.85,206.36,40561.8,319.19,170.64,True,7.441
3735,21,02/12/2011,48.72,3389.1,43.0,1258.32,325.35,8623.67,False,7.441
3736,21,09/12/2011,41.44,6862.3,19.0,330.9,4746.58,17822.36,False,7.441
3737,21,16/12/2011,50.56,1846.83,65.06,163.18,393.58,2731.41,False,7.441
3738,21,23/12/2011,46.54,759.8,6.92,577.46,29.81,2830.92,False,7.441
3739,21,30/12/2011,45.16,2880.59,32642.96,124.32,419.61,3010.84,True,7.441
3740,21,06/01/2012,48.1,2211.62,28369.34,7.74,753.62,3371.85,False,7.057
3741,21,13/01/2012,45.0,4873.12,13367.98,0.46,396.66,1861.16,False,7.057
3742,21,20/01/2012,52.21,4436.0,1092.91,3.46,387.92,3943.31,False,7.057
3743,21,27/01/2012,50.79,714.08,602.88,0.0,18.42,2562.85,False,7.057
3744,21,03/02/2012,55.83,24617.88,1598.17,41.45,25134.87,3110.22,False,7.057
3745,21,10/02/2012,46.52,26115.19,3985.95,13.1,16646.38,7628.83,True,7.057
3746,21,17/02/2012,45.03,12365.91,7922.13,1.38,7862.71,5348.94,False,7.057
3747,21,24/02/2012,54.81,7012.83,5600.94,0.5,2229.25,4606.24,False,7.057
3748,21,02/03/2012,59.3,14017.62,1076.98,7.07,8891.83,3182.63,False,7.057
3749,21,09/03/2012,57.16,7379.46,190.49,4.79,479.87,7489.48,False,7.057
3750,21,16/03/2012,63.39,6510.79,158.12,5.86,2972.55,6576.96,False,7.057
3751,21,23/03/2012,62.96,4713.76,155.09,2.38,534.23,4878.22,False,7.057
3752,21,30/03/2012,67.87,12592.65,180.02,0.0,1101.6,11593.14,False,7.057
3753,21,06/04/2012,69.02,14207.85,0.0,6.99,3662.26,1615.27,False,6.891
3754,21,13/04/2012,69.03,6932.19,4118.13,2.79,983.98,1285.54,False,6.891
3755,21,20/04/2012,66.97,3738.69,3287.37,0.77,894.38,2882.6,False,6.891
3756,21,27/04/2012,69.21,2262.49,4.23,2.77,14.0,2289.63,False,6.891
3757,21,04/05/2012,77.53,14858.74,0.0,8.12,4179.63,3281.61,False,6.891
3758,21,11/05/2012,74.14,9252.47,0.0,5.16,2908.8,2619.09,False,6.891
3759,21,18/05/2012,72.42,4088.63,0.0,28.62,1397.46,2772.05,False,6.891
3760,21,25/05/2012,79.49,7790.27,0.0,508.5,1575.99,4490.59,False,6.891
3761,21,01/06/2012,79.24,11678.88,0.0,60.71,3660.14,3630.08,False,6.891
3762,21,08/06/2012,79.47,7055.91,10.8,93.05,751.89,4570.78,False,6.891
3763,21,15/06/2012,81.51,6177.81,61.6,0.75,2970.97,3281.16,False,6.891
3764,21,22/06/2012,81.78,7545.68,79.95,0.51,3498.46,7223.83,False,6.891
3765,21,29/06/2012,88.05,5130.81,38.3,0.0,1849.32,3879.62,False,6.891
3766,21,06/07/2012,85.26,6607.09,63.2,37.39,3667.62,3438.32,False,6.565
3767,21,13/07/2012,82.51,5088.14,17.8,2.16,2908.11,1533.27,False,6.565
3768,21,20/07/2012,84.25,4773.73,57.8,10.12,3554.45,4341.89,False,6.565
3769,21,27/07/2012,88.09,7903.89,12.92,3.43,10055.75,4183.82,False,6.565
3770,21,03/08/2012,91.57,41897.36,26.8,5.27,18198.04,5735.86,False,6.565
3771,21,10/08/2012,89.57,8467.09,27.6,7.17,4045.91,4196.28,False,6.565
3772,21,17/08/2012,85.55,3036.2,15.6,50.0,3128.07,1844.7,False,6.565
3773,21,24/08/2012,77.72,6291.49,3.0,0.0,5817.38,6514.73,False,6.565
3774,21,31/08/2012,83.58,20597.87,43.8,29.1,9935.11,3004.08,False,6.565
3775,21,07/09/2012,88.4,10259.59,20.0,8.12,2815.73,2279.98,True,6.565
3776,21,14/09/2012,76.1,6761.03,0.0,9.73,1332.23,3359.45,False,6.565
3777,21,21/09/2012,71.54,9104.0,33.73,12.28,1675.24,8387.92,False,6.565
3778,21,28/09/2012,80.38,5955.46,4.91,0.0,1458.77,7206.16,False,6.565
3779,21,05/10/2012,70.28,7818.46,0.0,21.03,4198.54,4532.58,False,6.17
3780,21,12/10/2012,61.53,4007.81,0.0,15.79,610.52,3714.75,False,6.17
3781,21,19/10/2012,68.52,1144.77,0.0,5.62,724.63,7812.29,False,6.17
3782,21,26/10/2012,70.5,7477.8,24.95,206.5,754.69,2667.13,False,6.17
3783,21,02/11/2012,56.96,13633.04,2829.64,8.7,8668.35,9265.51,False,6.17
3784,21,09/11/2012,63.81,5082.92,2833.74,7.3,706.76,3605.89,False,6.17
3785,21,16/11/2012,54.06,11914.09,797.39,82.59,2345.32,9955.35,False,6.17
3786,21,23/11/2012,58.85,1522.96,0.0,50888.51,612.22,1948.93,True,6.17
3787,21,30/11/2012,53.59,3449.34,0.0,3020.49,85.74,7028.14,False,6.17
3788,21,07/12/2012,64.28,7489.57,0.0,43.0,2223.09,11447.95,False,6.17
3789,21,14/12/2012,47.55,2091.21,0.0,24.09,806.12,1956.94,False,6.17
3790,21,21/12/2012,55.81,3019.29,57.96,137.99,32.57,571.6,False,6.17
3791,21,28/12/2012,41.89,15799.31,24462.03,45.96,169.21,1866.35,True,6.17
3792,21,04/01/2013,39.19,1574.1,37942.84,29.16,44.17,4635.32,False,6.237
3793,21,11/01/2013,47.52,4890.04,20083.96,3.21,870.65,6100.28,False,6.237
3794,21,18/01/2013,41.19,5333.81,4806.64,0.48,145.28,9065.3,False,6.237
3795,21,25/01/2013,52.38,1070.29,1806.89,0.0,148.35,1263.76,False,6.237
3796,21,01/02/2013,55.38,12468.46,828.48,901.0,16156.96,1015.16,False,6.237
3797,21,08/02/2013,57.87,69831.54,695.77,1073.6,49115.28,8586.08,True,6.237
3798,21,15/02/2013,50.02,10045.32,2652.88,15.14,6954.74,8312.64,False,6.237
3799,21,22/02/2013,49.09,6909.63,5467.83,0.8,324.38,2369.29,False,6.237
3800,21,01/03/2013,46.28,16782.27,614.38,0.8,16.96,3786.08,False,6.237
3801,21,08/03/2013,52.76,21126.98,166.22,10.12,7045.69,3996.0,False,6.237
3802,21,15/03/2013,56.28,11140.72,0.0,2.71,763.58,3626.94,False,6.237
3803,21,22/03/2013,61.41,8128.82,0.0,285.0,2342.91,1451.41,False,6.237
3804,21,29/03/2013,51.35,6155.01,0.0,166.85,328.27,9234.0,False,6.237
3805,21,05/04/2013,58.8,19763.06,2545.96,139.76,1836.16,3473.83,False,6.112
3806,21,12/04/2013,61.27,9928.04,1749.72,10.77,1308.83,2536.69,False,6.112
3807,21,19/04/2013,67.52,5994.64,245.24,33.29,133.54,1782.08,False,6.112
3808,21,26/04/2013,58.66,1528.47,0.0,71.11,197.6,2188.24,False,6.112
3809,21,03/05/2013,65.51,14645.02,50.94,21.64,6257.79,1571.81,False,
3810,21,10/05/2013,65.62,5638.5,530.88,6.56,1050.59,6826.73,False,
3811,21,17/05/2013,71.98,4804.36,431.82,2.54,1380.59,2418.72,False,
3812,21,24/05/2013,77.24,6191.29,338.82,540.51,1770.51,4509.52,False,
3813,21,31/05/2013,77.81,1201.19,299.88,286.41,14.52,317.19,False,
3814,21,07/06/2013,77.38,14268.61,298.32,35.8,11037.92,4805.66,False,
3815,21,14/06/2013,81.91,4977.85,218.38,101.6,4677.64,3926.95,False,
3816,21,21/06/2013,82.27,8288.11,102.69,54.82,5234.22,2785.8,False,
3817,21,28/06/2013,86.8,4146.88,121.56,5.0,4132.68,4534.76,False,
3818,21,05/07/2013,81.2,11620.28,769.91,436.44,15124.37,2398.91,False,
3819,21,12/07/2013,87.3,5957.24,869.64,24.84,2078.04,3709.36,False,
3820,21,19/07/2013,79.15,2598.78,577.75,115.7,843.79,2367.15,False,
3821,21,26/07/2013,85.0,1025.38,928.07,4.0,97.85,2549.08,False,
3822,22,05/02/2010,24.36,0.0,0.0,0.0,0.0,0.0,False,8.283
3823,22,12/02/2010,28.14,0.0,0.0,0.0,0.0,0.0,True,8.283
3824,22,19/02/2010,31.96,0.0,0.0,0.0,0.0,0.0,False,8.283
3825,22,26/02/2010,35.98,0.0,0.0,0.0,0.0,0.0,False,8.283
3826,22,05/03/2010,36.82,0.0,0.0,0.0,0.0,0.0,False,8.283
3827,22,12/03/2010,43.43,0.0,0.0,0.0,0.0,0.0,False,8.283
3828,22,19/03/2010,46.03,0.0,0.0,0.0,0.0,0.0,False,8.283
3829,22,26/03/2010,48.56,0.0,0.0,0.0,0.0,0.0,False,8.283
3830,22,02/04/2010,44.96,0.0,0.0,0.0,0.0,0.0,False,8.348
3831,22,09/04/2010,57.06,0.0,0.0,0.0,0.0,0.0,False,8.348
3832,22,16/04/2010,51.14,0.0,0.0,0.0,0.0,0.0,False,8.348
3833,22,23/04/2010,51.04,0.0,0.0,0.0,0.0,0.0,False,8.348
3834,22,30/04/2010,50.96,0.0,0.0,0.0,0.0,0.0,False,8.348
3835,22,07/05/2010,63.81,0.0,0.0,0.0,0.0,0.0,False,8.348
3836,22,14/05/2010,50.99,0.0,0.0,0.0,0.0,0.0,False,8.348
3837,22,21/05/2010,59.99,0.0,0.0,0.0,0.0,0.0,False,8.348
3838,22,28/05/2010,65.64,0.0,0.0,0.0,0.0,0.0,False,8.348
3839,22,04/06/2010,69.49,0.0,0.0,0.0,0.0,0.0,False,8.348
3840,22,11/06/2010,65.01,0.0,0.0,0.0,0.0,0.0,False,8.348
3841,22,18/06/2010,67.13,0.0,0.0,0.0,0.0,0.0,False,8.348
3842,22,25/06/2010,74.37,0.0,0.0,0.0,0.0,0.0,False,8.348
3843,22,02/07/2010,72.88,0.0,0.0,0.0,0.0,0.0,False,8.433
3844,22,09/07/2010,79.22,0.0,0.0,0.0,0.0,0.0,False,8.433
3845,22,16/07/2010,76.3,0.0,0.0,0.0,0.0,0.0,False,8.433
3846,22,23/07/2010,76.91,0.0,0.0,0.0,0.0,0.0,False,8.433
3847,22,30/07/2010,76.35,0.0,0.0,0.0,0.0,0.0,False,8.433
3848,22,06/08/2010,74.37,0.0,0.0,0.0,0.0,0.0,False,8.433
3849,22,13/08/2010,74.75,0.0,0.0,0.0,0.0,0.0,False,8.433
3850,22,20/08/2010,73.21,0.0,0.0,0.0,0.0,0.0,False,8.433
3851,22,27/08/2010,68.99,0.0,0.0,0.0,0.0,0.0,False,8.433
3852,22,03/09/2010,75.85,0.0,0.0,0.0,0.0,0.0,False,8.433
3853,22,10/09/2010,68.6,0.0,0.0,0.0,0.0,0.0,True,8.433
3854,22,17/09/2010,62.49,0.0,0.0,0.0,0.0,0.0,False,8.433
3855,22,24/09/2010,65.14,0.0,0.0,0.0,0.0,0.0,False,8.433
3856,22,01/10/2010,69.31,0.0,0.0,0.0,0.0,0.0,False,8.572
3857,22,08/10/2010,56.32,0.0,0.0,0.0,0.0,0.0,False,8.572
3858,22,15/10/2010,55.23,0.0,0.0,0.0,0.0,0.0,False,8.572
3859,22,22/10/2010,50.24,0.0,0.0,0.0,0.0,0.0,False,8.572
3860,22,29/10/2010,57.73,0.0,0.0,0.0,0.0,0.0,False,8.572
3861,22,05/11/2010,44.34,0.0,0.0,0.0,0.0,0.0,False,8.572
3862,22,12/11/2010,44.42,0.0,0.0,0.0,0.0,0.0,False,8.572
3863,22,19/11/2010,48.62,0.0,0.0,0.0,0.0,0.0,False,8.572
3864,22,26/11/2010,44.61,0.0,0.0,0.0,0.0,0.0,True,8.572
3865,22,03/12/2010,39.42,0.0,0.0,0.0,0.0,0.0,False,8.572
3866,22,10/12/2010,28.43,0.0,0.0,0.0,0.0,0.0,False,8.572
3867,22,17/12/2010,30.46,0.0,0.0,0.0,0.0,0.0,False,8.572
3868,22,24/12/2010,29.76,0.0,0.0,0.0,0.0,0.0,False,8.572
3869,22,31/12/2010,28.49,0.0,0.0,0.0,0.0,0.0,True,8.572
3870,22,07/01/2011,32.56,0.0,0.0,0.0,0.0,0.0,False,8.458
3871,22,14/01/2011,24.76,0.0,0.0,0.0,0.0,0.0,False,8.458
3872,22,21/01/2011,26.8,0.0,0.0,0.0,0.0,0.0,False,8.458
3873,22,28/01/2011,20.61,0.0,0.0,0.0,0.0,0.0,False,8.458
3874,22,04/02/2011,26.39,0.0,0.0,0.0,0.0,0.0,False,8.458
3875,22,11/02/2011,28.89,0.0,0.0,0.0,0.0,0.0,True,8.458
3876,22,18/02/2011,35.34,0.0,0.0,0.0,0.0,0.0,False,8.458
3877,22,25/02/2011,30.23,0.0,0.0,0.0,0.0,0.0,False,8.458
3878,22,04/03/2011,33.52,0.0,0.0,0.0,0.0,0.0,False,8.458
3879,22,11/03/2011,41.42,0.0,0.0,0.0,0.0,0.0,False,8.458
3880,22,18/03/2011,43.38,0.0,0.0,0.0,0.0,0.0,False,8.458
3881,22,25/03/2011,38.77,0.0,0.0,0.0,0.0,0.0,False,8.458
3882,22,01/04/2011,36.04,0.0,0.0,0.0,0.0,0.0,False,8.252
3883,22,08/04/2011,44.42,0.0,0.0,0.0,0.0,0.0,False,8.252
3884,22,15/04/2011,48.88,0.0,0.0,0.0,0.0,0.0,False,8.252
3885,22,22/04/2011,47.76,0.0,0.0,0.0,0.0,0.0,False,8.252
3886,22,29/04/2011,57.2,0.0,0.0,0.0,0.0,0.0,False,8.252
3887,22,06/05/2011,53.63,0.0,0.0,0.0,0.0,0.0,False,8.252
3888,22,13/05/2011,57.71,0.0,0.0,0.0,0.0,0.0,False,8.252
3889,22,20/05/2011,58.56,0.0,0.0,0.0,0.0,0.0,False,8.252
3890,22,27/05/2011,62.59,0.0,0.0,0.0,0.0,0.0,False,8.252
3891,22,03/06/2011,70.09,0.0,0.0,0.0,0.0,0.0,False,8.252
3892,22,10/06/2011,69.53,0.0,0.0,0.0,0.0,0.0,False,8.252
3893,22,17/06/2011,63.97,0.0,0.0,0.0,0.0,0.0,False,8.252
3894,22,24/06/2011,68.53,0.0,0.0,0.0,0.0,0.0,False,8.252
3895,22,01/07/2011,70.8,0.0,0.0,0.0,0.0,0.0,False,8.023
3896,22,08/07/2011,74.22,0.0,0.0,0.0,0.0,0.0,False,8.023
3897,22,15/07/2011,75.2,0.0,0.0,0.0,0.0,0.0,False,8.023
3898,22,22/07/2011,77.79,0.0,0.0,0.0,0.0,0.0,False,8.023
3899,22,29/07/2011,75.32,0.0,0.0,0.0,0.0,0.0,False,8.023
3900,22,05/08/2011,75.33,0.0,0.0,0.0,0.0,0.0,False,8.023
3901,22,12/08/2011,74.69,0.0,0.0,0.0,0.0,0.0,False,8.023
3902,22,19/08/2011,71.3,0.0,0.0,0.0,0.0,0.0,False,8.023
3903,22,26/08/2011,72.22,0.0,0.0,0.0,0.0,0.0,False,8.023
3904,22,02/09/2011,69.16,0.0,0.0,0.0,0.0,0.0,False,8.023
3905,22,09/09/2011,69.14,0.0,0.0,0.0,0.0,0.0,True,8.023
3906,22,16/09/2011,68.08,0.0,0.0,0.0,0.0,0.0,False,8.023
3907,22,23/09/2011,62.36,0.0,0.0,0.0,0.0,0.0,False,8.023
3908,22,30/09/2011,69.78,0.0,0.0,0.0,0.0,0.0,False,8.023
3909,22,07/10/2011,56.44,0.0,0.0,0.0,0.0,0.0,False,7.706
3910,22,14/10/2011,62.63,0.0,0.0,0.0,0.0,0.0,False,7.706
3911,22,21/10/2011,59.3,0.0,0.0,0.0,0.0,0.0,False,7.706
3912,22,28/10/2011,49.31,0.0,0.0,0.0,0.0,0.0,False,7.706
3913,22,04/11/2011,42.81,0.0,0.0,0.0,0.0,0.0,False,7.706
3914,22,11/11/2011,47.8,12691.27,16756.86,435.92,3159.94,6275.41,False,7.706
3915,22,18/11/2011,50.62,16544.63,659.84,88.86,747.89,6846.81,False,7.706
3916,22,25/11/2011,46.28,1649.31,0.0,70087.94,7.5,5266.9,True,7.706
3917,22,02/12/2011,49.11,10739.64,0.0,926.79,3397.08,29944.71,False,7.706
3918,22,09/12/2011,45.35,3311.44,0.0,125.93,2499.81,16837.64,False,7.706
3919,22,16/12/2011,39.11,5083.51,0.0,463.79,423.22,4590.08,False,7.706
3920,22,23/12/2011,39.83,963.24,5.39,936.62,5.0,4250.08,False,7.706
3921,22,30/12/2011,36.28,6840.65,55072.53,35.75,388.44,5826.4,True,7.706
3922,22,06/01/2012,34.61,5803.25,34453.8,22.94,1777.64,8239.01,False,7.503
3923,22,13/01/2012,39.0,2325.12,19455.8,6.06,520.21,5824.45,False,7.503
3924,22,20/01/2012,29.16,1697.47,7401.88,2.73,1934.2,7147.3,False,7.503
3925,22,27/01/2012,35.68,1048.86,4022.06,0.0,9.88,2507.98,False,7.503
3926,22,03/02/2012,40.58,88646.76,5196.77,27.71,57815.43,8823.94,False,7.503
3927,22,10/02/2012,35.68,10155.75,6392.28,3.34,9811.63,5448.98,True,7.503
3928,22,17/02/2012,36.25,14910.44,10572.12,2.0,10409.34,5499.8,False,7.503
3929,22,24/02/2012,39.0,10045.03,7913.38,0.0,8695.83,3361.36,False,7.503
3930,22,02/03/2012,37.47,28298.18,3333.76,89.58,25615.48,3141.76,False,7.503
3931,22,09/03/2012,41.72,7634.61,348.71,0.5,1351.75,5563.8,False,7.503
3932,22,16/03/2012,46.06,8463.01,51.31,11.36,3719.23,4895.18,False,7.503
3933,22,23/03/2012,54.68,5667.37,96.9,8.73,511.14,2598.98,False,7.503
3934,22,30/03/2012,46.4,11628.21,29.6,3.59,1653.46,3327.97,False,7.503
3935,22,06/04/2012,46.38,8593.09,0.0,17.67,1946.99,5729.6,False,7.671
3936,22,13/04/2012,49.89,5981.5,10877.85,9.5,1633.96,1932.86,False,7.671
3937,22,20/04/2012,58.81,7200.16,6519.27,14.55,54.25,3897.67,False,7.671
3938,22,27/04/2012,51.42,2573.49,0.18,6.31,247.76,2140.08,False,7.671
3939,22,04/05/2012,50.75,21823.53,0.0,37.87,6586.49,1565.11,False,7.671
3940,22,11/05/2012,56.72,16294.31,0.0,100.09,3370.19,3482.48,False,7.671
3941,22,18/05/2012,61.9,10611.25,0.0,51.9,1482.63,2464.02,False,7.671
3942,22,25/05/2012,62.39,9329.34,0.0,309.12,1369.3,2638.03,False,7.671
3943,22,01/06/2012,70.01,16432.28,7.6,73.36,3723.8,3331.57,False,7.671
3944,22,08/06/2012,61.71,18261.32,142.4,19.79,3041.13,4316.44,False,7.671
3945,22,15/06/2012,66.56,9564.7,193.9,9.06,3070.27,2588.53,False,7.671
3946,22,22/06/2012,70.61,8154.53,387.4,0.0,2396.96,3938.83,False,7.671
3947,22,29/06/2012,70.99,3297.53,345.5,0.0,339.38,2257.49,False,7.671
3948,22,06/07/2012,77.41,10677.48,296.2,12.79,6485.38,3465.23,False,7.753
3949,22,13/07/2012,75.81,4773.8,183.5,14.16,2046.91,1457.01,False,7.753
3950,22,20/07/2012,76.57,3250.89,101.3,15.49,1986.27,2800.15,False,7.753
3951,22,27/07/2012,73.52,5336.52,42.97,2.31,8546.62,3644.59,False,7.753
3952,22,03/08/2012,72.99,35383.88,88.92,27.32,18389.63,3237.41,False,7.753
3953,22,10/08/2012,76.74,7212.77,22.87,15.43,2623.17,1906.3,False,7.753
3954,22,17/08/2012,74.92,5160.04,91.43,0.0,2273.84,2354.36,False,7.753
3955,22,24/08/2012,70.42,10456.16,100.54,104.14,6657.04,4648.25,False,7.753
3956,22,31/08/2012,71.93,37707.43,40.66,119.53,6761.03,2307.61,False,7.753
3957,22,07/09/2012,73.3,12941.56,4.0,37.34,2510.1,3346.55,True,7.753
3958,22,14/09/2012,66.42,7069.56,3.44,8.43,499.91,6011.9,False,7.753
3959,22,21/09/2012,63.38,7150.28,106.01,19.0,1217.3,7556.34,False,7.753
3960,22,28/09/2012,62.17,4269.8,23.73,1.72,2763.63,2130.39,False,7.753
3961,22,05/10/2012,62.09,5294.37,0.0,4.25,1447.19,3652.84,False,7.543
3962,22,12/10/2012,54.18,1558.08,0.0,10.35,485.2,4291.26,False,7.543
3963,22,19/10/2012,55.28,2834.71,0.0,3.66,459.34,3171.35,False,7.543
3964,22,26/10/2012,57.58,7330.98,111.86,152.91,536.08,708.93,False,7.543
3965,22,02/11/2012,54.55,8793.36,10347.53,5.62,7350.89,801.32,False,7.543
3966,22,09/11/2012,40.0,5336.45,9058.0,33.59,614.06,3508.0,False,7.543
3967,22,16/11/2012,45.84,13516.26,2200.65,92.87,1094.21,2811.91,False,7.543
3968,22,23/11/2012,41.34,1044.85,2.48,76843.7,221.02,397.21,True,7.543
3969,22,30/11/2012,37.89,3762.29,0.03,10761.14,115.48,6249.6,False,7.543
3970,22,07/12/2012,42.13,9343.87,0.0,316.56,3101.29,13828.93,False,7.543
3971,22,14/12/2012,42.31,1798.47,0.0,53.0,776.72,1911.11,False,7.543
3972,22,21/12/2012,41.52,5140.27,0.0,104.99,57.02,5504.81,False,7.543
3973,22,28/12/2012,34.8,11032.13,31010.19,336.23,57.67,508.33,True,7.543
3974,22,04/01/2013,29.43,1701.21,32204.65,16.2,194.0,1590.59,False,7.328
3975,22,11/01/2013,36.36,2715.05,17233.65,4.34,138.75,1997.23,False,7.328
3976,22,18/01/2013,38.95,5009.6,3460.53,5.38,933.63,722.56,False,7.328
3977,22,25/01/2013,25.22,1131.61,1260.68,0.6,355.42,1084.89,False,7.328
3978,22,01/02/2013,32.63,19102.16,1403.25,-89.1,43742.76,1549.09,False,7.328
3979,22,08/02/2013,27.69,69391.99,653.35,259.84,43631.94,3458.3,True,7.328
3980,22,15/02/2013,32.73,13365.53,11869.5,0.0,5651.81,6681.73,False,7.328
3981,22,22/02/2013,30.28,10313.25,4247.11,-2.58,2512.93,3651.16,False,7.328
3982,22,01/03/2013,38.37,2454.71,640.92,18.14,95.01,1146.29,False,7.328
3983,22,08/03/2013,35.39,22078.63,90.09,36.37,8168.4,1459.36,False,7.328
3984,22,15/03/2013,39.87,9987.49,0.0,12.66,626.76,1290.77,False,7.328
3985,22,22/03/2013,33.55,9547.45,0.0,782.0,2627.85,1239.16,False,7.328
3986,22,29/03/2013,40.87,8654.58,0.0,663.55,17.97,1681.64,False,7.328
3987,22,05/04/2013,41.85,9579.66,5468.24,418.52,1560.1,1709.89,False,7.176
3988,22,12/04/2013,49.5,6979.9,1768.58,30.05,1147.11,1879.41,False,7.176
3989,22,19/04/2013,50.31,4083.79,24.55,40.0,41.05,411.72,False,7.176
3990,22,26/04/2013,48.72,597.32,0.0,93.59,84.06,1389.8,False,7.176
3991,22,03/05/2013,53.24,8346.01,5.0,51.34,4992.67,1232.94,False,
3992,22,10/05/2013,55.35,6233.29,281.88,59.27,894.51,4132.07,False,
3993,22,17/05/2013,56.64,7700.92,175.88,19.84,2100.48,2815.92,False,
3994,22,24/05/2013,62.01,4782.64,0.06,516.77,1613.52,3508.9,False,
3995,22,31/05/2013,60.39,5432.35,135.38,56.35,267.13,1446.6,False,
3996,22,07/06/2013,65.77,11086.23,1027.9,255.58,5577.47,4073.05,False,
3997,22,14/06/2013,64.37,6318.21,538.13,487.7,2410.86,1780.35,False,
3998,22,21/06/2013,67.88,3260.03,459.61,231.59,4208.46,4823.82,False,
3999,22,28/06/2013,74.62,5071.61,917.79,0.0,4025.29,2947.78,False,
4000,22,05/07/2013,75.13,10445.17,2347.05,376.2,6679.54,859.63,False,
4001,22,12/07/2013,77.78,3289.92,1101.45,27.7,1801.7,1244.52,False,
4002,22,19/07/2013,80.67,1117.95,1068.78,192.45,374.0,835.61,False,
4003,22,26/07/2013,74.25,329.08,769.49,16.95,33.83,1043.07,False,
4004,23,05/02/2010,15.25,0.0,0.0,0.0,0.0,0.0,False,5.892
4005,23,12/02/2010,18.75,0.0,0.0,0.0,0.0,0.0,True,5.892
4006,23,19/02/2010,26.7,0.0,0.0,0.0,0.0,0.0,False,5.892
4007,23,26/02/2010,32.68,0.0,0.0,0.0,0.0,0.0,False,5.892
4008,23,05/03/2010,33.15,0.0,0.0,0.0,0.0,0.0,False,5.892
4009,23,12/03/2010,36.07,0.0,0.0,0.0,0.0,0.0,False,5.892
4010,23,19/03/2010,43.01,0.0,0.0,0.0,0.0,0.0,False,5.892
4011,23,26/03/2010,38.59,0.0,0.0,0.0,0.0,0.0,False,5.892
4012,23,02/04/2010,40.5,0.0,0.0,0.0,0.0,0.0,False,5.435
4013,23,09/04/2010,56.82,0.0,0.0,0.0,0.0,0.0,False,5.435
4014,23,16/04/2010,44.25,0.0,0.0,0.0,0.0,0.0,False,5.435
4015,23,23/04/2010,46.4,0.0,0.0,0.0,0.0,0.0,False,5.435
4016,23,30/04/2010,45.47,0.0,0.0,0.0,0.0,0.0,False,5.435
4017,23,07/05/2010,61.04,0.0,0.0,0.0,0.0,0.0,False,5.435
4018,23,14/05/2010,45.33,0.0,0.0,0.0,0.0,0.0,False,5.435
4019,23,21/05/2010,57.94,0.0,0.0,0.0,0.0,0.0,False,5.435
4020,23,28/05/2010,69.26,0.0,0.0,0.0,0.0,0.0,False,5.435
4021,23,04/06/2010,64.94,0.0,0.0,0.0,0.0,0.0,False,5.435
4022,23,11/06/2010,58.35,0.0,0.0,0.0,0.0,0.0,False,5.435
4023,23,18/06/2010,60.29,0.0,0.0,0.0,0.0,0.0,False,5.435
4024,23,25/06/2010,69.83,0.0,0.0,0.0,0.0,0.0,False,5.435
4025,23,02/07/2010,64.76,0.0,0.0,0.0,0.0,0.0,False,5.326
4026,23,09/07/2010,77.16,0.0,0.0,0.0,0.0,0.0,False,5.326
4027,23,16/07/2010,73.94,0.0,0.0,0.0,0.0,0.0,False,5.326
4028,23,23/07/2010,70.2,0.0,0.0,0.0,0.0,0.0,False,5.326
4029,23,30/07/2010,69.71,0.0,0.0,0.0,0.0,0.0,False,5.326
4030,23,06/08/2010,70.03,0.0,0.0,0.0,0.0,0.0,False,5.326
4031,23,13/08/2010,67.43,0.0,0.0,0.0,0.0,0.0,False,5.326
4032,23,20/08/2010,68.65,0.0,0.0,0.0,0.0,0.0,False,5.326
4033,23,27/08/2010,63.25,0.0,0.0,0.0,0.0,0.0,False,5.326
4034,23,03/09/2010,72.91,0.0,0.0,0.0,0.0,0.0,False,5.326
4035,23,10/09/2010,63.21,0.0,0.0,0.0,0.0,0.0,True,5.326
4036,23,17/09/2010,55.3,0.0,0.0,0.0,0.0,0.0,False,5.326
4037,23,24/09/2010,57.75,0.0,0.0,0.0,0.0,0.0,False,5.326
4038,23,01/10/2010,62.07,0.0,0.0,0.0,0.0,0.0,False,5.287
4039,23,08/10/2010,50.75,0.0,0.0,0.0,0.0,0.0,False,5.287
4040,23,15/10/2010,45.55,0.0,0.0,0.0,0.0,0.0,False,5.287
4041,23,22/10/2010,43.19,0.0,0.0,0.0,0.0,0.0,False,5.287
4042,23,29/10/2010,48.68,0.0,0.0,0.0,0.0,0.0,False,5.287
4043,23,05/11/2010,36.6,0.0,0.0,0.0,0.0,0.0,False,5.287
4044,23,12/11/2010,35.59,0.0,0.0,0.0,0.0,0.0,False,5.287
4045,23,19/11/2010,41.66,0.0,0.0,0.0,0.0,0.0,False,5.287
4046,23,26/11/2010,34.95,0.0,0.0,0.0,0.0,0.0,True,5.287
4047,23,03/12/2010,34.3,0.0,0.0,0.0,0.0,0.0,False,5.287
4048,23,10/12/2010,20.12,0.0,0.0,0.0,0.0,0.0,False,5.287
4049,23,17/12/2010,23.05,0.0,0.0,0.0,0.0,0.0,False,5.287
4050,23,24/12/2010,22.96,0.0,0.0,0.0,0.0,0.0,False,5.287
4051,23,31/12/2010,19.05,0.0,0.0,0.0,0.0,0.0,True,5.287
4052,23,07/01/2011,27.81,0.0,0.0,0.0,0.0,0.0,False,5.114
4053,23,14/01/2011,18.2,0.0,0.0,0.0,0.0,0.0,False,5.114
4054,23,21/01/2011,15.58,0.0,0.0,0.0,0.0,0.0,False,5.114
4055,23,28/01/2011,10.91,0.0,0.0,0.0,0.0,0.0,False,5.114
4056,23,04/02/2011,14.5,0.0,0.0,0.0,0.0,0.0,False,5.114
4057,23,11/02/2011,21.52,0.0,0.0,0.0,0.0,0.0,True,5.114
4058,23,18/02/2011,26.6,0.0,0.0,0.0,0.0,0.0,False,5.114
4059,23,25/02/2011,17.0,0.0,0.0,0.0,0.0,0.0,False,5.114
4060,23,04/03/2011,20.67,0.0,0.0,0.0,0.0,0.0,False,5.114
4061,23,11/03/2011,29.36,0.0,0.0,0.0,0.0,0.0,False,5.114
4062,23,18/03/2011,37.28,0.0,0.0,0.0,0.0,0.0,False,5.114
4063,23,25/03/2011,29.11,0.0,0.0,0.0,0.0,0.0,False,5.114
4064,23,01/04/2011,29.44,0.0,0.0,0.0,0.0,0.0,False,4.781
4065,23,08/04/2011,36.74,0.0,0.0,0.0,0.0,0.0,False,4.781
4066,23,15/04/2011,45.51,0.0,0.0,0.0,0.0,0.0,False,4.781
4067,23,22/04/2011,39.62,0.0,0.0,0.0,0.0,0.0,False,4.781
4068,23,29/04/2011,54.2,0.0,0.0,0.0,0.0,0.0,False,4.781
4069,23,06/05/2011,50.07,0.0,0.0,0.0,0.0,0.0,False,4.781
4070,23,13/05/2011,55.12,0.0,0.0,0.0,0.0,0.0,False,4.781
4071,23,20/05/2011,56.67,0.0,0.0,0.0,0.0,0.0,False,4.781
4072,23,27/05/2011,63.27,0.0,0.0,0.0,0.0,0.0,False,4.781
4073,23,03/06/2011,67.21,0.0,0.0,0.0,0.0,0.0,False,4.781
4074,23,10/06/2011,65.23,0.0,0.0,0.0,0.0,0.0,False,4.781
4075,23,17/06/2011,61.06,0.0,0.0,0.0,0.0,0.0,False,4.781
4076,23,24/06/2011,63.8,0.0,0.0,0.0,0.0,0.0,False,4.781
4077,23,01/07/2011,65.65,0.0,0.0,0.0,0.0,0.0,False,4.584
4078,23,08/07/2011,69.92,0.0,0.0,0.0,0.0,0.0,False,4.584
4079,23,15/07/2011,69.8,0.0,0.0,0.0,0.0,0.0,False,4.584
4080,23,22/07/2011,76.74,0.0,0.0,0.0,0.0,0.0,False,4.584
4081,23,29/07/2011,69.55,0.0,0.0,0.0,0.0,0.0,False,4.584
4082,23,05/08/2011,69.53,0.0,0.0,0.0,0.0,0.0,False,4.584
4083,23,12/08/2011,69.86,0.0,0.0,0.0,0.0,0.0,False,4.584
4084,23,19/08/2011,67.09,0.0,0.0,0.0,0.0,0.0,False,4.584
4085,23,26/08/2011,67.04,0.0,0.0,0.0,0.0,0.0,False,4.584
4086,23,02/09/2011,65.33,0.0,0.0,0.0,0.0,0.0,False,4.584
4087,23,09/09/2011,66.04,0.0,0.0,0.0,0.0,0.0,True,4.584
4088,23,16/09/2011,60.52,0.0,0.0,0.0,0.0,0.0,False,4.584
4089,23,23/09/2011,57.14,0.0,0.0,0.0,0.0,0.0,False,4.584
4090,23,30/09/2011,64.76,0.0,0.0,0.0,0.0,0.0,False,4.584
4091,23,07/10/2011,49.0,0.0,0.0,0.0,0.0,0.0,False,4.42
4092,23,14/10/2011,56.79,0.0,0.0,0.0,0.0,0.0,False,4.42
4093,23,21/10/2011,52.12,0.0,0.0,0.0,0.0,0.0,False,4.42
4094,23,28/10/2011,42.57,0.0,0.0,0.0,0.0,0.0,False,4.42
4095,23,04/11/2011,39.18,0.0,0.0,0.0,0.0,0.0,False,4.42
4096,23,11/11/2011,44.04,9157.72,9619.31,286.88,3834.44,3543.37,False,4.42
4097,23,18/11/2011,45.48,3761.33,206.48,140.88,529.68,5284.63,False,4.42
4098,23,25/11/2011,35.23,70.24,47.47,103991.94,7.0,677.31,True,4.42
4099,23,02/12/2011,43.6,6134.68,50.47,8734.68,5080.3,20441.81,False,4.42
4100,23,09/12/2011,36.4,5491.42,0.0,611.34,4318.8,13208.67,False,4.42
4101,23,16/12/2011,32.99,6112.33,19.18,738.38,591.22,4241.95,False,4.42
4102,23,23/12/2011,27.8,1003.58,14.2,1683.17,2.0,570.74,False,4.42
4103,23,30/12/2011,22.3,3895.97,50366.6,237.87,1099.12,2573.14,True,4.42
4104,23,06/01/2012,24.29,4230.07,34854.95,38.18,2408.34,3931.61,False,4.261
4105,23,13/01/2012,28.49,2766.24,15216.56,4.84,807.22,2273.23,False,4.261
4106,23,20/01/2012,15.33,2437.41,4576.79,0.0,2251.32,1848.96,False,4.261
4107,23,27/01/2012,25.71,957.2,3319.68,0.0,9.0,1709.6,False,4.261
4108,23,03/02/2012,29.71,35688.59,6055.11,132.8,43218.61,5335.65,False,4.261
4109,23,10/02/2012,26.6,8770.83,8403.67,56.54,9800.67,6133.9,True,4.261
4110,23,17/02/2012,27.01,8924.48,10140.32,1.88,6699.65,2236.81,False,4.261
4111,23,24/02/2012,31.12,18500.67,10478.33,0.0,7541.62,7320.47,False,4.261
4112,23,02/03/2012,25.91,29917.01,4311.34,32.93,23421.73,2723.0,False,4.261
4113,23,09/03/2012,33.11,8575.57,1125.61,5.08,4365.63,2742.87,False,4.261
4114,23,16/03/2012,41.19,5739.62,110.48,6.03,3380.28,838.7,False,4.261
4115,23,23/03/2012,57.82,3502.06,72.5,6.97,276.39,1541.93,False,4.261
4116,23,30/03/2012,36.71,8920.01,116.41,7.09,1010.3,3025.4,False,4.261
4117,23,06/04/2012,37.43,8261.41,0.0,60.0,3647.54,3494.82,False,4.125
4118,23,13/04/2012,41.81,4460.9,4852.66,25.17,2064.48,1879.86,False,4.125
4119,23,20/04/2012,56.55,2438.53,6551.03,30.84,502.31,4874.16,False,4.125
4120,23,27/04/2012,44.62,2622.72,1325.48,27.04,2.0,2132.69,False,4.125
4121,23,04/05/2012,45.88,9941.93,0.0,99.93,4899.79,2841.41,False,4.125
4122,23,11/05/2012,52.9,8839.9,0.0,58.82,1419.42,2237.57,False,4.125
4123,23,18/05/2012,58.42,9364.2,0.0,104.01,516.81,1374.13,False,4.125
4124,23,25/05/2012,66.43,7101.14,0.0,246.45,1017.09,2752.95,False,4.125
4125,23,01/06/2012,66.22,4238.85,92.2,61.64,1401.23,2312.38,False,4.125
4126,23,08/06/2012,56.82,7565.4,503.4,220.02,2581.42,6208.43,False,4.125
4127,23,15/06/2012,64.73,4810.62,442.3,41.03,1361.6,2213.38,False,4.125
4128,23,22/06/2012,71.82,5810.83,658.1,8.28,2064.37,5454.93,False,4.125
4129,23,29/06/2012,64.23,2621.06,199.8,0.0,343.88,1888.97,False,4.125
4130,23,06/07/2012,70.86,6918.05,103.8,26.79,6112.89,5184.17,False,4.156
4131,23,13/07/2012,69.19,4159.57,99.3,0.47,3148.73,1106.63,False,4.156
4132,23,20/07/2012,71.13,2538.45,5.7,38.15,437.8,1377.22,False,4.156
4133,23,27/07/2012,69.31,3050.22,205.08,7.05,3797.44,3275.95,False,4.156
4134,23,03/08/2012,71.51,2030.27,77.84,25.26,1810.24,1863.72,False,4.156
4135,23,10/08/2012,71.12,23983.92,144.9,106.86,13110.54,4860.8,False,4.156
4136,23,17/08/2012,69.97,2665.76,33.79,50.4,1135.93,3513.48,False,4.156
4137,23,24/08/2012,64.63,3082.87,134.11,55.0,5325.05,5906.69,False,4.156
4138,23,31/08/2012,68.34,17318.35,23.29,118.36,4812.58,3030.79,False,4.156
4139,23,07/09/2012,66.74,13578.43,91.22,85.23,1288.27,4827.11,True,4.156
4140,23,14/09/2012,61.37,5186.12,0.0,21.5,990.89,7934.73,False,4.156
4141,23,21/09/2012,56.8,7503.68,200.82,10.5,1993.04,6412.69,False,4.156
4142,23,28/09/2012,53.71,4330.13,60.55,4.72,2646.89,3369.45,False,4.156
4143,23,05/10/2012,56.65,5347.45,0.0,6.73,2506.49,3127.25,False,4.145
4144,23,12/10/2012,48.1,1557.1,0.0,1.12,998.46,5518.58,False,4.145
4145,23,19/10/2012,47.89,1134.33,0.0,2.15,625.26,1894.98,False,4.145
4146,23,26/10/2012,50.56,4782.75,124.72,118.91,1316.96,738.09,False,4.145
4147,23,02/11/2012,51.88,10193.06,15530.99,101.46,7331.85,3121.88,False,4.145
4148,23,09/11/2012,33.21,6666.07,12333.44,55.46,378.43,1535.97,False,4.145
4149,23,16/11/2012,39.49,12248.53,2087.92,97.9,924.92,4618.61,False,4.145
4150,23,23/11/2012,33.44,1175.67,4.55,130129.11,479.96,2481.14,True,4.145
4151,23,30/11/2012,28.25,3561.58,0.0,6164.44,118.48,6845.64,False,4.145
4152,23,07/12/2012,35.02,9753.23,0.0,368.0,2161.12,15793.3,False,4.145
4153,23,14/12/2012,33.4,3274.65,0.0,566.0,4.88,965.77,False,4.145
4154,23,21/12/2012,31.44,3950.75,91.42,319.49,6.0,2045.31,False,4.145
4155,23,28/12/2012,22.04,13285.54,28922.45,274.02,143.69,1233.63,True,4.145
4156,23,04/01/2013,12.27,2827.22,42920.21,104.62,8.0,5590.76,False,3.932
4157,23,11/01/2013,26.3,2680.8,31738.61,21.8,26.82,2753.57,False,3.932
4158,23,18/01/2013,30.33,8812.89,8287.62,4.36,1783.08,1446.42,False,3.932
4159,23,25/01/2013,12.05,1857.58,2675.46,0.2,240.9,1186.84,False,3.932
4160,23,01/02/2013,22.1,26536.25,1716.26,74.1,49781.21,1938.48,False,3.932
4161,23,08/02/2013,14.94,77017.24,407.32,453.2,49809.3,4834.74,True,3.932
4162,23,15/02/2013,25.39,-563.9,2825.54,21.0,5510.21,4677.39,False,3.932
4163,23,22/02/2013,20.86,14956.07,6109.29,6.58,2330.31,2469.24,False,3.932
4164,23,01/03/2013,32.68,2573.35,1388.9,0.4,28.0,1979.19,False,3.932
4165,23,08/03/2013,28.49,24141.13,168.8,29.03,12336.26,2166.83,False,3.932
4166,23,15/03/2013,34.45,6873.63,0.0,9.44,4308.41,870.62,False,3.932
4167,23,22/03/2013,23.83,9906.33,0.0,1276.0,2520.51,1482.2,False,3.932
4168,23,29/03/2013,34.55,6361.04,0.0,1031.38,0.0,2596.96,False,3.932
4169,23,05/04/2013,35.96,15085.79,4569.13,185.91,2067.42,2092.26,False,3.684
4170,23,12/04/2013,39.54,3351.11,4315.25,73.52,1882.0,1737.99,False,3.684
4171,23,19/04/2013,46.36,4078.28,774.31,88.0,0.0,547.3,False,3.684
4172,23,26/04/2013,44.03,935.55,0.0,123.83,144.15,1458.71,False,3.684
4173,23,03/05/2013,56.61,10960.27,20.94,39.58,5578.26,1542.6,False,
4174,23,10/05/2013,62.17,5152.32,148.88,71.44,910.25,8014.64,False,
4175,23,17/05/2013,51.72,7354.81,120.0,20.0,2070.33,2859.78,False,
4176,23,24/05/2013,59.75,4187.73,57.14,527.95,1874.86,3288.77,False,
4177,23,31/05/2013,55.99,3016.57,232.92,118.16,4.88,707.44,False,
4178,23,07/06/2013,62.51,10347.04,939.37,133.54,7627.09,5152.24,False,
4179,23,14/06/2013,58.89,7423.05,752.05,536.11,4270.64,1522.39,False,
4180,23,21/06/2013,61.09,3060.07,664.15,371.32,3959.1,2665.07,False,
4181,23,28/06/2013,71.56,7797.94,801.91,0.0,7134.79,6328.6,False,
4182,23,05/07/2013,71.7,13470.41,3153.08,641.03,9606.81,1756.07,False,
4183,23,12/07/2013,72.85,5400.9,3007.75,92.3,4927.28,1570.41,False,
4184,23,19/07/2013,76.37,2012.07,2048.49,383.62,367.34,3116.46,False,
4185,23,26/07/2013,66.54,150.46,1764.66,191.56,5.92,493.85,False,
4186,24,05/02/2010,22.43,0.0,0.0,0.0,0.0,0.0,False,8.326
4187,24,12/02/2010,25.94,0.0,0.0,0.0,0.0,0.0,True,8.326
4188,24,19/02/2010,31.05,0.0,0.0,0.0,0.0,0.0,False,8.326
4189,24,26/02/2010,33.98,0.0,0.0,0.0,0.0,0.0,False,8.326
4190,24,05/03/2010,36.73,0.0,0.0,0.0,0.0,0.0,False,8.326
4191,24,12/03/2010,42.31,0.0,0.0,0.0,0.0,0.0,False,8.326
4192,24,19/03/2010,46.09,0.0,0.0,0.0,0.0,0.0,False,8.326
4193,24,26/03/2010,48.87,0.0,0.0,0.0,0.0,0.0,False,8.326
4194,24,02/04/2010,45.22,0.0,0.0,0.0,0.0,0.0,False,8.211
4195,24,09/04/2010,62.06,0.0,0.0,0.0,0.0,0.0,False,8.211
4196,24,16/04/2010,51.08,0.0,0.0,0.0,0.0,0.0,False,8.211
4197,24,23/04/2010,51.07,0.0,0.0,0.0,0.0,0.0,False,8.211
4198,24,30/04/2010,51.48,0.0,0.0,0.0,0.0,0.0,False,8.211
4199,24,07/05/2010,66.65,0.0,0.0,0.0,0.0,0.0,False,8.211
4200,24,14/05/2010,51.31,0.0,0.0,0.0,0.0,0.0,False,8.211
4201,24,21/05/2010,60.44,0.0,0.0,0.0,0.0,0.0,False,8.211
4202,24,28/05/2010,69.59,0.0,0.0,0.0,0.0,0.0,False,8.211
4203,24,04/06/2010,71.99,0.0,0.0,0.0,0.0,0.0,False,8.211
4204,24,11/06/2010,64.84,0.0,0.0,0.0,0.0,0.0,False,8.211
4205,24,18/06/2010,67.17,0.0,0.0,0.0,0.0,0.0,False,8.211
4206,24,25/06/2010,74.9,0.0,0.0,0.0,0.0,0.0,False,8.211
4207,24,02/07/2010,71.12,0.0,0.0,0.0,0.0,0.0,False,8.117
4208,24,09/07/2010,79.05,0.0,0.0,0.0,0.0,0.0,False,8.117
4209,24,16/07/2010,76.56,0.0,0.0,0.0,0.0,0.0,False,8.117
4210,24,23/07/2010,75.27,0.0,0.0,0.0,0.0,0.0,False,8.117
4211,24,30/07/2010,75.91,0.0,0.0,0.0,0.0,0.0,False,8.117
4212,24,06/08/2010,74.54,0.0,0.0,0.0,0.0,0.0,False,8.117
4213,24,13/08/2010,74.17,0.0,0.0,0.0,0.0,0.0,False,8.117
4214,24,20/08/2010,72.17,0.0,0.0,0.0,0.0,0.0,False,8.117
4215,24,27/08/2010,67.0,0.0,0.0,0.0,0.0,0.0,False,8.117
4216,24,03/09/2010,73.52,0.0,0.0,0.0,0.0,0.0,False,8.117
4217,24,10/09/2010,67.11,0.0,0.0,0.0,0.0,0.0,True,8.117
4218,24,17/09/2010,60.31,0.0,0.0,0.0,0.0,0.0,False,8.117
4219,24,24/09/2010,64.3,0.0,0.0,0.0,0.0,0.0,False,8.117
4220,24,01/10/2010,66.88,0.0,0.0,0.0,0.0,0.0,False,8.275
4221,24,08/10/2010,54.82,0.0,0.0,0.0,0.0,0.0,False,8.275
4222,24,15/10/2010,52.83,0.0,0.0,0.0,0.0,0.0,False,8.275
4223,24,22/10/2010,48.69,0.0,0.0,0.0,0.0,0.0,False,8.275
4224,24,29/10/2010,57.29,0.0,0.0,0.0,0.0,0.0,False,8.275
4225,24,05/11/2010,42.2,0.0,0.0,0.0,0.0,0.0,False,8.275
4226,24,12/11/2010,41.76,0.0,0.0,0.0,0.0,0.0,False,8.275
4227,24,19/11/2010,45.63,0.0,0.0,0.0,0.0,0.0,False,8.275
4228,24,26/11/2010,41.92,0.0,0.0,0.0,0.0,0.0,True,8.275
4229,24,03/12/2010,37.08,0.0,0.0,0.0,0.0,0.0,False,8.275
4230,24,10/12/2010,27.11,0.0,0.0,0.0,0.0,0.0,False,8.275
4231,24,17/12/2010,27.99,0.0,0.0,0.0,0.0,0.0,False,8.275
4232,24,24/12/2010,27.74,0.0,0.0,0.0,0.0,0.0,False,8.275
4233,24,31/12/2010,25.9,0.0,0.0,0.0,0.0,0.0,True,8.275
4234,24,07/01/2011,30.72,0.0,0.0,0.0,0.0,0.0,False,8.252
4235,24,14/01/2011,22.41,0.0,0.0,0.0,0.0,0.0,False,8.252
4236,24,21/01/2011,23.69,0.0,0.0,0.0,0.0,0.0,False,8.252
4237,24,28/01/2011,17.91,0.0,0.0,0.0,0.0,0.0,False,8.252
4238,24,04/02/2011,23.83,0.0,0.0,0.0,0.0,0.0,False,8.252
4239,24,11/02/2011,26.51,0.0,0.0,0.0,0.0,0.0,True,8.252
4240,24,18/02/2011,34.04,0.0,0.0,0.0,0.0,0.0,False,8.252
4241,24,25/02/2011,26.09,0.0,0.0,0.0,0.0,0.0,False,8.252
4242,24,04/03/2011,31.36,0.0,0.0,0.0,0.0,0.0,False,8.252
4243,24,11/03/2011,39.51,0.0,0.0,0.0,0.0,0.0,False,8.252
4244,24,18/03/2011,43.39,0.0,0.0,0.0,0.0,0.0,False,8.252
4245,24,25/03/2011,36.88,0.0,0.0,0.0,0.0,0.0,False,8.252
4246,24,01/04/2011,35.73,0.0,0.0,0.0,0.0,0.0,False,8.212
4247,24,08/04/2011,44.7,0.0,0.0,0.0,0.0,0.0,False,8.212
4248,24,15/04/2011,52.36,0.0,0.0,0.0,0.0,0.0,False,8.212
4249,24,22/04/2011,46.0,0.0,0.0,0.0,0.0,0.0,False,8.212
4250,24,29/04/2011,60.48,0.0,0.0,0.0,0.0,0.0,False,8.212
4251,24,06/05/2011,55.75,0.0,0.0,0.0,0.0,0.0,False,8.212
4252,24,13/05/2011,58.49,0.0,0.0,0.0,0.0,0.0,False,8.212
4253,24,20/05/2011,59.84,0.0,0.0,0.0,0.0,0.0,False,8.212
4254,24,27/05/2011,65.74,0.0,0.0,0.0,0.0,0.0,False,8.212
4255,24,03/06/2011,73.12,0.0,0.0,0.0,0.0,0.0,False,8.212
4256,24,10/06/2011,70.02,0.0,0.0,0.0,0.0,0.0,False,8.212
4257,24,17/06/2011,64.34,0.0,0.0,0.0,0.0,0.0,False,8.212
4258,24,24/06/2011,68.88,0.0,0.0,0.0,0.0,0.0,False,8.212
4259,24,01/07/2011,70.27,0.0,0.0,0.0,0.0,0.0,False,8.358
4260,24,08/07/2011,72.56,0.0,0.0,0.0,0.0,0.0,False,8.358
4261,24,15/07/2011,74.43,0.0,0.0,0.0,0.0,0.0,False,8.358
4262,24,22/07/2011,79.29,0.0,0.0,0.0,0.0,0.0,False,8.358
4263,24,29/07/2011,74.84,0.0,0.0,0.0,0.0,0.0,False,8.358
4264,24,05/08/2011,74.64,0.0,0.0,0.0,0.0,0.0,False,8.358
4265,24,12/08/2011,72.52,0.0,0.0,0.0,0.0,0.0,False,8.358
4266,24,19/08/2011,69.93,0.0,0.0,0.0,0.0,0.0,False,8.358
4267,24,26/08/2011,69.94,0.0,0.0,0.0,0.0,0.0,False,8.358
4268,24,02/09/2011,68.14,0.0,0.0,0.0,0.0,0.0,False,8.358
4269,24,09/09/2011,68.32,0.0,0.0,0.0,0.0,0.0,True,8.358
4270,24,16/09/2011,65.56,0.0,0.0,0.0,0.0,0.0,False,8.358
4271,24,23/09/2011,60.61,0.0,0.0,0.0,0.0,0.0,False,8.358
4272,24,30/09/2011,68.0,0.0,0.0,0.0,0.0,0.0,False,8.358
4273,24,07/10/2011,53.87,0.0,0.0,0.0,0.0,0.0,False,8.454
4274,24,14/10/2011,60.21,0.0,0.0,0.0,0.0,0.0,False,8.454
4275,24,21/10/2011,56.6,0.0,0.0,0.0,0.0,0.0,False,8.454
4276,24,28/10/2011,48.0,0.0,0.0,0.0,0.0,0.0,False,8.454
4277,24,04/11/2011,39.87,0.0,0.0,0.0,0.0,0.0,False,8.454
4278,24,11/11/2011,46.78,9391.17,20595.49,686.11,5950.16,6034.65,False,8.454
4279,24,18/11/2011,48.17,9025.52,794.02,198.98,2629.75,5364.55,False,8.454
4280,24,25/11/2011,41.83,2571.98,66.94,64304.51,221.93,3661.62,True,8.454
4281,24,02/12/2011,47.21,4825.79,126.88,1601.23,6002.36,19966.73,False,8.454
4282,24,09/12/2011,42.3,8915.25,0.0,209.71,2399.76,23368.58,False,8.454
4283,24,16/12/2011,36.0,6244.37,9.09,143.42,1766.33,5516.14,False,8.454
4284,24,23/12/2011,36.93,1813.06,632.93,1633.67,51.66,1309.54,False,8.454
4285,24,30/12/2011,33.45,5743.34,44499.08,228.23,1242.49,4310.79,True,8.454
4286,24,06/01/2012,32.86,7325.68,25367.9,203.51,1745.2,3261.35,False,8.659
4287,24,13/01/2012,36.5,3545.34,8743.62,127.43,819.74,4434.08,False,8.659
4288,24,20/01/2012,25.73,2809.05,7169.67,171.45,730.64,3663.25,False,8.659
4289,24,27/01/2012,31.92,755.78,4142.75,190.3,90.5,2594.66,False,8.659
4290,24,03/02/2012,38.61,65021.23,4189.09,254.01,47452.43,7146.25,False,8.659
4291,24,10/02/2012,33.82,11788.06,6777.04,73.29,11571.69,4451.85,True,8.659
4292,24,17/02/2012,33.92,12244.57,10925.86,25.52,15725.51,5533.12,False,8.659
4293,24,24/02/2012,37.35,10065.77,10556.73,2.2,6791.1,9440.12,False,8.659
4294,24,02/03/2012,35.36,5903.53,3495.48,18.15,110.37,3688.64,False,8.659
4295,24,09/03/2012,41.5,21306.54,1190.23,2.49,34839.93,3932.94,False,8.659
4296,24,16/03/2012,48.68,10310.26,920.9,1.02,3250.66,1844.03,False,8.659
4297,24,23/03/2012,59.51,5283.83,652.04,3.4,552.16,3402.95,False,8.659
4298,24,30/03/2012,47.28,11314.86,475.99,4.0,5456.51,1749.37,False,8.659
4299,24,06/04/2012,45.25,24195.01,0.0,59.68,3082.34,5170.39,False,8.983
4300,24,13/04/2012,48.65,4765.31,5896.55,57.4,1204.7,3980.37,False,8.983
4301,24,20/04/2012,61.05,10959.96,3425.69,79.48,1682.87,4506.82,False,8.983
4302,24,27/04/2012,49.26,12968.26,729.55,39.25,1121.45,15101.9,False,8.983
4303,24,04/05/2012,52.14,19129.69,192.0,195.04,5860.88,4953.15,False,8.983
4304,24,11/05/2012,58.7,6503.15,-192.0,97.28,1798.06,1286.62,False,8.983
4305,24,18/05/2012,63.1,5955.53,0.0,187.0,1529.05,4424.94,False,8.983
4306,24,25/05/2012,65.79,15776.58,0.0,624.13,3992.12,3763.4,False,8.983
4307,24,01/06/2012,71.79,5320.71,42.2,204.43,883.54,2374.74,False,8.983
4308,24,08/06/2012,59.93,15742.14,250.6,35.76,3050.95,7604.47,False,8.983
4309,24,15/06/2012,68.28,11618.99,217.9,9.33,2449.86,5633.09,False,8.983
4310,24,22/06/2012,72.29,8790.16,749.1,30.57,4434.39,7308.24,False,8.983
4311,24,29/06/2012,70.4,5708.44,329.3,0.0,1310.41,4292.22,False,8.983
4312,24,06/07/2012,77.18,2920.43,559.3,181.49,1218.55,3889.14,False,8.953
4313,24,13/07/2012,75.36,7991.43,136.9,111.69,5852.88,4022.09,False,8.953
4314,24,20/07/2012,76.42,571.85,126.88,145.72,614.55,1867.65,False,8.953
4315,24,27/07/2012,73.62,4638.37,501.84,15.86,4124.82,4218.24,False,8.953
4316,24,03/08/2012,73.26,11887.54,557.1,138.39,9345.76,2781.67,False,8.953
4317,24,10/08/2012,75.53,37938.11,798.52,178.81,12823.7,5682.73,False,8.953
4318,24,17/08/2012,72.87,4703.02,262.05,9.3,4744.01,1858.94,False,8.953
4319,24,24/08/2012,68.13,8778.19,280.89,91.01,8868.81,3798.51,False,8.953
4320,24,31/08/2012,71.18,34000.98,79.5,69.24,8772.12,4937.68,False,8.953
4321,24,07/09/2012,72.81,15092.87,60.92,89.01,2756.36,4563.61,True,8.953
4322,24,14/09/2012,64.28,8179.55,1.0,30.77,1838.92,3353.34,False,8.953
4323,24,21/09/2012,61.25,11768.07,1.91,56.98,873.12,6190.47,False,8.953
4324,24,28/09/2012,58.86,11941.13,15.28,21.76,984.11,7013.13,False,8.953
4325,24,05/10/2012,60.35,10349.0,0.0,16.05,5824.86,2770.76,False,8.693
4326,24,12/10/2012,51.64,5138.51,0.0,141.88,407.81,3284.69,False,8.693
4327,24,19/10/2012,52.59,3446.7,0.0,101.0,111.46,5963.01,False,8.693
4328,24,26/10/2012,55.16,10844.38,104.16,105.09,1795.68,3059.8,False,8.693
4329,24,02/11/2012,52.73,8313.92,11811.73,63.68,3537.32,4877.52,False,8.693
4330,24,09/11/2012,38.21,8076.39,5372.88,9.64,2701.13,3827.64,False,8.693
4331,24,16/11/2012,44.0,8149.83,130.3,56.52,1211.08,5557.03,False,8.693
4332,24,23/11/2012,35.83,3652.05,0.01,79498.33,557.88,1721.64,True,8.693
4333,24,30/11/2012,35.7,3750.57,0.0,5377.51,424.97,5694.17,False,8.693
4334,24,07/12/2012,38.41,9746.87,0.0,256.91,2952.39,15937.45,False,8.693
4335,24,14/12/2012,37.88,3044.95,0.0,94.0,461.87,3190.09,False,8.693
4336,24,21/12/2012,38.07,5534.28,97.5,83.27,123.39,1423.9,False,8.693
4337,24,28/12/2012,31.85,13207.59,24639.5,242.13,283.98,1952.87,True,8.693
4338,24,04/01/2013,25.19,4003.39,31311.4,45.78,55.46,3545.98,False,8.75
4339,24,11/01/2013,32.93,4802.99,25691.42,9.33,240.11,3571.6,False,8.75
4340,24,18/01/2013,34.96,10280.65,8762.33,6.62,3250.76,2390.43,False,8.75
4341,24,25/01/2013,22.23,5304.44,4001.75,0.3,1142.67,2835.01,False,8.75
4342,24,01/02/2013,30.77,16578.16,3771.2,248.7,36615.03,1773.02,False,8.75
4343,24,08/02/2013,24.78,67978.21,3160.58,510.7,56735.25,6406.18,True,8.75
4344,24,15/02/2013,30.83,30387.5,3345.17,10.2,24079.57,4095.4,False,8.75
4345,24,22/02/2013,28.04,11374.11,4177.67,0.0,7126.19,5515.89,False,8.75
4346,24,01/03/2013,36.25,7463.25,1240.37,0.8,3203.05,1626.23,False,8.75
4347,24,08/03/2013,34.0,25493.43,589.16,28.38,12134.86,3029.84,False,8.75
4348,24,15/03/2013,38.82,13908.82,0.0,4.45,3777.98,2512.83,False,8.75
4349,24,22/03/2013,31.29,3691.42,0.0,716.0,573.07,1693.38,False,8.75
4350,24,29/03/2013,39.04,14769.88,0.0,504.45,2956.94,3683.87,False,8.75
4351,24,05/04/2013,41.09,11628.38,6169.32,317.18,4239.74,2843.86,False,8.362
4352,24,12/04/2013,49.38,4629.04,1215.02,65.54,3291.28,1867.73,False,8.362
4353,24,19/04/2013,51.45,12838.71,108.99,70.7,17.58,1967.0,False,8.362
4354,24,26/04/2013,48.5,1282.07,0.0,93.5,95.04,1844.13,False,8.362
4355,24,03/05/2013,56.72,10594.55,0.0,70.55,7033.58,1503.35,False,
4356,24,10/05/2013,58.63,6334.38,57.0,50.79,2380.2,9520.36,False,
4357,24,17/05/2013,56.46,7745.47,282.7,13.92,1182.7,4976.83,False,
4358,24,24/05/2013,64.66,8367.87,232.82,390.81,3406.78,1171.95,False,
4359,24,31/05/2013,61.54,3842.27,294.81,784.9,46.23,3128.36,False,
4360,24,07/06/2013,66.29,14157.66,847.12,298.64,8979.83,4865.35,False,
4361,24,14/06/2013,63.33,5291.57,642.43,607.93,3835.43,3738.93,False,
4362,24,21/06/2013,66.47,3400.51,781.14,269.86,5943.6,3837.67,False,
4363,24,28/06/2013,75.87,6183.9,1030.79,10.1,8227.58,3617.85,False,
4364,24,05/07/2013,76.41,12403.94,3807.42,820.9,10917.69,2649.91,False,
4365,24,12/07/2013,77.83,3210.19,2023.12,174.96,192.14,856.79,False,
4366,24,19/07/2013,80.11,4118.48,2005.75,222.77,4054.95,2534.83,False,
4367,24,26/07/2013,74.01,3592.9,1925.68,8.1,905.63,1607.87,False,
4368,25,05/02/2010,21.1,0.0,0.0,0.0,0.0,0.0,False,8.187
4369,25,12/02/2010,19.64,0.0,0.0,0.0,0.0,0.0,True,8.187
4370,25,19/02/2010,24.16,0.0,0.0,0.0,0.0,0.0,False,8.187
4371,25,26/02/2010,29.16,0.0,0.0,0.0,0.0,0.0,False,8.187
4372,25,05/03/2010,29.45,0.0,0.0,0.0,0.0,0.0,False,8.187
4373,25,12/03/2010,40.05,0.0,0.0,0.0,0.0,0.0,False,8.187
4374,25,19/03/2010,45.0,0.0,0.0,0.0,0.0,0.0,False,8.187
4375,25,26/03/2010,45.84,0.0,0.0,0.0,0.0,0.0,False,8.187
4376,25,02/04/2010,47.2,0.0,0.0,0.0,0.0,0.0,False,7.856
4377,25,09/04/2010,61.36,0.0,0.0,0.0,0.0,0.0,False,7.856
4378,25,16/04/2010,52.16,0.0,0.0,0.0,0.0,0.0,False,7.856
4379,25,23/04/2010,46.12,0.0,0.0,0.0,0.0,0.0,False,7.856
4380,25,30/04/2010,50.97,0.0,0.0,0.0,0.0,0.0,False,7.856
4381,25,07/05/2010,63.67,0.0,0.0,0.0,0.0,0.0,False,7.856
4382,25,14/05/2010,50.27,0.0,0.0,0.0,0.0,0.0,False,7.856
4383,25,21/05/2010,57.17,0.0,0.0,0.0,0.0,0.0,False,7.856
4384,25,28/05/2010,69.31,0.0,0.0,0.0,0.0,0.0,False,7.856
4385,25,04/06/2010,69.22,0.0,0.0,0.0,0.0,0.0,False,7.856
4386,25,11/06/2010,63.68,0.0,0.0,0.0,0.0,0.0,False,7.856
4387,25,18/06/2010,69.56,0.0,0.0,0.0,0.0,0.0,False,7.856
4388,25,25/06/2010,72.17,0.0,0.0,0.0,0.0,0.0,False,7.856
4389,25,02/07/2010,66.42,0.0,0.0,0.0,0.0,0.0,False,7.527
4390,25,09/07/2010,75.24,0.0,0.0,0.0,0.0,0.0,False,7.527
4391,25,16/07/2010,73.43,0.0,0.0,0.0,0.0,0.0,False,7.527
4392,25,23/07/2010,75.37,0.0,0.0,0.0,0.0,0.0,False,7.527
4393,25,30/07/2010,71.99,0.0,0.0,0.0,0.0,0.0,False,7.527
4394,25,06/08/2010,71.79,0.0,0.0,0.0,0.0,0.0,False,7.527
4395,25,13/08/2010,72.73,0.0,0.0,0.0,0.0,0.0,False,7.527
4396,25,20/08/2010,71.81,0.0,0.0,0.0,0.0,0.0,False,7.527
4397,25,27/08/2010,67.15,0.0,0.0,0.0,0.0,0.0,False,7.527
4398,25,03/09/2010,71.17,0.0,0.0,0.0,0.0,0.0,False,7.527
4399,25,10/09/2010,61.14,0.0,0.0,0.0,0.0,0.0,True,7.527
4400,25,17/09/2010,60.13,0.0,0.0,0.0,0.0,0.0,False,7.527
4401,25,24/09/2010,65.06,0.0,0.0,0.0,0.0,0.0,False,7.527
4402,25,01/10/2010,57.56,0.0,0.0,0.0,0.0,0.0,False,7.484
4403,25,08/10/2010,48.46,0.0,0.0,0.0,0.0,0.0,False,7.484
4404,25,15/10/2010,54.09,0.0,0.0,0.0,0.0,0.0,False,7.484
4405,25,22/10/2010,46.73,0.0,0.0,0.0,0.0,0.0,False,7.484
4406,25,29/10/2010,55.72,0.0,0.0,0.0,0.0,0.0,False,7.484
4407,25,05/11/2010,38.8,0.0,0.0,0.0,0.0,0.0,False,7.484
4408,25,12/11/2010,40.68,0.0,0.0,0.0,0.0,0.0,False,7.484
4409,25,19/11/2010,42.72,0.0,0.0,0.0,0.0,0.0,False,7.484
4410,25,26/11/2010,43.43,0.0,0.0,0.0,0.0,0.0,True,7.484
4411,25,03/12/2010,32.41,0.0,0.0,0.0,0.0,0.0,False,7.484
4412,25,10/12/2010,22.65,0.0,0.0,0.0,0.0,0.0,False,7.484
4413,25,17/12/2010,21.6,0.0,0.0,0.0,0.0,0.0,False,7.484
4414,25,24/12/2010,22.94,0.0,0.0,0.0,0.0,0.0,False,7.484
4415,25,31/12/2010,25.89,0.0,0.0,0.0,0.0,0.0,True,7.484
4416,25,07/01/2011,29.0,0.0,0.0,0.0,0.0,0.0,False,7.343
4417,25,14/01/2011,18.3,0.0,0.0,0.0,0.0,0.0,False,7.343
4418,25,21/01/2011,23.21,0.0,0.0,0.0,0.0,0.0,False,7.343
4419,25,28/01/2011,18.92,0.0,0.0,0.0,0.0,0.0,False,7.343
4420,25,04/02/2011,23.94,0.0,0.0,0.0,0.0,0.0,False,7.343
4421,25,11/02/2011,21.18,0.0,0.0,0.0,0.0,0.0,True,7.343
4422,25,18/02/2011,38.42,0.0,0.0,0.0,0.0,0.0,False,7.343
4423,25,25/02/2011,28.36,0.0,0.0,0.0,0.0,0.0,False,7.343
4424,25,04/03/2011,31.59,0.0,0.0,0.0,0.0,0.0,False,7.343
4425,25,11/03/2011,36.73,0.0,0.0,0.0,0.0,0.0,False,7.343
4426,25,18/03/2011,40.94,0.0,0.0,0.0,0.0,0.0,False,7.343
4427,25,25/03/2011,38.51,0.0,0.0,0.0,0.0,0.0,False,7.343
4428,25,01/04/2011,28.5,0.0,0.0,0.0,0.0,0.0,False,7.287
4429,25,08/04/2011,42.11,0.0,0.0,0.0,0.0,0.0,False,7.287
4430,25,15/04/2011,51.43,0.0,0.0,0.0,0.0,0.0,False,7.287
4431,25,22/04/2011,45.87,0.0,0.0,0.0,0.0,0.0,False,7.287
4432,25,29/04/2011,58.43,0.0,0.0,0.0,0.0,0.0,False,7.287
4433,25,06/05/2011,49.5,0.0,0.0,0.0,0.0,0.0,False,7.287
4434,25,13/05/2011,60.1,0.0,0.0,0.0,0.0,0.0,False,7.287
4435,25,20/05/2011,56.56,0.0,0.0,0.0,0.0,0.0,False,7.287
4436,25,27/05/2011,67.18,0.0,0.0,0.0,0.0,0.0,False,7.287
4437,25,03/06/2011,70.69,0.0,0.0,0.0,0.0,0.0,False,7.287
4438,25,10/06/2011,71.45,0.0,0.0,0.0,0.0,0.0,False,7.287
4439,25,17/06/2011,63.58,0.0,0.0,0.0,0.0,0.0,False,7.287
4440,25,24/06/2011,70.71,0.0,0.0,0.0,0.0,0.0,False,7.287
4441,25,01/07/2011,66.61,0.0,0.0,0.0,0.0,0.0,False,7.274
4442,25,08/07/2011,71.64,0.0,0.0,0.0,0.0,0.0,False,7.274
4443,25,15/07/2011,72.67,0.0,0.0,0.0,0.0,0.0,False,7.274
4444,25,22/07/2011,78.1,0.0,0.0,0.0,0.0,0.0,False,7.274
4445,25,29/07/2011,74.72,0.0,0.0,0.0,0.0,0.0,False,7.274
4446,25,05/08/2011,74.0,0.0,0.0,0.0,0.0,0.0,False,7.274
4447,25,12/08/2011,70.93,0.0,0.0,0.0,0.0,0.0,False,7.274
4448,25,19/08/2011,68.09,0.0,0.0,0.0,0.0,0.0,False,7.274
4449,25,26/08/2011,66.8,0.0,0.0,0.0,0.0,0.0,False,7.274
4450,25,02/09/2011,67.2,0.0,0.0,0.0,0.0,0.0,False,7.274
4451,25,09/09/2011,67.51,0.0,0.0,0.0,0.0,0.0,True,7.274
4452,25,16/09/2011,62.05,0.0,0.0,0.0,0.0,0.0,False,7.274
4453,25,23/09/2011,60.28,0.0,0.0,0.0,0.0,0.0,False,7.274
4454,25,30/09/2011,60.7,0.0,0.0,0.0,0.0,0.0,False,7.274
4455,25,07/10/2011,50.82,0.0,0.0,0.0,0.0,0.0,False,7.082
4456,25,14/10/2011,58.95,0.0,0.0,0.0,0.0,0.0,False,7.082
4457,25,21/10/2011,50.22,0.0,0.0,0.0,0.0,0.0,False,7.082
4458,25,28/10/2011,46.28,0.0,0.0,0.0,0.0,0.0,False,7.082
4459,25,04/11/2011,40.88,0.0,0.0,0.0,0.0,0.0,False,7.082
4460,25,11/11/2011,44.81,7642.65,8851.65,196.09,3286.86,3287.36,False,7.082
4461,25,18/11/2011,46.41,6165.27,168.82,94.85,267.01,3687.92,False,7.082
4462,25,25/11/2011,43.49,208.47,65.0,58539.77,6.47,926.72,True,7.082
4463,25,02/12/2011,42.85,3425.95,34.0,1200.12,4106.92,15164.5,False,7.082
4464,25,09/12/2011,38.69,5549.98,64.0,256.97,2761.65,8753.69,False,7.082
4465,25,16/12/2011,33.09,4548.64,61.0,602.21,282.11,1932.2,False,7.082
4466,25,23/12/2011,36.56,2729.99,80.12,1689.22,26.97,3547.38,False,7.082
4467,25,30/12/2011,32.42,4624.26,49913.53,177.05,407.17,2515.09,True,7.082
4468,25,06/01/2012,30.23,8642.2,26833.97,25.94,1092.98,3714.33,False,6.961
4469,25,13/01/2012,34.6,2459.51,10718.26,0.92,506.45,3277.12,False,6.961
4470,25,20/01/2012,23.87,577.2,3417.28,4.0,5.85,1684.31,False,6.961
4471,25,27/01/2012,32.24,2683.99,2193.97,0.0,901.08,2783.8,False,6.961
4472,25,03/02/2012,34.98,38223.59,4566.23,21.92,42448.94,5621.09,False,6.961
4473,25,10/02/2012,32.47,17655.4,5620.25,12.82,16909.35,6645.05,True,6.961
4474,25,17/02/2012,32.23,25926.69,9583.33,1.0,8768.42,6263.7,False,6.961
4475,25,24/02/2012,35.51,10504.05,7242.9,0.0,5556.78,3596.69,False,6.961
4476,25,02/03/2012,36.01,14860.09,3050.12,21.38,12085.01,1327.97,False,6.961
4477,25,09/03/2012,37.44,11412.9,944.64,0.7,13264.83,3951.01,False,6.961
4478,25,16/03/2012,50.64,5366.06,185.14,4.18,845.05,1221.53,False,6.961
4479,25,23/03/2012,62.7,3406.88,247.61,0.93,2689.25,1301.78,False,6.961
4480,25,30/03/2012,47.92,10660.1,225.11,1.5,2560.04,4748.1,False,6.961
4481,25,06/04/2012,44.73,10782.56,0.0,25.79,1973.99,4389.28,False,7.139
4482,25,13/04/2012,42.46,5432.06,4239.57,8.35,789.18,1044.74,False,7.139
4483,25,20/04/2012,57.1,4862.43,2190.68,9.16,787.22,2870.05,False,7.139
4484,25,27/04/2012,44.2,4318.51,5.24,5.83,62.58,1828.28,False,7.139
4485,25,04/05/2012,58.76,7221.1,0.0,112.95,2512.32,1777.09,False,7.139
4486,25,11/05/2012,59.21,16186.46,0.0,23.05,4625.4,2037.11,False,7.139
4487,25,18/05/2012,58.21,7191.69,0.0,1.7,640.51,1793.42,False,7.139
4488,25,25/05/2012,67.69,5154.82,0.0,391.45,1581.91,2164.96,False,7.139
4489,25,01/06/2012,69.54,6667.97,38.4,40.85,544.94,2765.31,False,7.139
4490,25,08/06/2012,58.48,9024.73,207.4,64.04,2897.69,4748.56,False,7.139
4491,25,15/06/2012,68.34,5987.75,147.2,100.04,1735.9,3500.18,False,7.139
4492,25,22/06/2012,73.52,9127.63,467.6,30.29,3543.14,5417.88,False,7.139
4493,25,29/06/2012,69.84,3374.98,537.8,0.0,712.78,1992.95,False,7.139
4494,25,06/07/2012,75.52,7926.21,399.7,40.32,4541.86,4619.98,False,7.28
4495,25,13/07/2012,73.87,7262.73,45.6,18.01,1803.13,1354.39,False,7.28
4496,25,20/07/2012,74.32,4170.08,227.91,14.1,3456.58,2629.71,False,7.28
4497,25,27/07/2012,72.98,6287.52,582.48,2.07,2505.39,1521.67,False,7.28
4498,25,03/08/2012,72.08,14653.91,1155.02,13.07,10978.83,2021.96,False,7.28
4499,25,10/08/2012,71.93,21796.09,67.99,5.1,14696.25,3555.23,False,7.28
4500,25,17/08/2012,66.99,7258.16,2.2,0.6,4015.19,780.22,False,7.28
4501,25,24/08/2012,64.53,7693.13,69.6,50.0,2360.4,3561.61,False,7.28
4502,25,31/08/2012,68.55,11407.22,15.4,68.64,3827.68,2540.33,False,7.28
4503,25,07/09/2012,72.79,15308.07,0.0,22.06,5643.24,1903.09,True,7.28
4504,25,14/09/2012,60.9,6748.95,0.0,3.15,968.4,6124.49,False,7.28
4505,25,21/09/2012,57.6,7709.27,17.82,61.88,802.77,8294.38,False,7.28
4506,25,28/09/2012,54.52,5110.78,11.0,10.66,149.01,3098.09,False,7.28
4507,25,05/10/2012,57.58,5884.18,0.0,3.27,3357.56,1343.85,False,7.293
4508,25,12/10/2012,43.74,4284.26,0.0,11.59,1227.84,1959.27,False,7.293
4509,25,19/10/2012,51.93,3121.82,0.0,21.48,136.45,3412.8,False,7.293
4510,25,26/10/2012,56.69,4805.66,84.19,0.0,1073.49,730.76,False,7.293
4511,25,02/11/2012,40.83,12435.08,16493.02,55.19,1165.36,1144.39,False,7.293
4512,25,09/11/2012,34.59,8241.47,4602.35,140.59,2798.74,2750.2,False,7.293
4513,25,16/11/2012,42.75,5239.56,817.6,36.04,1090.69,2570.57,False,7.293
4514,25,23/11/2012,40.33,1806.23,0.0,77269.3,372.64,1083.64,True,7.293
4515,25,30/11/2012,31.96,1885.29,0.0,7493.9,100.06,3974.29,False,7.293
4516,25,07/12/2012,44.84,5924.01,0.0,164.0,2095.22,5744.1,False,7.293
4517,25,14/12/2012,37.79,4038.03,0.0,30.0,224.53,1682.92,False,7.293
4518,25,21/12/2012,39.12,3376.28,0.0,177.0,72.01,269.3,False,7.293
4519,25,28/12/2012,27.55,11458.67,23102.07,60.0,330.69,1423.39,True,7.293
4520,25,04/01/2013,22.62,1110.97,21678.98,4.88,84.58,2257.32,False,7.439
4521,25,11/01/2013,33.27,4639.99,8520.81,4.66,150.09,2535.14,False,7.439
4522,25,18/01/2013,37.9,1988.0,2369.91,5.27,16.35,1017.39,False,7.439
4523,25,25/01/2013,18.89,1279.16,1315.38,1.1,356.16,899.27,False,7.439
4524,25,01/02/2013,32.57,16999.41,603.41,244.2,24224.34,855.25,False,7.439
4525,25,08/02/2013,23.08,48279.58,252.55,167.02,24939.8,2566.96,True,7.439
4526,25,15/02/2013,31.71,8838.55,1560.68,709.42,536.0,5488.14,False,7.439
4527,25,22/02/2013,23.16,7290.59,3501.79,0.0,2202.1,2141.66,False,7.439
4528,25,01/03/2013,31.95,4921.26,81.87,1.2,571.51,822.23,False,7.439
4529,25,08/03/2013,28.79,20996.56,-3.27,17.57,3982.88,1833.43,False,7.439
4530,25,15/03/2013,39.22,12203.02,0.0,3.32,2543.84,1125.09,False,7.439
4531,25,22/03/2013,28.89,5232.03,0.0,510.0,148.52,732.94,False,7.439
4532,25,29/03/2013,34.08,8101.96,0.0,369.83,825.69,1389.48,False,7.439
4533,25,05/04/2013,36.75,13525.91,3245.99,165.01,1109.08,1475.49,False,7.191
4534,25,12/04/2013,56.08,3881.79,1981.72,29.77,798.01,850.22,False,7.191
4535,25,19/04/2013,56.15,4568.42,196.17,20.68,88.0,948.87,False,7.191
4536,25,26/04/2013,45.91,697.64,0.0,78.88,44.22,689.97,False,7.191
4537,25,03/05/2013,59.39,3908.65,10.0,35.34,621.4,1231.05,False,
4538,25,10/05/2013,61.81,8273.69,169.0,34.62,3185.99,4953.49,False,
4539,25,17/05/2013,54.59,6632.2,135.88,9.18,586.17,3001.59,False,
4540,25,24/05/2013,67.35,2159.9,289.64,461.09,1130.26,1327.97,False,
4541,25,31/05/2013,62.98,3096.88,299.98,124.06,70.37,1247.69,False,
4542,25,07/06/2013,65.06,7317.48,938.79,78.54,3696.43,2265.72,False,
4543,25,14/06/2013,65.58,9439.14,890.4,269.41,3889.51,2657.01,False,
4544,25,21/06/2013,67.26,2233.29,855.6,125.73,3450.58,2396.8,False,
4545,25,28/06/2013,73.84,3498.52,1329.69,0.0,540.5,643.03,False,
4546,25,05/07/2013,71.26,7260.1,1775.9,327.84,5916.92,3209.26,False,
4547,25,12/07/2013,72.09,6531.02,2142.32,35.98,2992.9,399.66,False,
4548,25,19/07/2013,77.73,2442.41,942.45,235.5,593.19,1504.47,False,
4549,25,26/07/2013,68.72,242.98,891.49,1.8,47.23,1129.68,False,
4550,26,05/02/2010,9.55,0.0,0.0,0.0,0.0,0.0,False,8.488
4551,26,12/02/2010,18.14,0.0,0.0,0.0,0.0,0.0,True,8.488
4552,26,19/02/2010,22.62,0.0,0.0,0.0,0.0,0.0,False,8.488
4553,26,26/02/2010,27.32,0.0,0.0,0.0,0.0,0.0,False,8.488
4554,26,05/03/2010,28.6,0.0,0.0,0.0,0.0,0.0,False,8.488
4555,26,12/03/2010,31.1,0.0,0.0,0.0,0.0,0.0,False,8.488
4556,26,19/03/2010,35.34,0.0,0.0,0.0,0.0,0.0,False,8.488
4557,26,26/03/2010,35.26,0.0,0.0,0.0,0.0,0.0,False,8.488
4558,26,02/04/2010,36.53,0.0,0.0,0.0,0.0,0.0,False,8.512
4559,26,09/04/2010,50.13,0.0,0.0,0.0,0.0,0.0,False,8.512
4560,26,16/04/2010,36.6,0.0,0.0,0.0,0.0,0.0,False,8.512
4561,26,23/04/2010,39.68,0.0,0.0,0.0,0.0,0.0,False,8.512
4562,26,30/04/2010,40.56,0.0,0.0,0.0,0.0,0.0,False,8.512
4563,26,07/05/2010,54.72,0.0,0.0,0.0,0.0,0.0,False,8.512
4564,26,14/05/2010,39.08,0.0,0.0,0.0,0.0,0.0,False,8.512
4565,26,21/05/2010,50.81,0.0,0.0,0.0,0.0,0.0,False,8.512
4566,26,28/05/2010,61.65,0.0,0.0,0.0,0.0,0.0,False,8.512
4567,26,04/06/2010,58.46,0.0,0.0,0.0,0.0,0.0,False,8.512
4568,26,11/06/2010,51.62,0.0,0.0,0.0,0.0,0.0,False,8.512
4569,26,18/06/2010,53.62,0.0,0.0,0.0,0.0,0.0,False,8.512
4570,26,25/06/2010,63.78,0.0,0.0,0.0,0.0,0.0,False,8.512
4571,26,02/07/2010,58.9,0.0,0.0,0.0,0.0,0.0,False,8.445
4572,26,09/07/2010,71.08,0.0,0.0,0.0,0.0,0.0,False,8.445
4573,26,16/07/2010,67.66,0.0,0.0,0.0,0.0,0.0,False,8.445
4574,26,23/07/2010,65.4,0.0,0.0,0.0,0.0,0.0,False,8.445
4575,26,30/07/2010,63.79,0.0,0.0,0.0,0.0,0.0,False,8.445
4576,26,06/08/2010,62.93,0.0,0.0,0.0,0.0,0.0,False,8.445
4577,26,13/08/2010,61.58,0.0,0.0,0.0,0.0,0.0,False,8.445
4578,26,20/08/2010,62.68,0.0,0.0,0.0,0.0,0.0,False,8.445
4579,26,27/08/2010,57.23,0.0,0.0,0.0,0.0,0.0,False,8.445
4580,26,03/09/2010,66.93,0.0,0.0,0.0,0.0,0.0,False,8.445
4581,26,10/09/2010,54.82,0.0,0.0,0.0,0.0,0.0,True,8.445
4582,26,17/09/2010,50.08,0.0,0.0,0.0,0.0,0.0,False,8.445
4583,26,24/09/2010,52.47,0.0,0.0,0.0,0.0,0.0,False,8.445
4584,26,01/10/2010,57.8,0.0,0.0,0.0,0.0,0.0,False,8.149
4585,26,08/10/2010,46.81,0.0,0.0,0.0,0.0,0.0,False,8.149
4586,26,15/10/2010,39.93,0.0,0.0,0.0,0.0,0.0,False,8.149
4587,26,22/10/2010,36.13,0.0,0.0,0.0,0.0,0.0,False,8.149
4588,26,29/10/2010,40.3,0.0,0.0,0.0,0.0,0.0,False,8.149
4589,26,05/11/2010,30.51,0.0,0.0,0.0,0.0,0.0,False,8.149
4590,26,12/11/2010,37.51,0.0,0.0,0.0,0.0,0.0,False,8.149
4591,26,19/11/2010,36.73,0.0,0.0,0.0,0.0,0.0,False,8.149
4592,26,26/11/2010,28.11,0.0,0.0,0.0,0.0,0.0,True,8.149
4593,26,03/12/2010,27.73,0.0,0.0,0.0,0.0,0.0,False,8.149
4594,26,10/12/2010,16.6,0.0,0.0,0.0,0.0,0.0,False,8.149
4595,26,17/12/2010,20.61,0.0,0.0,0.0,0.0,0.0,False,8.149
4596,26,24/12/2010,21.81,0.0,0.0,0.0,0.0,0.0,False,8.149
4597,26,31/12/2010,18.73,0.0,0.0,0.0,0.0,0.0,True,8.149
4598,26,07/01/2011,21.13,0.0,0.0,0.0,0.0,0.0,False,7.907
4599,26,14/01/2011,16.7,0.0,0.0,0.0,0.0,0.0,False,7.907
4600,26,21/01/2011,12.98,0.0,0.0,0.0,0.0,0.0,False,7.907
4601,26,28/01/2011,5.54,0.0,0.0,0.0,0.0,0.0,False,7.907
4602,26,04/02/2011,11.17,0.0,0.0,0.0,0.0,0.0,False,7.907
4603,26,11/02/2011,15.12,0.0,0.0,0.0,0.0,0.0,True,7.907
4604,26,18/02/2011,19.63,0.0,0.0,0.0,0.0,0.0,False,7.907
4605,26,25/02/2011,16.3,0.0,0.0,0.0,0.0,0.0,False,7.907
4606,26,04/03/2011,14.31,0.0,0.0,0.0,0.0,0.0,False,7.907
4607,26,11/03/2011,28.13,0.0,0.0,0.0,0.0,0.0,False,7.907
4608,26,18/03/2011,31.76,0.0,0.0,0.0,0.0,0.0,False,7.907
4609,26,25/03/2011,22.99,0.0,0.0,0.0,0.0,0.0,False,7.907
4610,26,01/04/2011,22.99,0.0,0.0,0.0,0.0,0.0,False,7.818
4611,26,08/04/2011,29.09,0.0,0.0,0.0,0.0,0.0,False,7.818
4612,26,15/04/2011,39.46,0.0,0.0,0.0,0.0,0.0,False,7.818
4613,26,22/04/2011,33.81,0.0,0.0,0.0,0.0,0.0,False,7.818
4614,26,29/04/2011,47.17,0.0,0.0,0.0,0.0,0.0,False,7.818
4615,26,06/05/2011,45.0,0.0,0.0,0.0,0.0,0.0,False,7.818
4616,26,13/05/2011,48.2,0.0,0.0,0.0,0.0,0.0,False,7.818
4617,26,20/05/2011,48.86,0.0,0.0,0.0,0.0,0.0,False,7.818
4618,26,27/05/2011,56.74,0.0,0.0,0.0,0.0,0.0,False,7.818
4619,26,03/06/2011,60.49,0.0,0.0,0.0,0.0,0.0,False,7.818
4620,26,10/06/2011,59.85,0.0,0.0,0.0,0.0,0.0,False,7.818
4621,26,17/06/2011,54.5,0.0,0.0,0.0,0.0,0.0,False,7.818
4622,26,24/06/2011,56.94,0.0,0.0,0.0,0.0,0.0,False,7.818
4623,26,01/07/2011,59.89,0.0,0.0,0.0,0.0,0.0,False,7.767
4624,26,08/07/2011,63.34,0.0,0.0,0.0,0.0,0.0,False,7.767
4625,26,15/07/2011,64.43,0.0,0.0,0.0,0.0,0.0,False,7.767
4626,26,22/07/2011,69.52,0.0,0.0,0.0,0.0,0.0,False,7.767
4627,26,29/07/2011,63.32,0.0,0.0,0.0,0.0,0.0,False,7.767
4628,26,05/08/2011,63.16,0.0,0.0,0.0,0.0,0.0,False,7.767
4629,26,12/08/2011,62.99,0.0,0.0,0.0,0.0,0.0,False,7.767
4630,26,19/08/2011,60.58,0.0,0.0,0.0,0.0,0.0,False,7.767
4631,26,26/08/2011,61.1,0.0,0.0,0.0,0.0,0.0,False,7.767
4632,26,02/09/2011,59.67,0.0,0.0,0.0,0.0,0.0,False,7.767
4633,26,09/09/2011,60.98,0.0,0.0,0.0,0.0,0.0,True,7.767
4634,26,16/09/2011,55.19,0.0,0.0,0.0,0.0,0.0,False,7.767
4635,26,23/09/2011,50.72,0.0,0.0,0.0,0.0,0.0,False,7.767
4636,26,30/09/2011,59.42,0.0,0.0,0.0,0.0,0.0,False,7.767
4637,26,07/10/2011,46.84,0.0,0.0,0.0,0.0,0.0,False,7.598
4638,26,14/10/2011,53.91,0.0,0.0,0.0,0.0,0.0,False,7.598
4639,26,21/10/2011,45.23,0.0,0.0,0.0,0.0,0.0,False,7.598
4640,26,28/10/2011,35.06,0.0,0.0,0.0,0.0,0.0,False,7.598
4641,26,04/11/2011,31.7,0.0,0.0,0.0,0.0,0.0,False,7.598
4642,26,11/11/2011,40.08,7174.09,6889.46,292.44,1581.44,2399.33,False,7.598
4643,26,18/11/2011,37.78,5590.39,226.18,61.08,345.45,4332.53,False,7.598
4644,26,25/11/2011,31.07,362.32,9.0,44999.94,0.0,660.57,True,7.598
4645,26,02/12/2011,36.74,3343.0,9.0,955.74,1187.26,14774.79,False,7.598
4646,26,09/12/2011,34.24,4980.07,19.0,144.13,1669.69,6055.33,False,7.598
4647,26,16/12/2011,28.24,2698.03,0.0,494.72,533.84,2670.1,False,7.598
4648,26,23/12/2011,22.53,699.47,0.09,1018.94,9.0,2816.25,False,7.598
4649,26,30/12/2011,18.8,4124.23,34472.24,159.04,799.85,2194.68,True,7.598
4650,26,06/01/2012,22.94,3352.77,17442.27,117.1,468.31,6344.32,False,7.467
4651,26,13/01/2012,25.55,2153.82,6050.57,62.24,275.03,2511.4,False,7.467
4652,26,20/01/2012,15.22,1673.31,3004.75,27.82,153.3,2092.05,False,7.467
4653,26,27/01/2012,24.16,812.2,1267.64,32.5,13.76,1914.38,False,7.467
4654,26,03/02/2012,25.24,35421.34,1596.92,74.14,20234.78,6541.84,False,7.467
4655,26,10/02/2012,23.89,5858.94,2569.2,13.42,5936.74,5874.01,True,7.467
4656,26,17/02/2012,23.9,11524.93,6005.06,1.04,3417.87,7086.22,False,7.467
4657,26,24/02/2012,28.06,7373.92,5211.81,3.2,2716.45,4114.28,False,7.467
4658,26,02/03/2012,22.49,20215.36,1400.8,7.35,15485.84,2581.11,False,7.467
4659,26,09/03/2012,29.03,4540.15,480.42,1.98,387.57,3900.33,False,7.467
4660,26,16/03/2012,35.06,6977.12,161.0,3.99,1535.17,2084.52,False,7.467
4661,26,23/03/2012,49.97,4336.7,150.86,4.59,199.78,2239.64,False,7.467
4662,26,30/03/2012,33.33,8827.14,169.73,12.75,981.6,3196.41,False,7.467
4663,26,06/04/2012,33.35,8674.08,0.0,33.85,1128.16,3852.6,False,7.489
4664,26,13/04/2012,36.9,3766.78,2941.14,24.34,1103.96,2536.7,False,7.489
4665,26,20/04/2012,50.81,3275.87,865.21,36.58,154.69,3169.48,False,7.489
4666,26,27/04/2012,43.6,1946.7,32.65,21.62,24.1,2152.4,False,7.489
4667,26,04/05/2012,40.29,11484.78,0.0,78.04,2449.14,2488.39,False,7.489
4668,26,11/05/2012,47.11,8655.96,0.0,108.57,842.81,2803.07,False,7.489
4669,26,18/05/2012,52.55,6622.21,0.0,45.9,550.47,2648.76,False,7.489
4670,26,25/05/2012,58.2,7166.44,0.0,240.75,1942.28,2272.3,False,7.489
4671,26,01/06/2012,58.51,4810.9,3.0,110.44,662.3,2964.12,False,7.489
4672,26,08/06/2012,49.43,7908.98,54.6,16.57,689.29,4172.84,False,7.489
4673,26,15/06/2012,57.84,5833.29,153.8,254.03,851.83,3785.07,False,7.489
4674,26,22/06/2012,63.04,5543.88,372.0,103.99,1901.89,6556.54,False,7.489
4675,26,29/06/2012,60.71,3441.05,274.0,0.0,256.82,2456.02,False,7.489
4676,26,06/07/2012,64.94,4894.97,230.0,19.39,3309.33,5437.93,False,7.405
4677,26,13/07/2012,64.47,6894.41,72.3,3.5,1114.8,1415.15,False,7.405
4678,26,20/07/2012,66.75,3072.39,35.8,13.8,1032.75,3437.32,False,7.405
4679,26,27/07/2012,64.12,3025.97,112.64,2.6,376.52,1155.13,False,7.405
4680,26,03/08/2012,65.6,28330.0,49.21,42.09,8478.97,3544.06,False,7.405
4681,26,10/08/2012,67.01,5732.23,17.6,6.45,1524.63,2439.95,False,7.405
4682,26,17/08/2012,65.54,2430.95,16.0,5.54,829.7,3038.77,False,7.405
4683,26,24/08/2012,62.08,4507.08,33.6,149.46,1866.46,4685.63,False,7.405
4684,26,31/08/2012,63.69,13118.17,3.4,86.31,2176.09,2555.38,False,7.405
4685,26,07/09/2012,61.58,4133.77,6.0,72.78,526.42,3514.48,True,7.405
4686,26,14/09/2012,57.69,7606.73,0.0,22.66,368.91,9072.93,False,7.405
4687,26,21/09/2012,52.68,6916.18,3.82,0.0,228.31,7025.39,False,7.405
4688,26,28/09/2012,50.66,2409.15,7.64,0.22,1016.11,2465.17,False,7.405
4689,26,05/10/2012,54.07,3140.4,0.0,3.24,1333.43,3283.83,False,7.138
4690,26,12/10/2012,45.19,1269.8,0.0,15.38,317.73,7746.76,False,7.138
4691,26,19/10/2012,43.51,1697.09,0.0,2.64,106.35,2481.19,False,7.138
4692,26,26/10/2012,46.95,1827.16,35.87,50.0,478.93,2088.65,False,7.138
4693,26,02/11/2012,48.67,6408.11,8616.07,51.82,1288.17,2064.51,False,7.138
4694,26,09/11/2012,32.72,4842.66,3083.37,27.52,274.07,3595.5,False,7.138
4695,26,16/11/2012,38.23,4476.0,180.34,34.86,492.43,3675.31,False,7.138
4696,26,23/11/2012,33.94,678.1,0.0,71089.48,139.85,2013.47,True,7.138
4697,26,30/11/2012,24.71,4331.03,0.0,4113.3,160.46,6337.07,False,7.138
4698,26,07/12/2012,32.26,5567.74,0.0,118.49,864.65,6752.49,False,7.138
4699,26,14/12/2012,30.62,3134.08,0.0,41.0,82.32,2455.24,False,7.138
4700,26,21/12/2012,29.43,3785.58,11.0,112.01,22.19,2073.0,False,7.138
4701,26,28/12/2012,23.73,6947.56,22671.67,259.93,27.44,1259.96,True,7.138
4702,26,04/01/2013,11.17,1019.69,28472.93,3.26,99.49,3230.19,False,7.097
4703,26,11/01/2013,22.01,3331.81,13502.12,2.32,12.78,2271.66,False,7.097
4704,26,18/01/2013,25.76,1928.88,2003.26,2.84,2201.55,1904.51,False,7.097
4705,26,25/01/2013,6.27,1545.29,882.82,0.1,424.29,2636.55,False,7.097
4706,26,01/02/2013,21.46,14747.64,655.99,30.98,16822.27,3281.87,False,7.097
4707,26,08/02/2013,12.14,40985.01,518.16,332.74,16868.38,2852.91,True,7.097
4708,26,15/02/2013,19.68,11373.62,2532.68,0.0,2808.04,6018.0,False,7.097
4709,26,22/02/2013,18.57,6746.03,1440.08,71.16,3304.53,1932.49,False,7.097
4710,26,01/03/2013,26.49,1699.44,190.0,18.0,133.09,2525.41,False,7.097
4711,26,08/03/2013,26.62,17853.54,98.56,25.47,3571.47,3716.37,False,7.097
4712,26,15/03/2013,30.19,5236.19,0.0,3.11,1436.95,2378.09,False,7.097
4713,26,22/03/2013,18.19,9911.81,0.0,427.0,1061.15,2053.0,False,7.097
4714,26,29/03/2013,28.3,6510.79,0.0,315.35,43.9,4595.14,False,7.097
4715,26,05/04/2013,29.42,9549.4,3449.11,246.53,624.4,4702.57,False,6.884
4716,26,12/04/2013,33.95,2818.7,700.38,43.1,565.42,1591.69,False,6.884
4717,26,19/04/2013,40.55,1326.83,0.65,20.6,47.73,1101.15,False,6.884
4718,26,26/04/2013,40.05,1748.01,0.0,37.0,68.64,1509.77,False,6.884
4719,26,03/05/2013,47.3,7326.63,25.0,39.14,2263.34,2205.99,False,
4720,26,10/05/2013,51.75,4533.84,258.88,81.3,457.1,6677.86,False,
4721,26,17/05/2013,47.44,4933.66,502.74,5.38,532.2,5237.18,False,
4722,26,24/05/2013,51.98,2573.04,773.84,100.52,860.13,2734.51,False,
4723,26,31/05/2013,50.9,4243.24,189.95,203.69,16.44,2753.77,False,
4724,26,07/06/2013,57.88,8643.22,333.67,76.77,3303.7,4205.17,False,
4725,26,14/06/2013,54.46,4439.77,397.86,307.0,1405.1,2208.29,False,
4726,26,21/06/2013,56.02,4879.84,406.72,126.4,1265.84,4277.88,False,
4727,26,28/06/2013,62.53,4505.32,461.56,0.0,1969.92,3352.74,False,
4728,26,05/07/2013,65.29,6343.21,1455.2,520.79,5672.65,1044.93,False,
4729,26,12/07/2013,65.98,3377.02,1673.17,44.46,1927.06,4843.2,False,
4730,26,19/07/2013,70.09,1635.2,1021.13,143.75,490.21,1123.83,False,
4731,26,26/07/2013,63.07,538.78,822.92,0.4,85.49,1086.05,False,
4732,27,05/02/2010,27.19,0.0,0.0,0.0,0.0,0.0,False,8.237
4733,27,12/02/2010,29.81,0.0,0.0,0.0,0.0,0.0,True,8.237
4734,27,19/02/2010,32.44,0.0,0.0,0.0,0.0,0.0,False,8.237
4735,27,26/02/2010,36.0,0.0,0.0,0.0,0.0,0.0,False,8.237
4736,27,05/03/2010,38.07,0.0,0.0,0.0,0.0,0.0,False,8.237
4737,27,12/03/2010,45.98,0.0,0.0,0.0,0.0,0.0,False,8.237
4738,27,19/03/2010,49.04,0.0,0.0,0.0,0.0,0.0,False,8.237
4739,27,26/03/2010,52.34,0.0,0.0,0.0,0.0,0.0,False,8.237
4740,27,02/04/2010,46.9,0.0,0.0,0.0,0.0,0.0,False,8.058
4741,27,09/04/2010,62.62,0.0,0.0,0.0,0.0,0.0,False,8.058
4742,27,16/04/2010,54.95,0.0,0.0,0.0,0.0,0.0,False,8.058
4743,27,23/04/2010,53.91,0.0,0.0,0.0,0.0,0.0,False,8.058
4744,27,30/04/2010,53.55,0.0,0.0,0.0,0.0,0.0,False,8.058
4745,27,07/05/2010,69.02,0.0,0.0,0.0,0.0,0.0,False,8.058
4746,27,14/05/2010,53.82,0.0,0.0,0.0,0.0,0.0,False,8.058
4747,27,21/05/2010,63.31,0.0,0.0,0.0,0.0,0.0,False,8.058
4748,27,28/05/2010,67.88,0.0,0.0,0.0,0.0,0.0,False,8.058
4749,27,04/06/2010,74.29,0.0,0.0,0.0,0.0,0.0,False,8.058
4750,27,11/06/2010,68.9,0.0,0.0,0.0,0.0,0.0,False,8.058
4751,27,18/06/2010,70.0,0.0,0.0,0.0,0.0,0.0,False,8.058
4752,27,25/06/2010,78.02,0.0,0.0,0.0,0.0,0.0,False,8.058
4753,27,02/07/2010,76.25,0.0,0.0,0.0,0.0,0.0,False,7.982
4754,27,09/07/2010,82.69,0.0,0.0,0.0,0.0,0.0,False,7.982
4755,27,16/07/2010,78.26,0.0,0.0,0.0,0.0,0.0,False,7.982
4756,27,23/07/2010,81.56,0.0,0.0,0.0,0.0,0.0,False,7.982
4757,27,30/07/2010,79.78,0.0,0.0,0.0,0.0,0.0,False,7.982
4758,27,06/08/2010,77.45,0.0,0.0,0.0,0.0,0.0,False,7.982
4759,27,13/08/2010,77.36,0.0,0.0,0.0,0.0,0.0,False,7.982
4760,27,20/08/2010,75.16,0.0,0.0,0.0,0.0,0.0,False,7.982
4761,27,27/08/2010,70.31,0.0,0.0,0.0,0.0,0.0,False,7.982
4762,27,03/09/2010,78.52,0.0,0.0,0.0,0.0,0.0,False,7.982
4763,27,10/09/2010,70.38,0.0,0.0,0.0,0.0,0.0,True,7.982
4764,27,17/09/2010,64.5,0.0,0.0,0.0,0.0,0.0,False,7.982
4765,27,24/09/2010,67.08,0.0,0.0,0.0,0.0,0.0,False,7.982
4766,27,01/10/2010,70.19,0.0,0.0,0.0,0.0,0.0,False,8.021
4767,27,08/10/2010,57.78,0.0,0.0,0.0,0.0,0.0,False,8.021
4768,27,15/10/2010,58.38,0.0,0.0,0.0,0.0,0.0,False,8.021
4769,27,22/10/2010,52.82,0.0,0.0,0.0,0.0,0.0,False,8.021
4770,27,29/10/2010,61.02,0.0,0.0,0.0,0.0,0.0,False,8.021
4771,27,05/11/2010,45.91,0.0,0.0,0.0,0.0,0.0,False,8.021
4772,27,12/11/2010,45.9,0.0,0.0,0.0,0.0,0.0,False,8.021
4773,27,19/11/2010,50.81,0.0,0.0,0.0,0.0,0.0,False,8.021
4774,27,26/11/2010,46.67,0.0,0.0,0.0,0.0,0.0,True,8.021
4775,27,03/12/2010,41.81,0.0,0.0,0.0,0.0,0.0,False,8.021
4776,27,10/12/2010,30.83,0.0,0.0,0.0,0.0,0.0,False,8.021
4777,27,17/12/2010,31.62,0.0,0.0,0.0,0.0,0.0,False,8.021
4778,27,24/12/2010,31.34,0.0,0.0,0.0,0.0,0.0,False,8.021
4779,27,31/12/2010,29.59,0.0,0.0,0.0,0.0,0.0,True,8.021
4780,27,07/01/2011,34.42,0.0,0.0,0.0,0.0,0.0,False,7.827
4781,27,14/01/2011,25.7,0.0,0.0,0.0,0.0,0.0,False,7.827
4782,27,21/01/2011,30.13,0.0,0.0,0.0,0.0,0.0,False,7.827
4783,27,28/01/2011,23.64,0.0,0.0,0.0,0.0,0.0,False,7.827
4784,27,04/02/2011,28.7,0.0,0.0,0.0,0.0,0.0,False,7.827
4785,27,11/02/2011,30.45,0.0,0.0,0.0,0.0,0.0,True,7.827
4786,27,18/02/2011,39.32,0.0,0.0,0.0,0.0,0.0,False,7.827
4787,27,25/02/2011,33.05,0.0,0.0,0.0,0.0,0.0,False,7.827
4788,27,04/03/2011,36.99,0.0,0.0,0.0,0.0,0.0,False,7.827
4789,27,11/03/2011,43.64,0.0,0.0,0.0,0.0,0.0,False,7.827
4790,27,18/03/2011,46.65,0.0,0.0,0.0,0.0,0.0,False,7.827
4791,27,25/03/2011,40.11,0.0,0.0,0.0,0.0,0.0,False,7.827
4792,27,01/04/2011,37.27,0.0,0.0,0.0,0.0,0.0,False,7.725
4793,27,08/04/2011,46.87,0.0,0.0,0.0,0.0,0.0,False,7.725
4794,27,15/04/2011,52.24,0.0,0.0,0.0,0.0,0.0,False,7.725
4795,27,22/04/2011,50.02,0.0,0.0,0.0,0.0,0.0,False,7.725
4796,27,29/04/2011,61.71,0.0,0.0,0.0,0.0,0.0,False,7.725
4797,27,06/05/2011,56.48,0.0,0.0,0.0,0.0,0.0,False,7.725
4798,27,13/05/2011,60.07,0.0,0.0,0.0,0.0,0.0,False,7.725
4799,27,20/05/2011,60.22,0.0,0.0,0.0,0.0,0.0,False,7.725
4800,27,27/05/2011,66.43,0.0,0.0,0.0,0.0,0.0,False,7.725
4801,27,03/06/2011,74.17,0.0,0.0,0.0,0.0,0.0,False,7.725
4802,27,10/06/2011,73.26,0.0,0.0,0.0,0.0,0.0,False,7.725
4803,27,17/06/2011,67.03,0.0,0.0,0.0,0.0,0.0,False,7.725
4804,27,24/06/2011,72.02,0.0,0.0,0.0,0.0,0.0,False,7.725
4805,27,01/07/2011,73.76,0.0,0.0,0.0,0.0,0.0,False,7.85
4806,27,08/07/2011,76.87,0.0,0.0,0.0,0.0,0.0,False,7.85
4807,27,15/07/2011,77.83,0.0,0.0,0.0,0.0,0.0,False,7.85
4808,27,22/07/2011,82.28,0.0,0.0,0.0,0.0,0.0,False,7.85
4809,27,29/07/2011,79.41,0.0,0.0,0.0,0.0,0.0,False,7.85
4810,27,05/08/2011,78.14,0.0,0.0,0.0,0.0,0.0,False,7.85
4811,27,12/08/2011,76.67,0.0,0.0,0.0,0.0,0.0,False,7.85
4812,27,19/08/2011,72.97,0.0,0.0,0.0,0.0,0.0,False,7.85
4813,27,26/08/2011,72.88,0.0,0.0,0.0,0.0,0.0,False,7.85
4814,27,02/09/2011,71.44,0.0,0.0,0.0,0.0,0.0,False,7.85
4815,27,09/09/2011,70.93,0.0,0.0,0.0,0.0,0.0,True,7.85
4816,27,16/09/2011,69.65,0.0,0.0,0.0,0.0,0.0,False,7.85
4817,27,23/09/2011,63.61,0.0,0.0,0.0,0.0,0.0,False,7.85
4818,27,30/09/2011,70.92,0.0,0.0,0.0,0.0,0.0,False,7.85
4819,27,07/10/2011,56.91,0.0,0.0,0.0,0.0,0.0,False,7.906
4820,27,14/10/2011,64.78,0.0,0.0,0.0,0.0,0.0,False,7.906
4821,27,21/10/2011,59.62,0.0,0.0,0.0,0.0,0.0,False,7.906
4822,27,28/10/2011,51.81,0.0,0.0,0.0,0.0,0.0,False,7.906
4823,27,04/11/2011,44.46,0.0,0.0,0.0,0.0,0.0,False,7.906
4824,27,11/11/2011,49.69,10710.56,44021.61,475.3,4235.07,4920.65,False,7.906
4825,27,18/11/2011,51.42,32812.24,5487.82,143.88,567.08,14703.26,False,7.906
4826,27,25/11/2011,47.88,164.01,27.47,73934.06,24.22,540.56,True,7.906
4827,27,02/12/2011,50.55,5369.61,294.47,7008.02,3692.11,33247.0,False,7.906
4828,27,09/12/2011,46.28,4072.48,48.0,1800.87,1796.01,8867.17,False,7.906
4829,27,16/12/2011,40.68,7510.92,28.09,1049.3,1160.14,7853.48,False,7.906
4830,27,23/12/2011,41.59,2415.4,239.89,1438.33,209.34,2976.85,False,7.906
4831,27,30/12/2011,37.85,3650.53,50076.68,271.89,1009.78,1773.53,True,7.906
4832,27,06/01/2012,35.8,9235.59,29675.22,526.36,2399.37,6290.52,False,8.009
4833,27,13/01/2012,41.3,8081.05,16237.87,542.46,643.15,6238.31,False,8.009
4834,27,20/01/2012,30.35,2754.17,9280.81,465.77,2567.91,1550.34,False,8.009
4835,27,27/01/2012,36.96,2789.03,4172.39,589.24,101.5,3857.29,False,8.009
4836,27,03/02/2012,42.52,62172.73,6256.0,530.81,67474.85,6129.6,False,8.009
4837,27,10/02/2012,37.86,15591.32,6206.22,249.82,14000.53,8024.91,True,8.009
4838,27,17/02/2012,37.24,14655.15,10670.84,162.82,11286.99,1595.8,False,8.009
4839,27,24/02/2012,41.74,16993.22,13384.32,9.6,8237.33,9045.21,False,8.009
4840,27,02/03/2012,40.07,28652.29,3088.37,109.25,35364.08,4464.45,False,8.009
4841,27,09/03/2012,44.32,14171.85,917.3,2.2,3614.57,4582.1,False,8.009
4842,27,16/03/2012,49.6,7275.48,175.65,2.96,5193.68,2366.04,False,8.009
4843,27,23/03/2012,57.3,4142.06,506.34,5.17,917.38,3467.03,False,8.009
4844,27,30/03/2012,49.4,12705.56,180.11,7.59,2943.99,3495.93,False,8.009
4845,27,06/04/2012,48.73,10800.82,0.0,101.35,3079.87,5692.72,False,8.253
4846,27,13/04/2012,52.22,5139.48,4770.63,53.84,1532.47,4176.9,False,8.253
4847,27,20/04/2012,62.62,12507.63,2681.1,99.95,1433.43,3244.98,False,8.253
4848,27,27/04/2012,52.33,6408.19,901.65,58.56,51.97,2182.32,False,8.253
4849,27,04/05/2012,53.68,19913.55,0.0,213.38,5895.46,4687.08,False,8.253
4850,27,11/05/2012,58.97,10864.63,0.0,244.98,2261.45,2840.03,False,8.253
4851,27,18/05/2012,65.15,13340.68,0.0,222.2,2225.5,2346.31,False,8.253
4852,27,25/05/2012,64.77,11465.8,0.0,380.15,2173.31,4183.07,False,8.253
4853,27,01/06/2012,73.4,10283.49,31.2,245.41,4069.79,2775.35,False,8.253
4854,27,08/06/2012,64.05,12921.09,414.6,95.99,1666.88,7819.11,False,8.253
4855,27,15/06/2012,69.52,9943.48,614.9,15.0,3382.44,6779.57,False,8.253
4856,27,22/06/2012,73.23,9510.17,821.5,7.98,3928.13,6054.38,False,8.253
4857,27,29/06/2012,73.94,7582.01,585.9,0.0,1019.28,3522.11,False,8.253
4858,27,06/07/2012,82.08,12579.0,303.6,217.95,8280.23,7999.22,False,8.239
4859,27,13/07/2012,78.95,7264.26,219.2,31.1,4489.18,3102.22,False,8.239
4860,27,20/07/2012,78.64,10835.89,164.46,21.51,3314.7,7302.33,False,8.239
4861,27,27/07/2012,76.01,8698.49,289.37,5.28,12205.87,3358.94,False,8.239
4862,27,03/08/2012,75.22,39317.03,194.67,64.32,25462.22,3161.43,False,8.239
4863,27,10/08/2012,78.44,5892.89,148.66,14.01,4147.47,5611.07,False,8.239
4864,27,17/08/2012,76.51,4017.25,33.65,6.2,1753.64,6783.58,False,8.239
4865,27,24/08/2012,72.93,4757.01,85.3,371.06,3090.86,8212.53,False,8.239
4866,27,31/08/2012,75.0,25371.97,59.81,276.58,6582.38,5400.13,False,8.239
4867,27,07/09/2012,76.0,18992.1,56.16,118.16,4511.15,7235.18,True,8.239
4868,27,14/09/2012,68.72,17121.4,17.82,18.5,2384.18,4270.34,False,8.239
4869,27,21/09/2012,66.1,18287.65,63.82,677.64,6039.37,3359.1,False,8.239
4870,27,28/09/2012,64.92,26306.03,39.82,55.24,11296.93,12954.12,False,8.239
4871,27,05/10/2012,64.5,16670.04,0.0,40.02,5385.32,6733.38,False,8.0
4872,27,12/10/2012,55.4,2177.62,0.0,7.22,863.01,7931.82,False,8.0
4873,27,19/10/2012,56.53,2639.32,0.0,4.77,575.48,3147.23,False,8.0
4874,27,26/10/2012,58.99,7756.75,206.45,100.0,731.23,2174.84,False,8.0
4875,27,02/11/2012,54.44,13125.35,13340.62,32.81,6669.47,718.46,False,8.0
4876,27,09/11/2012,41.06,7490.34,20667.93,204.5,693.02,2912.62,False,8.0
4877,27,16/11/2012,46.66,13377.23,5391.57,209.27,1851.81,4613.77,False,8.0
4878,27,23/11/2012,43.63,3706.65,23.98,94432.21,588.15,6938.6,True,8.0
4879,27,30/11/2012,38.95,3865.29,8.98,9084.53,102.38,13208.03,False,8.0
4880,27,07/12/2012,44.13,6831.83,0.0,368.29,2410.23,13504.05,False,8.0
4881,27,14/12/2012,43.87,3170.43,0.0,231.0,19.88,6252.08,False,8.0
4882,27,21/12/2012,43.65,4615.76,68.96,81.36,79.48,541.09,False,8.0
4883,27,28/12/2012,36.05,6032.37,31849.81,373.32,191.69,4961.75,True,8.0
4884,27,04/01/2013,32.23,7701.72,49026.3,56.77,64.25,3763.34,False,7.945
4885,27,11/01/2013,39.49,4089.24,30552.82,17.44,1337.06,2386.07,False,7.945
4886,27,18/01/2013,40.57,8172.0,7946.12,8.6,4105.5,2873.45,False,7.945
4887,27,25/01/2013,26.45,1943.33,4236.29,1.6,512.17,1181.34,False,7.945
4888,27,01/02/2013,34.17,26226.09,2773.71,52.0,51587.03,3215.4,False,7.945
4889,27,08/02/2013,28.67,65996.68,1098.51,188.58,38065.62,3295.95,True,7.945
4890,27,15/02/2013,35.13,23292.54,14425.39,243.52,19609.28,7859.66,False,7.945
4891,27,22/02/2013,31.52,17103.18,8134.12,409.54,2543.6,5931.69,False,7.945
4892,27,01/03/2013,39.9,7118.91,1066.15,0.36,189.88,1329.77,False,7.945
4893,27,08/03/2013,36.11,15232.2,397.96,71.9,6609.0,2614.03,False,7.945
4894,27,15/03/2013,41.95,19493.78,0.27,21.05,5463.42,2894.25,False,7.945
4895,27,22/03/2013,35.43,11085.15,0.0,749.5,3047.97,1944.8,False,7.945
4896,27,29/03/2013,41.53,9272.92,0.0,863.54,3.76,4253.53,False,7.945
4897,27,05/04/2013,43.78,16900.93,8685.88,429.4,1919.44,3231.21,False,7.697
4898,27,12/04/2013,53.28,9303.85,6759.23,74.36,2471.53,1389.71,False,7.697
4899,27,19/04/2013,53.65,4566.1,759.03,87.8,122.38,1218.07,False,7.697
4900,27,26/04/2013,50.88,4091.2,2.98,142.58,89.1,1587.02,False,7.697
4901,27,03/05/2013,55.83,7028.8,14.9,84.6,2780.28,2094.38,False,
4902,27,10/05/2013,57.38,6867.63,171.94,81.08,2630.92,3630.71,False,
4903,27,17/05/2013,60.06,9275.52,466.43,21.46,1667.9,6300.88,False,
4904,27,24/05/2013,65.19,5454.05,269.88,631.68,2561.35,3189.17,False,
4905,27,31/05/2013,64.65,2920.43,357.26,448.44,192.04,3557.71,False,
4906,27,07/06/2013,69.53,12658.02,915.15,187.99,7287.16,3704.79,False,
4907,27,14/06/2013,67.64,11806.99,716.93,350.23,3019.24,11306.53,False,
4908,27,21/06/2013,70.76,5236.08,781.81,448.4,3792.83,2223.17,False,
4909,27,28/06/2013,77.34,5149.82,2392.39,16.78,5227.22,4302.13,False,
4910,27,05/07/2013,77.41,12819.65,3929.43,744.57,10416.2,1937.43,False,
4911,27,12/07/2013,80.74,5214.6,2589.72,104.61,2925.97,4733.11,False,
4912,27,19/07/2013,83.36,4965.8,1626.51,204.17,633.73,1818.64,False,
4913,27,26/07/2013,77.01,277.52,2359.44,19.45,39.42,671.27,False,
4914,28,05/02/2010,49.47,0.0,0.0,0.0,0.0,0.0,False,13.975
4915,28,12/02/2010,47.87,0.0,0.0,0.0,0.0,0.0,True,13.975
4916,28,19/02/2010,54.83,0.0,0.0,0.0,0.0,0.0,False,13.975
4917,28,26/02/2010,50.23,0.0,0.0,0.0,0.0,0.0,False,13.975
4918,28,05/03/2010,53.77,0.0,0.0,0.0,0.0,0.0,False,13.975
4919,28,12/03/2010,50.11,0.0,0.0,0.0,0.0,0.0,False,13.975
4920,28,19/03/2010,59.57,0.0,0.0,0.0,0.0,0.0,False,13.975
4921,28,26/03/2010,60.06,0.0,0.0,0.0,0.0,0.0,False,13.975
4922,28,02/04/2010,59.84,0.0,0.0,0.0,0.0,0.0,False,14.099
4923,28,09/04/2010,59.25,0.0,0.0,0.0,0.0,0.0,False,14.099
4924,28,16/04/2010,64.95,0.0,0.0,0.0,0.0,0.0,False,14.099
4925,28,23/04/2010,64.55,0.0,0.0,0.0,0.0,0.0,False,14.099
4926,28,30/04/2010,67.38,0.0,0.0,0.0,0.0,0.0,False,14.099
4927,28,07/05/2010,70.15,0.0,0.0,0.0,0.0,0.0,False,14.099
4928,28,14/05/2010,68.44,0.0,0.0,0.0,0.0,0.0,False,14.099
4929,28,21/05/2010,76.2,0.0,0.0,0.0,0.0,0.0,False,14.099
4930,28,28/05/2010,67.84,0.0,0.0,0.0,0.0,0.0,False,14.099
4931,28,04/06/2010,81.39,0.0,0.0,0.0,0.0,0.0,False,14.099
4932,28,11/06/2010,90.84,0.0,0.0,0.0,0.0,0.0,False,14.099
4933,28,18/06/2010,81.06,0.0,0.0,0.0,0.0,0.0,False,14.099
4934,28,25/06/2010,87.27,0.0,0.0,0.0,0.0,0.0,False,14.099
4935,28,02/07/2010,91.98,0.0,0.0,0.0,0.0,0.0,False,14.18
4936,28,09/07/2010,90.37,0.0,0.0,0.0,0.0,0.0,False,14.18
4937,28,16/07/2010,97.18,0.0,0.0,0.0,0.0,0.0,False,14.18
4938,28,23/07/2010,99.22,0.0,0.0,0.0,0.0,0.0,False,14.18
4939,28,30/07/2010,96.31,0.0,0.0,0.0,0.0,0.0,False,14.18
4940,28,06/08/2010,92.95,0.0,0.0,0.0,0.0,0.0,False,14.18
4941,28,13/08/2010,87.01,0.0,0.0,0.0,0.0,0.0,False,14.18
4942,28,20/08/2010,92.81,0.0,0.0,0.0,0.0,0.0,False,14.18
4943,28,27/08/2010,93.19,0.0,0.0,0.0,0.0,0.0,False,14.18
4944,28,03/09/2010,83.12,0.0,0.0,0.0,0.0,0.0,False,14.18
4945,28,10/09/2010,83.63,0.0,0.0,0.0,0.0,0.0,True,14.18
4946,28,17/09/2010,82.45,0.0,0.0,0.0,0.0,0.0,False,14.18
4947,28,24/09/2010,81.77,0.0,0.0,0.0,0.0,0.0,False,14.18
4948,28,01/10/2010,85.2,0.0,0.0,0.0,0.0,0.0,False,14.313
4949,28,08/10/2010,71.82,0.0,0.0,0.0,0.0,0.0,False,14.313
4950,28,15/10/2010,75.0,0.0,0.0,0.0,0.0,0.0,False,14.313
4951,28,22/10/2010,68.85,0.0,0.0,0.0,0.0,0.0,False,14.313
4952,28,29/10/2010,61.09,0.0,0.0,0.0,0.0,0.0,False,14.313
4953,28,05/11/2010,65.49,0.0,0.0,0.0,0.0,0.0,False,14.313
4954,28,12/11/2010,57.79,0.0,0.0,0.0,0.0,0.0,False,14.313
4955,28,19/11/2010,58.18,0.0,0.0,0.0,0.0,0.0,False,14.313
4956,28,26/11/2010,47.66,0.0,0.0,0.0,0.0,0.0,True,14.313
4957,28,03/12/2010,43.33,0.0,0.0,0.0,0.0,0.0,False,14.313
4958,28,10/12/2010,50.01,0.0,0.0,0.0,0.0,0.0,False,14.313
4959,28,17/12/2010,52.77,0.0,0.0,0.0,0.0,0.0,False,14.313
4960,28,24/12/2010,52.02,0.0,0.0,0.0,0.0,0.0,False,14.313
4961,28,31/12/2010,45.64,0.0,0.0,0.0,0.0,0.0,True,14.313
4962,28,07/01/2011,37.64,0.0,0.0,0.0,0.0,0.0,False,14.021
4963,28,14/01/2011,43.15,0.0,0.0,0.0,0.0,0.0,False,14.021
4964,28,21/01/2011,53.53,0.0,0.0,0.0,0.0,0.0,False,14.021
4965,28,28/01/2011,50.74,0.0,0.0,0.0,0.0,0.0,False,14.021
4966,28,04/02/2011,45.14,0.0,0.0,0.0,0.0,0.0,False,14.021
4967,28,11/02/2011,51.3,0.0,0.0,0.0,0.0,0.0,True,14.021
4968,28,18/02/2011,53.35,0.0,0.0,0.0,0.0,0.0,False,14.021
4969,28,25/02/2011,48.45,0.0,0.0,0.0,0.0,0.0,False,14.021
4970,28,04/03/2011,51.72,0.0,0.0,0.0,0.0,0.0,False,14.021
4971,28,11/03/2011,57.75,0.0,0.0,0.0,0.0,0.0,False,14.021
4972,28,18/03/2011,64.21,0.0,0.0,0.0,0.0,0.0,False,14.021
4973,28,25/03/2011,54.4,0.0,0.0,0.0,0.0,0.0,False,14.021
4974,28,01/04/2011,63.63,0.0,0.0,0.0,0.0,0.0,False,13.736
4975,28,08/04/2011,64.47,0.0,0.0,0.0,0.0,0.0,False,13.736
4976,28,15/04/2011,57.63,0.0,0.0,0.0,0.0,0.0,False,13.736
4977,28,22/04/2011,72.12,0.0,0.0,0.0,0.0,0.0,False,13.736
4978,28,29/04/2011,68.27,0.0,0.0,0.0,0.0,0.0,False,13.736
4979,28,06/05/2011,68.4,0.0,0.0,0.0,0.0,0.0,False,13.736
4980,28,13/05/2011,70.93,0.0,0.0,0.0,0.0,0.0,False,13.736
4981,28,20/05/2011,66.59,0.0,0.0,0.0,0.0,0.0,False,13.736
4982,28,27/05/2011,76.67,0.0,0.0,0.0,0.0,0.0,False,13.736
4983,28,03/06/2011,71.81,0.0,0.0,0.0,0.0,0.0,False,13.736
4984,28,10/06/2011,78.72,0.0,0.0,0.0,0.0,0.0,False,13.736
4985,28,17/06/2011,86.84,0.0,0.0,0.0,0.0,0.0,False,13.736
4986,28,24/06/2011,88.95,0.0,0.0,0.0,0.0,0.0,False,13.736
4987,28,01/07/2011,89.85,0.0,0.0,0.0,0.0,0.0,False,13.503
4988,28,08/07/2011,89.9,0.0,0.0,0.0,0.0,0.0,False,13.503
4989,28,15/07/2011,88.1,0.0,0.0,0.0,0.0,0.0,False,13.503
4990,28,22/07/2011,91.17,0.0,0.0,0.0,0.0,0.0,False,13.503
4991,28,29/07/2011,93.29,0.0,0.0,0.0,0.0,0.0,False,13.503
4992,28,05/08/2011,90.61,0.0,0.0,0.0,0.0,0.0,False,13.503
4993,28,12/08/2011,91.04,0.0,0.0,0.0,0.0,0.0,False,13.503
4994,28,19/08/2011,91.74,0.0,0.0,0.0,0.0,0.0,False,13.503
4995,28,26/08/2011,94.61,0.0,0.0,0.0,0.0,0.0,False,13.503
4996,28,02/09/2011,93.66,0.0,0.0,0.0,0.0,0.0,False,13.503
4997,28,09/09/2011,88.0,0.0,0.0,0.0,0.0,0.0,True,13.503
4998,28,16/09/2011,76.36,0.0,0.0,0.0,0.0,0.0,False,13.503
4999,28,23/09/2011,82.95,0.0,0.0,0.0,0.0,0.0,False,13.503
5000,28,30/09/2011,83.26,0.0,0.0,0.0,0.0,0.0,False,13.503
5001,28,07/10/2011,70.44,0.0,0.0,0.0,0.0,0.0,False,12.89
5002,28,14/10/2011,67.31,0.0,0.0,0.0,0.0,0.0,False,12.89
5003,28,21/10/2011,73.05,0.0,0.0,0.0,0.0,0.0,False,12.89
5004,28,28/10/2011,67.41,0.0,0.0,0.0,0.0,0.0,False,12.89
5005,28,04/11/2011,59.77,0.0,0.0,0.0,0.0,0.0,False,12.89
5006,28,11/11/2011,48.76,22860.64,12223.82,343.77,20834.37,9895.33,False,12.89
5007,28,18/11/2011,54.2,6772.46,1654.68,86.01,1068.35,9835.85,False,12.89
5008,28,25/11/2011,53.25,2232.08,179.73,61319.72,513.76,1790.89,True,12.89
5009,28,02/12/2011,52.5,10392.61,75.0,2241.11,6243.02,19374.19,False,12.89
5010,28,09/12/2011,42.17,6628.73,21.0,140.19,6168.78,14073.59,False,12.89
5011,28,16/12/2011,43.29,2429.88,18.24,347.78,573.31,6432.36,False,12.89
5012,28,23/12/2011,45.4,2135.31,1.53,752.34,499.0,5674.11,False,12.89
5013,28,30/12/2011,44.64,5218.93,49826.06,155.37,1011.54,7761.98,True,12.89
5014,28,06/01/2012,50.43,5155.86,19549.51,218.29,636.73,5218.5,False,12.187
5015,28,13/01/2012,48.07,4649.73,1843.24,45.3,869.64,7935.42,False,12.187
5016,28,20/01/2012,46.2,5177.01,1280.59,23.75,716.52,6009.03,False,12.187
5017,28,27/01/2012,50.43,1657.67,887.0,30.97,222.42,4291.52,False,12.187
5018,28,03/02/2012,50.58,44998.1,3682.17,182.6,39241.63,16008.79,False,12.187
5019,28,10/02/2012,52.27,20097.48,2774.5,66.42,16822.46,8228.86,True,12.187
5020,28,17/02/2012,51.8,20868.41,6880.29,7.84,7685.11,11114.94,False,12.187
5021,28,24/02/2012,53.13,9687.54,3338.06,0.0,847.07,6736.61,False,12.187
5022,28,02/03/2012,52.27,23765.08,872.4,3.5,12645.96,4736.14,False,12.187
5023,28,09/03/2012,54.54,11431.91,101.02,6.93,2060.55,9332.74,False,12.187
5024,28,16/03/2012,64.44,8243.42,44.26,6.68,3641.11,3645.65,False,12.187
5025,28,23/03/2012,56.26,9066.75,48.94,5.91,1040.74,3796.72,False,12.187
5026,28,30/03/2012,64.36,11704.17,57.61,11.85,1537.38,2536.67,False,12.187
5027,28,06/04/2012,64.05,9368.15,0.0,35.75,2580.09,8313.39,False,11.627
5028,28,13/04/2012,64.28,8478.14,5630.15,20.53,2457.88,9394.39,False,11.627
5029,28,20/04/2012,66.73,5343.29,3895.86,17.32,657.56,4674.67,False,11.627
5030,28,27/04/2012,77.99,3003.61,564.36,16.11,35.54,3226.41,False,11.627
5031,28,04/05/2012,76.03,16196.98,0.0,45.99,2938.52,8176.03,False,11.627
5032,28,11/05/2012,77.27,14847.64,392.0,84.72,4190.88,5556.15,False,11.627
5033,28,18/05/2012,84.51,5282.21,0.0,1.23,1188.92,5422.89,False,11.627
5034,28,25/05/2012,83.84,7557.62,0.0,609.0,1574.85,7620.93,False,11.627
5035,28,01/06/2012,78.11,15488.5,0.0,72.0,3872.89,5319.68,False,11.627
5036,28,08/06/2012,84.83,9026.85,101.2,-29.1,833.67,11752.37,False,11.627
5037,28,15/06/2012,85.94,8619.75,101.0,363.96,2244.26,6524.51,False,11.627
5038,28,22/06/2012,91.61,10280.97,18.4,1.12,3663.41,6659.58,False,11.627
5039,28,29/06/2012,90.47,6830.32,37.2,0.0,331.46,4690.76,False,11.627
5040,28,06/07/2012,89.13,5618.88,98.6,111.79,2513.36,6421.05,False,10.926
5041,28,13/07/2012,95.61,11410.19,19.8,3.03,3053.13,1510.09,False,10.926
5042,28,20/07/2012,85.53,8235.78,61.2,12.27,944.08,3623.51,False,10.926
5043,28,27/07/2012,93.47,4311.14,25.6,5.34,6009.47,4271.03,False,10.926
5044,28,03/08/2012,88.16,27801.87,28.5,76.11,8969.45,5970.49,False,10.926
5045,28,10/08/2012,95.91,8364.4,69.48,30.01,4158.02,3050.7,False,10.926
5046,28,17/08/2012,94.87,5349.52,1.98,11.24,2542.17,6620.24,False,10.926
5047,28,24/08/2012,85.32,6730.91,10.92,309.93,2779.28,5826.35,False,10.926
5048,28,31/08/2012,89.78,25745.2,3.2,115.39,11858.54,4508.04,False,10.926
5049,28,07/09/2012,88.52,7046.94,43.42,66.08,701.38,11100.55,True,10.926
5050,28,14/09/2012,83.64,15676.1,6.98,24.11,2180.72,10483.58,False,10.926
5051,28,21/09/2012,82.97,8790.27,104.0,3.0,1761.3,9638.33,False,10.926
5052,28,28/09/2012,81.22,5977.78,7.91,2.16,2458.5,6671.45,False,10.926
5053,28,05/10/2012,81.61,4436.17,0.0,28.91,6563.84,8417.76,False,10.199
5054,28,12/10/2012,71.74,1546.44,0.0,13.36,1057.73,6560.97,False,10.199
5055,28,19/10/2012,68.66,2307.28,0.0,4.7,1406.03,4122.2,False,10.199
5056,28,26/10/2012,65.95,6490.13,90.02,0.0,1750.84,1684.36,False,10.199
5057,28,02/11/2012,63.22,9765.35,6729.72,43.82,4608.92,7092.27,False,10.199
5058,28,09/11/2012,65.31,11066.79,7689.39,25.88,2816.22,6764.59,False,10.199
5059,28,16/11/2012,49.39,10431.55,184.51,42.72,1422.57,771448.1,False,10.199
5060,28,23/11/2012,58.07,1064.86,0.0,84493.38,515.22,1144.61,True,10.199
5061,28,30/11/2012,57.03,2475.11,0.0,7879.62,438.16,31990.74,False,10.199
5062,28,07/12/2012,57.83,9232.97,0.0,413.24,2404.59,12278.82,False,10.199
5063,28,14/12/2012,49.74,3904.31,0.0,128.0,279.27,7181.55,False,10.199
5064,28,21/12/2012,42.83,3577.43,79.96,122.92,36.29,2530.09,False,10.199
5065,28,28/12/2012,43.35,12973.34,35919.8,173.1,63.89,1894.52,True,10.199
5066,28,04/01/2013,38.8,1529.2,28399.98,17.51,15.74,4848.03,False,9.91
5067,28,11/01/2013,44.59,6311.91,9225.86,4.4,241.02,5898.01,False,9.91
5068,28,18/01/2013,36.49,4908.9,1569.2,1.02,296.82,5466.87,False,9.91
5069,28,25/01/2013,49.21,4854.39,1931.93,0.3,615.56,6698.98,False,9.91
5070,28,01/02/2013,49.54,13456.32,951.31,110.42,17469.41,2236.52,False,9.91
5071,28,08/02/2013,54.96,63800.33,449.78,486.62,36592.8,3939.02,True,9.91
5072,28,15/02/2013,47.12,14659.05,4653.27,12.38,682.04,9065.86,False,9.91
5073,28,22/02/2013,49.57,10336.01,2765.28,46.48,6676.43,2829.74,False,9.91
5074,28,01/03/2013,48.08,3857.41,213.47,4.12,332.82,5674.71,False,9.91
5075,28,08/03/2013,60.4,24400.83,85.89,103.31,7412.67,45648.88,False,9.91
5076,28,15/03/2013,61.7,5839.04,0.0,18.14,887.84,1877.73,False,9.91
5077,28,22/03/2013,68.75,10551.97,0.0,477.0,1991.96,2841.14,False,9.91
5078,28,29/03/2013,62.86,11960.92,0.0,339.06,447.36,4004.18,False,9.91
5079,28,05/04/2013,69.47,14572.76,7502.43,300.04,1730.03,3466.27,False,9.874
5080,28,12/04/2013,65.6,4519.29,4590.85,46.85,2597.41,2875.3,False,9.874
5081,28,19/04/2013,64.35,3507.89,13.12,55.6,964.46,3508.28,False,9.874
5082,28,26/04/2013,70.74,3786.29,0.0,81.36,1742.42,4579.56,False,9.874
5083,28,03/05/2013,76.84,7588.35,3.0,106.95,7193.46,8558.1,False,
5084,28,10/05/2013,70.18,7825.44,573.94,57.72,1239.78,6407.04,False,
5085,28,17/05/2013,83.43,8081.71,346.88,6.96,2392.09,5542.49,False,
5086,28,24/05/2013,77.87,3908.93,73.82,184.9,2796.83,4844.73,False,
5087,28,31/05/2013,81.08,2389.95,256.14,831.94,96.52,9751.47,False,
5088,28,07/06/2013,89.89,14212.62,251.87,397.98,8948.52,7226.26,False,
5089,28,14/06/2013,92.14,8040.53,166.44,385.15,4407.58,3743.72,False,
5090,28,21/06/2013,87.28,5661.11,227.29,144.63,4944.18,4958.33,False,
5091,28,28/06/2013,89.94,5170.28,223.74,0.0,4038.9,3655.78,False,
5092,28,05/07/2013,101.95,8886.95,475.89,863.71,14917.43,1655.99,False,
5093,28,12/07/2013,92.61,3984.35,384.58,82.83,3412.92,2436.13,False,
5094,28,19/07/2013,93.75,3412.38,461.15,30.9,1155.84,3527.07,False,
5095,28,26/07/2013,90.27,329.48,150.3,207.2,143.02,1538.97,False,
5096,29,05/02/2010,24.36,0.0,0.0,0.0,0.0,0.0,False,10.064
5097,29,12/02/2010,28.14,0.0,0.0,0.0,0.0,0.0,True,10.064
5098,29,19/02/2010,31.96,0.0,0.0,0.0,0.0,0.0,False,10.064
5099,29,26/02/2010,35.98,0.0,0.0,0.0,0.0,0.0,False,10.064
5100,29,05/03/2010,36.82,0.0,0.0,0.0,0.0,0.0,False,10.064
5101,29,12/03/2010,43.43,0.0,0.0,0.0,0.0,0.0,False,10.064
5102,29,19/03/2010,46.03,0.0,0.0,0.0,0.0,0.0,False,10.064
5103,29,26/03/2010,48.56,0.0,0.0,0.0,0.0,0.0,False,10.064
5104,29,02/04/2010,44.96,0.0,0.0,0.0,0.0,0.0,False,10.16
5105,29,09/04/2010,57.06,0.0,0.0,0.0,0.0,0.0,False,10.16
5106,29,16/04/2010,51.14,0.0,0.0,0.0,0.0,0.0,False,10.16
5107,29,23/04/2010,51.04,0.0,0.0,0.0,0.0,0.0,False,10.16
5108,29,30/04/2010,50.96,0.0,0.0,0.0,0.0,0.0,False,10.16
5109,29,07/05/2010,63.81,0.0,0.0,0.0,0.0,0.0,False,10.16
5110,29,14/05/2010,50.99,0.0,0.0,0.0,0.0,0.0,False,10.16
5111,29,21/05/2010,59.99,0.0,0.0,0.0,0.0,0.0,False,10.16
5112,29,28/05/2010,65.64,0.0,0.0,0.0,0.0,0.0,False,10.16
5113,29,04/06/2010,69.49,0.0,0.0,0.0,0.0,0.0,False,10.16
5114,29,11/06/2010,65.01,0.0,0.0,0.0,0.0,0.0,False,10.16
5115,29,18/06/2010,67.13,0.0,0.0,0.0,0.0,0.0,False,10.16
5116,29,25/06/2010,74.37,0.0,0.0,0.0,0.0,0.0,False,10.16
5117,29,02/07/2010,72.88,0.0,0.0,0.0,0.0,0.0,False,10.409
5118,29,09/07/2010,79.22,0.0,0.0,0.0,0.0,0.0,False,10.409
5119,29,16/07/2010,76.3,0.0,0.0,0.0,0.0,0.0,False,10.409
5120,29,23/07/2010,76.91,0.0,0.0,0.0,0.0,0.0,False,10.409
5121,29,30/07/2010,76.35,0.0,0.0,0.0,0.0,0.0,False,10.409
5122,29,06/08/2010,74.37,0.0,0.0,0.0,0.0,0.0,False,10.409
5123,29,13/08/2010,74.75,0.0,0.0,0.0,0.0,0.0,False,10.409
5124,29,20/08/2010,73.21,0.0,0.0,0.0,0.0,0.0,False,10.409
5125,29,27/08/2010,68.99,0.0,0.0,0.0,0.0,0.0,False,10.409
5126,29,03/09/2010,75.85,0.0,0.0,0.0,0.0,0.0,False,10.409
5127,29,10/09/2010,68.6,0.0,0.0,0.0,0.0,0.0,True,10.409
5128,29,17/09/2010,62.49,0.0,0.0,0.0,0.0,0.0,False,10.409
5129,29,24/09/2010,65.14,0.0,0.0,0.0,0.0,0.0,False,10.409
5130,29,01/10/2010,69.31,0.0,0.0,0.0,0.0,0.0,False,10.524
5131,29,08/10/2010,56.32,0.0,0.0,0.0,0.0,0.0,False,10.524
5132,29,15/10/2010,55.23,0.0,0.0,0.0,0.0,0.0,False,10.524
5133,29,22/10/2010,50.24,0.0,0.0,0.0,0.0,0.0,False,10.524
5134,29,29/10/2010,57.73,0.0,0.0,0.0,0.0,0.0,False,10.524
5135,29,05/11/2010,44.34,0.0,0.0,0.0,0.0,0.0,False,10.524
5136,29,12/11/2010,44.42,0.0,0.0,0.0,0.0,0.0,False,10.524
5137,29,19/11/2010,48.62,0.0,0.0,0.0,0.0,0.0,False,10.524
5138,29,26/11/2010,44.61,0.0,0.0,0.0,0.0,0.0,True,10.524
5139,29,03/12/2010,39.42,0.0,0.0,0.0,0.0,0.0,False,10.524
5140,29,10/12/2010,28.43,0.0,0.0,0.0,0.0,0.0,False,10.524
5141,29,17/12/2010,30.46,0.0,0.0,0.0,0.0,0.0,False,10.524
5142,29,24/12/2010,29.76,0.0,0.0,0.0,0.0,0.0,False,10.524
5143,29,31/12/2010,28.49,0.0,0.0,0.0,0.0,0.0,True,10.524
5144,29,07/01/2011,32.56,0.0,0.0,0.0,0.0,0.0,False,10.256
5145,29,14/01/2011,24.76,0.0,0.0,0.0,0.0,0.0,False,10.256
5146,29,21/01/2011,26.8,0.0,0.0,0.0,0.0,0.0,False,10.256
5147,29,28/01/2011,20.61,0.0,0.0,0.0,0.0,0.0,False,10.256
5148,29,04/02/2011,26.39,0.0,0.0,0.0,0.0,0.0,False,10.256
5149,29,11/02/2011,28.89,0.0,0.0,0.0,0.0,0.0,True,10.256
5150,29,18/02/2011,35.34,0.0,0.0,0.0,0.0,0.0,False,10.256
5151,29,25/02/2011,30.23,0.0,0.0,0.0,0.0,0.0,False,10.256
5152,29,04/03/2011,33.52,0.0,0.0,0.0,0.0,0.0,False,10.256
5153,29,11/03/2011,41.42,0.0,0.0,0.0,0.0,0.0,False,10.256
5154,29,18/03/2011,43.38,0.0,0.0,0.0,0.0,0.0,False,10.256
5155,29,25/03/2011,38.77,0.0,0.0,0.0,0.0,0.0,False,10.256
5156,29,01/04/2011,36.04,0.0,0.0,0.0,0.0,0.0,False,9.966
5157,29,08/04/2011,44.42,0.0,0.0,0.0,0.0,0.0,False,9.966
5158,29,15/04/2011,48.88,0.0,0.0,0.0,0.0,0.0,False,9.966
5159,29,22/04/2011,47.76,0.0,0.0,0.0,0.0,0.0,False,9.966
5160,29,29/04/2011,57.2,0.0,0.0,0.0,0.0,0.0,False,9.966
5161,29,06/05/2011,53.63,0.0,0.0,0.0,0.0,0.0,False,9.966
5162,29,13/05/2011,57.71,0.0,0.0,0.0,0.0,0.0,False,9.966
5163,29,20/05/2011,58.56,0.0,0.0,0.0,0.0,0.0,False,9.966
5164,29,27/05/2011,62.59,0.0,0.0,0.0,0.0,0.0,False,9.966
5165,29,03/06/2011,70.09,0.0,0.0,0.0,0.0,0.0,False,9.966
5166,29,10/06/2011,69.53,0.0,0.0,0.0,0.0,0.0,False,9.966
5167,29,17/06/2011,63.97,0.0,0.0,0.0,0.0,0.0,False,9.966
5168,29,24/06/2011,68.53,0.0,0.0,0.0,0.0,0.0,False,9.966
5169,29,01/07/2011,70.8,0.0,0.0,0.0,0.0,0.0,False,9.863
5170,29,08/07/2011,74.22,0.0,0.0,0.0,0.0,0.0,False,9.863
5171,29,15/07/2011,75.2,0.0,0.0,0.0,0.0,0.0,False,9.863
5172,29,22/07/2011,77.79,0.0,0.0,0.0,0.0,0.0,False,9.863
5173,29,29/07/2011,75.32,0.0,0.0,0.0,0.0,0.0,False,9.863
5174,29,05/08/2011,75.33,0.0,0.0,0.0,0.0,0.0,False,9.863
5175,29,12/08/2011,74.69,0.0,0.0,0.0,0.0,0.0,False,9.863
5176,29,19/08/2011,71.3,0.0,0.0,0.0,0.0,0.0,False,9.863
5177,29,26/08/2011,72.22,0.0,0.0,0.0,0.0,0.0,False,9.863
5178,29,02/09/2011,69.16,0.0,0.0,0.0,0.0,0.0,False,9.863
5179,29,09/09/2011,69.14,0.0,0.0,0.0,0.0,0.0,True,9.863
5180,29,16/09/2011,68.08,0.0,0.0,0.0,0.0,0.0,False,9.863
5181,29,23/09/2011,62.36,0.0,0.0,0.0,0.0,0.0,False,9.863
5182,29,30/09/2011,69.78,0.0,0.0,0.0,0.0,0.0,False,9.863
5183,29,07/10/2011,56.44,0.0,0.0,0.0,0.0,0.0,False,9.357
5184,29,14/10/2011,62.63,0.0,0.0,0.0,0.0,0.0,False,9.357
5185,29,21/10/2011,59.3,0.0,0.0,0.0,0.0,0.0,False,9.357
5186,29,28/10/2011,49.31,0.0,0.0,0.0,0.0,0.0,False,9.357
5187,29,04/11/2011,42.81,0.0,0.0,0.0,0.0,0.0,False,9.357
5188,29,11/11/2011,47.8,8394.65,7331.95,200.28,1292.58,2786.42,False,9.357
5189,29,18/11/2011,50.62,7021.01,967.62,15.97,392.25,5793.48,False,9.357
5190,29,25/11/2011,46.28,122.33,0.0,47289.47,4.0,1179.49,True,9.357
5191,29,02/12/2011,49.11,2167.06,0.0,1457.99,820.49,6387.74,False,9.357
5192,29,09/12/2011,45.35,2597.24,0.0,614.02,499.88,5186.34,False,9.357
5193,29,16/12/2011,39.11,1779.72,0.0,547.17,1211.18,6777.33,False,9.357
5194,29,23/12/2011,39.83,373.34,5.21,676.82,10.5,1730.4,False,9.357
5195,29,30/12/2011,36.28,2168.59,17155.07,47.22,332.96,1792.92,True,9.357
5196,29,06/01/2012,34.61,4557.94,13427.99,9.56,550.78,2053.68,False,8.988
5197,29,13/01/2012,39.0,1789.85,7403.46,0.06,2.5,2512.9,False,8.988
5198,29,20/01/2012,29.16,2021.51,2502.83,4.65,383.01,2842.32,False,8.988
5199,29,27/01/2012,35.68,961.63,2011.62,0.73,117.38,1504.22,False,8.988
5200,29,03/02/2012,40.58,23656.27,2347.13,110.26,11641.23,2548.96,False,8.988
5201,29,10/02/2012,35.68,15679.67,2427.87,4.36,4775.31,4026.33,True,8.988
5202,29,17/02/2012,36.25,7180.13,5665.86,1.76,5185.35,3381.36,False,8.988
5203,29,24/02/2012,39.0,7623.6,3357.2,0.0,3737.6,5024.43,False,8.988
5204,29,02/03/2012,37.47,12783.88,800.94,1.09,6884.75,1699.2,False,8.988
5205,29,09/03/2012,41.72,5564.21,396.61,0.0,531.23,1542.59,False,8.988
5206,29,16/03/2012,46.06,4383.29,94.3,0.99,642.33,1575.61,False,8.988
5207,29,23/03/2012,54.68,2826.57,69.69,2.31,538.94,1177.24,False,8.988
5208,29,30/03/2012,46.4,4713.53,42.04,1.5,266.03,915.19,False,8.988
5209,29,06/04/2012,46.38,9650.62,0.0,10.77,1831.88,4732.84,False,9.14
5210,29,13/04/2012,49.89,2015.59,4370.68,2.75,424.21,1595.7,False,9.14
5211,29,20/04/2012,58.81,2087.5,1908.99,9.68,234.05,1581.26,False,9.14
5212,29,27/04/2012,51.42,1238.43,0.0,6.62,58.84,1407.86,False,9.14
5213,29,04/05/2012,50.75,5067.27,0.0,12.59,1773.6,1695.58,False,9.14
5214,29,11/05/2012,56.72,6606.84,0.0,7.15,477.96,2857.52,False,9.14
5215,29,18/05/2012,61.9,3018.19,0.0,76.29,661.56,597.94,False,9.14
5216,29,25/05/2012,62.39,7467.41,0.0,290.33,309.68,2750.24,False,9.14
5217,29,01/06/2012,70.01,8940.48,0.0,63.86,885.58,2768.33,False,9.14
5218,29,08/06/2012,61.71,5777.3,117.2,23.9,440.62,3946.59,False,9.14
5219,29,15/06/2012,66.56,3861.04,306.6,7.02,89.54,1180.28,False,9.14
5220,29,22/06/2012,70.61,4524.86,492.8,0.99,1745.53,2589.37,False,9.14
5221,29,29/06/2012,70.99,5142.08,329.04,0.27,565.5,1957.42,False,9.14
5222,29,06/07/2012,77.41,5782.33,132.2,30.11,1918.9,4059.51,False,9.419
5223,29,13/07/2012,75.81,3071.52,163.0,22.04,1087.28,656.21,False,9.419
5224,29,20/07/2012,76.57,1142.93,212.35,8.11,368.45,1625.35,False,9.419
5225,29,27/07/2012,73.52,4006.71,190.7,2.17,1656.41,1187.12,False,9.419
5226,29,03/08/2012,72.99,6061.65,149.02,0.0,4925.98,2222.95,False,9.419
5227,29,10/08/2012,76.74,27921.89,341.19,9.08,1673.62,1983.79,False,9.419
5228,29,17/08/2012,74.92,1727.05,167.24,0.3,504.22,1175.37,False,9.419
5229,29,24/08/2012,70.42,2436.31,71.53,1.98,1546.95,1061.4,False,9.419
5230,29,31/08/2012,71.93,5937.04,64.33,26.74,1875.2,1385.34,False,9.419
5231,29,07/09/2012,73.3,6434.83,49.02,42.16,1096.81,3319.92,True,9.419
5232,29,14/09/2012,66.42,5649.87,89.66,4.86,1763.17,4109.45,False,9.419
5233,29,21/09/2012,63.38,2956.4,24.91,4.5,345.81,2110.49,False,9.419
5234,29,28/09/2012,62.17,4039.87,7.91,1.98,687.56,3822.63,False,9.419
5235,29,05/10/2012,62.09,4727.88,0.0,9.12,676.3,1904.05,False,9.151
5236,29,12/10/2012,54.18,2264.29,0.0,6.8,829.39,675.12,False,9.151
5237,29,19/10/2012,55.28,1021.83,0.0,2.28,194.24,3821.21,False,9.151
5238,29,26/10/2012,57.58,5581.8,2.98,0.0,398.23,396.11,False,9.151
5239,29,02/11/2012,54.55,6161.11,3333.61,17.84,1281.79,807.58,False,9.151
5240,29,09/11/2012,40.0,2365.7,3554.12,38.94,493.37,1049.91,False,9.151
5241,29,16/11/2012,45.84,3274.05,821.65,26.46,341.08,2016.7,False,9.151
5242,29,23/11/2012,41.34,257.29,0.0,56888.86,46.8,327.65,True,9.151
5243,29,30/11/2012,37.89,9662.58,0.0,2361.57,1476.42,4082.28,False,9.151
5244,29,07/12/2012,42.13,5600.51,0.0,73.0,807.18,3851.16,False,9.151
5245,29,14/12/2012,42.31,1089.14,0.0,56.0,125.07,1828.21,False,9.151
5246,29,21/12/2012,41.52,2579.86,0.0,235.0,64.23,3165.77,False,9.151
5247,29,28/12/2012,34.8,5771.46,10500.57,350.03,186.82,157.48,True,9.151
5248,29,04/01/2013,29.43,2196.2,14286.35,0.82,42.96,2531.07,False,8.951
5249,29,11/01/2013,36.36,908.65,7854.23,2.66,69.22,1126.49,False,8.951
5250,29,18/01/2013,38.95,1939.5,1780.07,2.96,90.52,1005.06,False,8.951
5251,29,25/01/2013,25.22,589.55,764.19,0.5,3.97,796.07,False,8.951
5252,29,01/02/2013,32.63,6803.76,1190.61,5.1,4060.16,149.87,False,8.951
5253,29,08/02/2013,27.69,42893.1,354.67,146.7,18264.03,1146.15,True,8.951
5254,29,15/02/2013,32.73,3033.25,4673.68,110.0,925.8,3914.86,False,8.951
5255,29,22/02/2013,30.28,14443.78,1340.14,11.56,3671.03,4526.17,False,8.951
5256,29,01/03/2013,38.37,2430.08,327.78,1.2,125.22,598.99,False,8.951
5257,29,08/03/2013,35.39,15921.42,143.4,1.79,2243.32,1381.64,False,8.951
5258,29,15/03/2013,39.87,4850.99,0.0,0.49,1196.12,1057.5,False,8.951
5259,29,22/03/2013,33.55,11679.14,0.0,450.0,1170.62,1039.34,False,8.951
5260,29,29/03/2013,40.87,5183.14,0.0,343.92,16.38,1132.22,False,8.951
5261,29,05/04/2013,41.85,10522.37,1250.96,100.58,1277.17,1335.89,False,8.78
5262,29,12/04/2013,49.5,3169.9,322.07,65.6,480.59,1050.29,False,8.78
5263,29,19/04/2013,50.31,1024.31,123.07,20.0,206.77,642.13,False,8.78
5264,29,26/04/2013,48.72,2316.59,0.0,29.4,87.93,1270.04,False,8.78
5265,29,03/05/2013,53.24,6113.18,4.0,24.61,1794.82,2871.71,False,
5266,29,10/05/2013,55.35,3694.83,66.92,29.34,354.28,6956.88,False,
5267,29,17/05/2013,56.64,5885.5,36.0,15.86,341.95,2145.15,False,
5268,29,24/05/2013,62.01,3703.49,61.0,77.04,1137.25,1869.38,False,
5269,29,31/05/2013,60.39,2577.62,33.41,121.05,56.27,726.67,False,
5270,29,07/06/2013,65.77,9549.69,171.45,173.44,2652.08,3563.94,False,
5271,29,14/06/2013,64.37,3274.68,115.81,262.18,1570.86,1360.61,False,
5272,29,21/06/2013,67.88,1926.74,136.85,81.53,2287.86,1901.5,False,
5273,29,28/06/2013,74.62,4911.94,492.18,3.0,1842.62,1688.61,False,
5274,29,05/07/2013,75.13,6246.33,655.45,111.0,3255.46,755.71,False,
5275,29,12/07/2013,77.78,1864.43,502.49,27.6,840.94,883.78,False,
5276,29,19/07/2013,80.67,3707.14,1010.86,0.0,906.45,546.63,False,
5277,29,26/07/2013,74.25,483.7,851.44,0.0,279.89,776.84,False,
5278,30,05/02/2010,39.05,0.0,0.0,0.0,0.0,0.0,False,8.324
5279,30,12/02/2010,37.77,0.0,0.0,0.0,0.0,0.0,True,8.324
5280,30,19/02/2010,39.75,0.0,0.0,0.0,0.0,0.0,False,8.324
5281,30,26/02/2010,45.31,0.0,0.0,0.0,0.0,0.0,False,8.324
5282,30,05/03/2010,48.61,0.0,0.0,0.0,0.0,0.0,False,8.324
5283,30,12/03/2010,57.1,0.0,0.0,0.0,0.0,0.0,False,8.324
5284,30,19/03/2010,54.68,0.0,0.0,0.0,0.0,0.0,False,8.324
5285,30,26/03/2010,51.66,0.0,0.0,0.0,0.0,0.0,False,8.324
5286,30,02/04/2010,64.12,0.0,0.0,0.0,0.0,0.0,False,8.2
5287,30,09/04/2010,65.74,0.0,0.0,0.0,0.0,0.0,False,8.2
5288,30,16/04/2010,67.87,0.0,0.0,0.0,0.0,0.0,False,8.2
5289,30,23/04/2010,64.21,0.0,0.0,0.0,0.0,0.0,False,8.2
5290,30,30/04/2010,66.93,0.0,0.0,0.0,0.0,0.0,False,8.2
5291,30,07/05/2010,70.87,0.0,0.0,0.0,0.0,0.0,False,8.2
5292,30,14/05/2010,73.08,0.0,0.0,0.0,0.0,0.0,False,8.2
5293,30,21/05/2010,74.24,0.0,0.0,0.0,0.0,0.0,False,8.2
5294,30,28/05/2010,80.94,0.0,0.0,0.0,0.0,0.0,False,8.2
5295,30,04/06/2010,82.68,0.0,0.0,0.0,0.0,0.0,False,8.2
5296,30,11/06/2010,83.51,0.0,0.0,0.0,0.0,0.0,False,8.2
5297,30,18/06/2010,86.18,0.0,0.0,0.0,0.0,0.0,False,8.2
5298,30,25/06/2010,87.01,0.0,0.0,0.0,0.0,0.0,False,8.2
5299,30,02/07/2010,82.29,0.0,0.0,0.0,0.0,0.0,False,8.099
5300,30,09/07/2010,81.67,0.0,0.0,0.0,0.0,0.0,False,8.099
5301,30,16/07/2010,85.61,0.0,0.0,0.0,0.0,0.0,False,8.099
5302,30,23/07/2010,87.17,0.0,0.0,0.0,0.0,0.0,False,8.099
5303,30,30/07/2010,83.59,0.0,0.0,0.0,0.0,0.0,False,8.099
5304,30,06/08/2010,90.3,0.0,0.0,0.0,0.0,0.0,False,8.099
5305,30,13/08/2010,89.65,0.0,0.0,0.0,0.0,0.0,False,8.099
5306,30,20/08/2010,89.58,0.0,0.0,0.0,0.0,0.0,False,8.099
5307,30,27/08/2010,86.2,0.0,0.0,0.0,0.0,0.0,False,8.099
5308,30,03/09/2010,82.57,0.0,0.0,0.0,0.0,0.0,False,8.099
5309,30,10/09/2010,79.3,0.0,0.0,0.0,0.0,0.0,True,8.099
5310,30,17/09/2010,83.03,0.0,0.0,0.0,0.0,0.0,False,8.099
5311,30,24/09/2010,80.79,0.0,0.0,0.0,0.0,0.0,False,8.099
5312,30,01/10/2010,70.28,0.0,0.0,0.0,0.0,0.0,False,8.163
5313,30,08/10/2010,65.76,0.0,0.0,0.0,0.0,0.0,False,8.163
5314,30,15/10/2010,68.61,0.0,0.0,0.0,0.0,0.0,False,8.163
5315,30,22/10/2010,70.72,0.0,0.0,0.0,0.0,0.0,False,8.163
5316,30,29/10/2010,67.51,0.0,0.0,0.0,0.0,0.0,False,8.163
5317,30,05/11/2010,58.71,0.0,0.0,0.0,0.0,0.0,False,8.163
5318,30,12/11/2010,60.95,0.0,0.0,0.0,0.0,0.0,False,8.163
5319,30,19/11/2010,51.71,0.0,0.0,0.0,0.0,0.0,False,8.163
5320,30,26/11/2010,62.96,0.0,0.0,0.0,0.0,0.0,True,8.163
5321,30,03/12/2010,50.43,0.0,0.0,0.0,0.0,0.0,False,8.163
5322,30,10/12/2010,46.35,0.0,0.0,0.0,0.0,0.0,False,8.163
5323,30,17/12/2010,48.63,0.0,0.0,0.0,0.0,0.0,False,8.163
5324,30,24/12/2010,51.29,0.0,0.0,0.0,0.0,0.0,False,8.163
5325,30,31/12/2010,47.19,0.0,0.0,0.0,0.0,0.0,True,8.163
5326,30,07/01/2011,44.24,0.0,0.0,0.0,0.0,0.0,False,8.028
5327,30,14/01/2011,34.14,0.0,0.0,0.0,0.0,0.0,False,8.028
5328,30,21/01/2011,42.72,0.0,0.0,0.0,0.0,0.0,False,8.028
5329,30,28/01/2011,44.04,0.0,0.0,0.0,0.0,0.0,False,8.028
5330,30,04/02/2011,36.33,0.0,0.0,0.0,0.0,0.0,False,8.028
5331,30,11/02/2011,34.61,0.0,0.0,0.0,0.0,0.0,True,8.028
5332,30,18/02/2011,59.87,0.0,0.0,0.0,0.0,0.0,False,8.028
5333,30,25/02/2011,61.27,0.0,0.0,0.0,0.0,0.0,False,8.028
5334,30,04/03/2011,59.52,0.0,0.0,0.0,0.0,0.0,False,8.028
5335,30,11/03/2011,54.69,0.0,0.0,0.0,0.0,0.0,False,8.028
5336,30,18/03/2011,63.26,0.0,0.0,0.0,0.0,0.0,False,8.028
5337,30,25/03/2011,70.33,0.0,0.0,0.0,0.0,0.0,False,8.028
5338,30,01/04/2011,56.36,0.0,0.0,0.0,0.0,0.0,False,7.931
5339,30,08/04/2011,68.62,0.0,0.0,0.0,0.0,0.0,False,7.931
5340,30,15/04/2011,71.01,0.0,0.0,0.0,0.0,0.0,False,7.931
5341,30,22/04/2011,70.79,0.0,0.0,0.0,0.0,0.0,False,7.931
5342,30,29/04/2011,70.19,0.0,0.0,0.0,0.0,0.0,False,7.931
5343,30,06/05/2011,61.87,0.0,0.0,0.0,0.0,0.0,False,7.931
5344,30,13/05/2011,75.04,0.0,0.0,0.0,0.0,0.0,False,7.931
5345,30,20/05/2011,68.36,0.0,0.0,0.0,0.0,0.0,False,7.931
5346,30,27/05/2011,76.86,0.0,0.0,0.0,0.0,0.0,False,7.931
5347,30,03/06/2011,83.82,0.0,0.0,0.0,0.0,0.0,False,7.931
5348,30,10/06/2011,84.71,0.0,0.0,0.0,0.0,0.0,False,7.931
5349,30,17/06/2011,87.54,0.0,0.0,0.0,0.0,0.0,False,7.931
5350,30,24/06/2011,85.72,0.0,0.0,0.0,0.0,0.0,False,7.931
5351,30,01/07/2011,87.57,0.0,0.0,0.0,0.0,0.0,False,7.852
5352,30,08/07/2011,89.16,0.0,0.0,0.0,0.0,0.0,False,7.852
5353,30,15/07/2011,91.05,0.0,0.0,0.0,0.0,0.0,False,7.852
5354,30,22/07/2011,90.27,0.0,0.0,0.0,0.0,0.0,False,7.852
5355,30,29/07/2011,91.56,0.0,0.0,0.0,0.0,0.0,False,7.852
5356,30,05/08/2011,94.22,0.0,0.0,0.0,0.0,0.0,False,7.852
5357,30,12/08/2011,92.32,0.0,0.0,0.0,0.0,0.0,False,7.852
5358,30,19/08/2011,90.11,0.0,0.0,0.0,0.0,0.0,False,7.852
5359,30,26/08/2011,92.07,0.0,0.0,0.0,0.0,0.0,False,7.852
5360,30,02/09/2011,91.94,0.0,0.0,0.0,0.0,0.0,False,7.852
5361,30,09/09/2011,78.87,0.0,0.0,0.0,0.0,0.0,True,7.852
5362,30,16/09/2011,80.62,0.0,0.0,0.0,0.0,0.0,False,7.852
5363,30,23/09/2011,75.68,0.0,0.0,0.0,0.0,0.0,False,7.852
5364,30,30/09/2011,78.91,0.0,0.0,0.0,0.0,0.0,False,7.852
5365,30,07/10/2011,71.64,0.0,0.0,0.0,0.0,0.0,False,7.441
5366,30,14/10/2011,69.79,0.0,0.0,0.0,0.0,0.0,False,7.441
5367,30,21/10/2011,65.16,0.0,0.0,0.0,0.0,0.0,False,7.441
5368,30,28/10/2011,65.46,0.0,0.0,0.0,0.0,0.0,False,7.441
5369,30,04/11/2011,56.01,0.0,0.0,0.0,0.0,0.0,False,7.441
5370,30,11/11/2011,59.8,42.28,276.94,14.54,0.0,3508.88,False,7.441
5371,30,18/11/2011,61.9,679.88,97.38,0.0,38.35,1143.98,False,7.441
5372,30,25/11/2011,56.43,19.97,0.0,0.0,0.0,477.74,True,7.441
5373,30,02/12/2011,48.72,23.47,0.0,4.7,0.0,1257.19,False,7.441
5374,30,09/12/2011,41.44,1.5,0.0,3.41,0.0,1774.78,False,7.441
5375,30,16/12/2011,50.56,0.0,0.0,11.1,0.0,602.44,False,7.441
5376,30,23/12/2011,46.54,245.83,0.0,12.5,2.52,2951.23,False,7.441
5377,30,30/12/2011,45.16,782.67,2027.77,0.0,35.28,239.99,True,7.441
5378,30,06/01/2012,48.1,594.21,1905.66,91.16,4.92,855.1,False,7.057
5379,30,13/01/2012,45.0,157.23,452.88,51.64,0.0,916.52,False,7.057
5380,30,20/01/2012,52.21,1084.35,3.47,36.96,0.0,344.93,False,7.057
5381,30,27/01/2012,50.79,246.62,0.0,49.06,42.84,421.39,False,7.057
5382,30,03/02/2012,55.83,843.22,2.82,64.81,192.66,2393.21,False,7.057
5383,30,10/02/2012,46.52,2098.64,4.0,52.55,0.0,1923.82,True,7.057
5384,30,17/02/2012,45.03,95.88,745.13,11.88,0.0,2043.43,False,7.057
5385,30,24/02/2012,54.81,1192.83,557.62,0.0,13.5,1342.2,False,7.057
5386,30,02/03/2012,59.3,1080.76,0.02,1.39,63.5,1031.3,False,7.057
5387,30,09/03/2012,57.16,639.83,0.0,0.49,144.18,3286.61,False,7.057
5388,30,16/03/2012,63.39,301.14,0.0,0.0,0.0,2536.55,False,7.057
5389,30,23/03/2012,62.96,349.9,0.5,0.34,0.0,2099.05,False,7.057
5390,30,30/03/2012,67.87,380.37,0.5,0.0,0.0,1080.75,False,7.057
5391,30,06/04/2012,69.02,21.39,0.0,4.09,0.0,2364.16,False,6.891
5392,30,13/04/2012,69.03,48.96,856.15,12.0,0.0,699.85,False,6.891
5393,30,20/04/2012,66.97,72.85,692.6,0.7,0.0,369.74,False,6.891
5394,30,27/04/2012,69.21,60.07,0.0,3.21,0.0,1112.14,False,6.891
5395,30,04/05/2012,77.53,1136.36,0.0,19.09,14.33,2003.64,False,6.891
5396,30,11/05/2012,74.14,701.89,0.0,2.28,0.0,1487.23,False,6.891
5397,30,18/05/2012,72.42,57.13,0.0,0.0,0.0,857.91,False,6.891
5398,30,25/05/2012,79.49,175.64,0.0,0.0,0.0,2534.54,False,6.891
5399,30,01/06/2012,79.24,553.39,0.0,0.0,0.0,7048.24,False,6.891
5400,30,08/06/2012,79.47,359.6,0.0,3.75,0.0,3721.71,False,6.891
5401,30,15/06/2012,81.51,370.16,0.0,3.01,10.16,1042.83,False,6.891
5402,30,22/06/2012,81.78,292.53,0.0,0.0,0.0,3749.16,False,6.891
5403,30,29/06/2012,88.05,57.9,0.0,0.0,0.0,1773.54,False,6.891
5404,30,06/07/2012,85.26,799.32,0.0,2.35,2.96,2510.56,False,6.565
5405,30,13/07/2012,82.51,200.86,0.0,4.08,0.0,7547.27,False,6.565
5406,30,20/07/2012,84.25,164.49,0.0,2.82,0.0,2012.83,False,6.565
5407,30,27/07/2012,88.09,92.13,0.0,0.24,0.0,3727.76,False,6.565
5408,30,03/08/2012,91.57,283.01,0.0,2.46,1.88,2833.5,False,6.565
5409,30,10/08/2012,89.57,971.97,0.0,1.03,52.96,2168.04,False,6.565
5410,30,17/08/2012,85.55,168.82,0.0,2.13,0.0,1321.3,False,6.565
5411,30,24/08/2012,77.72,338.75,0.0,6.52,10.05,1731.98,False,6.565
5412,30,31/08/2012,83.58,394.74,0.0,4.9,134.07,1892.82,False,6.565
5413,30,07/09/2012,88.4,223.74,0.0,124.14,33.14,1987.38,True,6.565
5414,30,14/09/2012,76.1,1085.92,0.0,29.23,0.0,2115.61,False,6.565
5415,30,21/09/2012,71.54,1046.34,0.0,0.0,69.2,1258.49,False,6.565
5416,30,28/09/2012,80.38,212.08,0.0,0.0,0.0,1525.32,False,6.565
5417,30,05/10/2012,70.28,0.0,0.0,3.02,0.0,755.8,False,6.17
5418,30,12/10/2012,61.53,15.88,0.0,5.2,0.0,3374.4,False,6.17
5419,30,19/10/2012,68.52,37.11,0.0,0.15,0.0,1030.33,False,6.17
5420,30,26/10/2012,70.5,150.46,1.75,0.0,0.0,367.83,False,6.17
5421,30,02/11/2012,56.96,8.62,98.75,25.29,0.0,831.27,False,6.17
5422,30,09/11/2012,63.81,192.04,490.12,2.58,0.0,1031.37,False,6.17
5423,30,16/11/2012,54.06,201.03,52.11,13.61,0.0,1321.18,False,6.17
5424,30,23/11/2012,58.85,5.76,0.0,4.14,0.0,134.47,True,6.17
5425,30,30/11/2012,53.59,302.68,0.0,0.0,0.63,759.72,False,6.17
5426,30,07/12/2012,64.28,37.83,0.0,0.45,0.0,581.44,False,6.17
5427,30,14/12/2012,47.55,840.45,0.0,0.49,0.0,2913.69,False,6.17
5428,30,21/12/2012,55.81,253.4,0.0,3.1,0.0,324.12,False,6.17
5429,30,28/12/2012,41.89,562.04,1295.25,1.42,0.0,406.24,True,6.17
5430,30,04/01/2013,39.19,159.86,1410.45,1.56,0.0,1132.67,False,6.237
5431,30,11/01/2013,47.52,709.31,697.1,0.26,0.0,832.67,False,6.237
5432,30,18/01/2013,41.19,1546.23,405.06,0.0,0.0,632.65,False,6.237
5433,30,25/01/2013,52.38,9.59,18.32,0.0,0.0,290.47,False,6.237
5434,30,01/02/2013,55.38,1019.93,11.72,16.6,36.53,647.71,False,6.237
5435,30,08/02/2013,57.87,1954.39,14.6,7.21,4.46,1173.96,True,6.237
5436,30,15/02/2013,50.02,4928.11,484.77,0.36,84.8,533.64,False,6.237
5437,30,22/02/2013,49.09,-2781.45,297.3,0.0,0.0,791.67,False,6.237
5438,30,01/03/2013,46.28,1198.18,6.28,0.0,22.44,767.62,False,6.237
5439,30,08/03/2013,52.76,3041.11,0.0,47.01,236.56,877.24,False,6.237
5440,30,15/03/2013,56.28,40.49,0.0,7.37,50.31,1073.71,False,6.237
5441,30,22/03/2013,61.41,955.58,0.0,0.0,6.72,945.27,False,6.237
5442,30,29/03/2013,51.35,227.37,0.0,2.79,0.0,440.01,False,6.237
5443,30,05/04/2013,58.8,849.0,490.11,13.47,0.0,1440.09,False,6.112
5444,30,12/04/2013,61.27,656.65,559.7,1.33,56.7,683.06,False,6.112
5445,30,19/04/2013,67.52,827.91,47.22,0.0,183.18,1245.14,False,6.112
5446,30,26/04/2013,58.66,29.25,0.0,0.0,0.0,184.55,False,6.112
5447,30,03/05/2013,65.51,66.63,0.0,25.23,17.65,706.38,False,
5448,30,10/05/2013,65.62,915.38,0.0,9.83,0.0,832.81,False,
5449,30,17/05/2013,71.98,365.84,0.0,0.18,0.0,1125.12,False,
5450,30,24/05/2013,77.24,947.72,0.0,6.17,0.0,1680.16,False,
5451,30,31/05/2013,77.81,232.08,0.0,3.56,0.0,493.67,False,
5452,30,07/06/2013,77.38,268.61,0.0,3.87,0.0,1057.7,False,
5453,30,14/06/2013,81.91,225.14,0.0,6.98,0.0,4268.56,False,
5454,30,21/06/2013,82.27,298.35,0.0,0.0,0.0,1009.26,False,
5455,30,28/06/2013,86.8,1063.88,0.0,0.0,0.0,845.76,False,
5456,30,05/07/2013,81.2,378.21,0.0,21.35,0.0,856.0,False,
5457,30,12/07/2013,87.3,466.05,0.0,1.71,0.0,188.57,False,
5458,30,19/07/2013,79.15,189.49,0.0,5.1,0.0,664.65,False,
5459,30,26/07/2013,85.0,35.08,0.0,0.5,0.0,525.63,False,
5460,31,05/02/2010,39.05,0.0,0.0,0.0,0.0,0.0,False,8.324
5461,31,12/02/2010,37.77,0.0,0.0,0.0,0.0,0.0,True,8.324
5462,31,19/02/2010,39.75,0.0,0.0,0.0,0.0,0.0,False,8.324
5463,31,26/02/2010,45.31,0.0,0.0,0.0,0.0,0.0,False,8.324
5464,31,05/03/2010,48.61,0.0,0.0,0.0,0.0,0.0,False,8.324
5465,31,12/03/2010,57.1,0.0,0.0,0.0,0.0,0.0,False,8.324
5466,31,19/03/2010,54.68,0.0,0.0,0.0,0.0,0.0,False,8.324
5467,31,26/03/2010,51.66,0.0,0.0,0.0,0.0,0.0,False,8.324
5468,31,02/04/2010,64.12,0.0,0.0,0.0,0.0,0.0,False,8.2
5469,31,09/04/2010,65.74,0.0,0.0,0.0,0.0,0.0,False,8.2
5470,31,16/04/2010,67.87,0.0,0.0,0.0,0.0,0.0,False,8.2
5471,31,23/04/2010,64.21,0.0,0.0,0.0,0.0,0.0,False,8.2
5472,31,30/04/2010,66.93,0.0,0.0,0.0,0.0,0.0,False,8.2
5473,31,07/05/2010,70.87,0.0,0.0,0.0,0.0,0.0,False,8.2
5474,31,14/05/2010,73.08,0.0,0.0,0.0,0.0,0.0,False,8.2
5475,31,21/05/2010,74.24,0.0,0.0,0.0,0.0,0.0,False,8.2
5476,31,28/05/2010,80.94,0.0,0.0,0.0,0.0,0.0,False,8.2
5477,31,04/06/2010,82.68,0.0,0.0,0.0,0.0,0.0,False,8.2
5478,31,11/06/2010,83.51,0.0,0.0,0.0,0.0,0.0,False,8.2
5479,31,18/06/2010,86.18,0.0,0.0,0.0,0.0,0.0,False,8.2
5480,31,25/06/2010,87.01,0.0,0.0,0.0,0.0,0.0,False,8.2
5481,31,02/07/2010,82.29,0.0,0.0,0.0,0.0,0.0,False,8.099
5482,31,09/07/2010,81.67,0.0,0.0,0.0,0.0,0.0,False,8.099
5483,31,16/07/2010,85.61,0.0,0.0,0.0,0.0,0.0,False,8.099
5484,31,23/07/2010,87.17,0.0,0.0,0.0,0.0,0.0,False,8.099
5485,31,30/07/2010,83.59,0.0,0.0,0.0,0.0,0.0,False,8.099
5486,31,06/08/2010,90.3,0.0,0.0,0.0,0.0,0.0,False,8.099
5487,31,13/08/2010,89.65,0.0,0.0,0.0,0.0,0.0,False,8.099
5488,31,20/08/2010,89.58,0.0,0.0,0.0,0.0,0.0,False,8.099
5489,31,27/08/2010,86.2,0.0,0.0,0.0,0.0,0.0,False,8.099
5490,31,03/09/2010,82.57,0.0,0.0,0.0,0.0,0.0,False,8.099
5491,31,10/09/2010,79.3,0.0,0.0,0.0,0.0,0.0,True,8.099
5492,31,17/09/2010,83.03,0.0,0.0,0.0,0.0,0.0,False,8.099
5493,31,24/09/2010,80.79,0.0,0.0,0.0,0.0,0.0,False,8.099
5494,31,01/10/2010,70.28,0.0,0.0,0.0,0.0,0.0,False,8.163
5495,31,08/10/2010,65.76,0.0,0.0,0.0,0.0,0.0,False,8.163
5496,31,15/10/2010,68.61,0.0,0.0,0.0,0.0,0.0,False,8.163
5497,31,22/10/2010,70.72,0.0,0.0,0.0,0.0,0.0,False,8.163
5498,31,29/10/2010,67.51,0.0,0.0,0.0,0.0,0.0,False,8.163
5499,31,05/11/2010,58.71,0.0,0.0,0.0,0.0,0.0,False,8.163
5500,31,12/11/2010,60.95,0.0,0.0,0.0,0.0,0.0,False,8.163
5501,31,19/11/2010,51.71,0.0,0.0,0.0,0.0,0.0,False,8.163
5502,31,26/11/2010,62.96,0.0,0.0,0.0,0.0,0.0,True,8.163
5503,31,03/12/2010,50.43,0.0,0.0,0.0,0.0,0.0,False,8.163
5504,31,10/12/2010,46.35,0.0,0.0,0.0,0.0,0.0,False,8.163
5505,31,17/12/2010,48.63,0.0,0.0,0.0,0.0,0.0,False,8.163
5506,31,24/12/2010,51.29,0.0,0.0,0.0,0.0,0.0,False,8.163
5507,31,31/12/2010,47.19,0.0,0.0,0.0,0.0,0.0,True,8.163
5508,31,07/01/2011,44.24,0.0,0.0,0.0,0.0,0.0,False,8.028
5509,31,14/01/2011,34.14,0.0,0.0,0.0,0.0,0.0,False,8.028
5510,31,21/01/2011,42.72,0.0,0.0,0.0,0.0,0.0,False,8.028
5511,31,28/01/2011,44.04,0.0,0.0,0.0,0.0,0.0,False,8.028
5512,31,04/02/2011,36.33,0.0,0.0,0.0,0.0,0.0,False,8.028
5513,31,11/02/2011,34.61,0.0,0.0,0.0,0.0,0.0,True,8.028
5514,31,18/02/2011,59.87,0.0,0.0,0.0,0.0,0.0,False,8.028
5515,31,25/02/2011,61.27,0.0,0.0,0.0,0.0,0.0,False,8.028
5516,31,04/03/2011,59.52,0.0,0.0,0.0,0.0,0.0,False,8.028
5517,31,11/03/2011,54.69,0.0,0.0,0.0,0.0,0.0,False,8.028
5518,31,18/03/2011,63.26,0.0,0.0,0.0,0.0,0.0,False,8.028
5519,31,25/03/2011,70.33,0.0,0.0,0.0,0.0,0.0,False,8.028
5520,31,01/04/2011,56.36,0.0,0.0,0.0,0.0,0.0,False,7.931
5521,31,08/04/2011,68.62,0.0,0.0,0.0,0.0,0.0,False,7.931
5522,31,15/04/2011,71.01,0.0,0.0,0.0,0.0,0.0,False,7.931
5523,31,22/04/2011,70.79,0.0,0.0,0.0,0.0,0.0,False,7.931
5524,31,29/04/2011,70.19,0.0,0.0,0.0,0.0,0.0,False,7.931
5525,31,06/05/2011,61.87,0.0,0.0,0.0,0.0,0.0,False,7.931
5526,31,13/05/2011,75.04,0.0,0.0,0.0,0.0,0.0,False,7.931
5527,31,20/05/2011,68.36,0.0,0.0,0.0,0.0,0.0,False,7.931
5528,31,27/05/2011,76.86,0.0,0.0,0.0,0.0,0.0,False,7.931
5529,31,03/06/2011,83.82,0.0,0.0,0.0,0.0,0.0,False,7.931
5530,31,10/06/2011,84.71,0.0,0.0,0.0,0.0,0.0,False,7.931
5531,31,17/06/2011,87.54,0.0,0.0,0.0,0.0,0.0,False,7.931
5532,31,24/06/2011,85.72,0.0,0.0,0.0,0.0,0.0,False,7.931
5533,31,01/07/2011,87.57,0.0,0.0,0.0,0.0,0.0,False,7.852
5534,31,08/07/2011,89.16,0.0,0.0,0.0,0.0,0.0,False,7.852
5535,31,15/07/2011,91.05,0.0,0.0,0.0,0.0,0.0,False,7.852
5536,31,22/07/2011,90.27,0.0,0.0,0.0,0.0,0.0,False,7.852
5537,31,29/07/2011,91.56,0.0,0.0,0.0,0.0,0.0,False,7.852
5538,31,05/08/2011,94.22,0.0,0.0,0.0,0.0,0.0,False,7.852
5539,31,12/08/2011,92.32,0.0,0.0,0.0,0.0,0.0,False,7.852
5540,31,19/08/2011,90.11,0.0,0.0,0.0,0.0,0.0,False,7.852
5541,31,26/08/2011,92.07,0.0,0.0,0.0,0.0,0.0,False,7.852
5542,31,02/09/2011,91.94,0.0,0.0,0.0,0.0,0.0,False,7.852
5543,31,09/09/2011,78.87,0.0,0.0,0.0,0.0,0.0,True,7.852
5544,31,16/09/2011,80.62,0.0,0.0,0.0,0.0,0.0,False,7.852
5545,31,23/09/2011,75.68,0.0,0.0,0.0,0.0,0.0,False,7.852
5546,31,30/09/2011,78.91,0.0,0.0,0.0,0.0,0.0,False,7.852
5547,31,07/10/2011,71.64,0.0,0.0,0.0,0.0,0.0,False,7.441
5548,31,14/10/2011,69.79,0.0,0.0,0.0,0.0,0.0,False,7.441
5549,31,21/10/2011,65.16,0.0,0.0,0.0,0.0,0.0,False,7.441
5550,31,28/10/2011,65.46,0.0,0.0,0.0,0.0,0.0,False,7.441
5551,31,04/11/2011,56.01,0.0,0.0,0.0,0.0,0.0,False,7.441
5552,31,11/11/2011,59.8,25879.08,8716.86,163.33,3983.24,7898.07,False,7.441
5553,31,18/11/2011,61.9,6756.03,591.76,71.38,462.18,12533.58,False,7.441
5554,31,25/11/2011,56.43,403.7,92.35,40307.29,95.5,492.36,True,7.441
5555,31,02/12/2011,48.72,5425.3,96.94,1100.35,2779.95,24475.38,False,7.441
5556,31,09/12/2011,41.44,2876.83,11.87,471.16,1915.49,11604.37,False,7.441
5557,31,16/12/2011,50.56,1263.97,47.0,477.99,566.44,5199.2,False,7.441
5558,31,23/12/2011,46.54,2240.27,18.26,974.28,86.0,6207.39,False,7.441
5559,31,30/12/2011,45.16,6123.19,24716.69,114.74,845.42,3413.9,True,7.441
5560,31,06/01/2012,48.1,6105.78,25953.41,91.69,1254.6,6256.02,False,7.057
5561,31,13/01/2012,45.0,4371.53,14136.14,54.52,719.85,3942.03,False,7.057
5562,31,20/01/2012,52.21,3918.1,2626.22,74.41,167.56,3302.94,False,7.057
5563,31,27/01/2012,50.79,2391.52,1189.61,50.82,313.76,4791.34,False,7.057
5564,31,03/02/2012,55.83,60394.73,2578.65,128.54,33529.14,7737.46,False,7.057
5565,31,10/02/2012,46.52,16946.96,3789.56,83.24,11187.79,8316.25,True,7.057
5566,31,17/02/2012,45.03,13158.2,6689.78,10.34,6529.43,7435.73,False,7.057
5567,31,24/02/2012,54.81,12329.67,4657.57,5.3,1538.63,5781.58,False,7.057
5568,31,02/03/2012,59.3,21236.34,1039.56,26.38,11668.85,7948.31,False,7.057
5569,31,09/03/2012,57.16,6284.13,768.91,2.69,1051.13,8527.38,False,7.057
5570,31,16/03/2012,63.39,6738.65,801.74,8.13,2047.38,7905.67,False,7.057
5571,31,23/03/2012,62.96,4783.0,70.51,2.38,837.58,6900.79,False,7.057
5572,31,30/03/2012,67.87,9546.49,584.62,-1.0,1334.23,3691.1,False,7.057
5573,31,06/04/2012,69.02,12625.17,399.0,21.86,3623.01,16629.1,False,6.891
5574,31,13/04/2012,69.03,6352.11,4720.65,13.89,1482.03,3076.8,False,6.891
5575,31,20/04/2012,66.97,8373.31,645.86,16.05,311.94,7709.86,False,6.891
5576,31,27/04/2012,69.21,2973.44,-0.91,10.16,542.5,9196.82,False,6.891
5577,31,04/05/2012,77.53,13819.53,0.0,116.3,4932.07,4528.81,False,6.891
5578,31,11/05/2012,74.14,13797.91,0.0,8.64,2960.85,3794.93,False,6.891
5579,31,18/05/2012,72.42,8569.82,0.0,47.39,719.88,17903.64,False,6.891
5580,31,25/05/2012,79.49,12146.84,0.0,488.13,2066.74,5802.72,False,6.891
5581,31,01/06/2012,79.24,10969.38,0.0,378.31,2706.46,3236.46,False,6.891
5582,31,08/06/2012,79.47,6401.42,0.0,1.01,744.86,7363.36,False,6.891
5583,31,15/06/2012,81.51,7348.68,0.0,2.85,2541.21,5428.08,False,6.891
5584,31,22/06/2012,81.78,6139.82,26.0,4.33,3613.14,8954.0,False,6.891
5585,31,29/06/2012,88.05,5659.29,7.6,0.0,408.59,6001.91,False,6.891
5586,31,06/07/2012,85.26,6801.13,1.95,36.15,3120.41,3975.98,False,6.565
5587,31,13/07/2012,82.51,7013.13,2.1,29.35,3542.2,10462.74,False,6.565
5588,31,20/07/2012,84.25,2331.17,10.59,13.74,2475.94,5588.47,False,6.565
5589,31,27/07/2012,88.09,6694.25,35.94,7.2,8201.22,11721.11,False,6.565
5590,31,03/08/2012,91.57,22694.34,15.96,76.19,14090.47,8759.63,False,6.565
5591,31,10/08/2012,89.57,15098.61,18.96,57.04,4709.17,6169.55,False,6.565
5592,31,17/08/2012,85.55,2920.56,40.96,0.01,3529.36,4049.09,False,6.565
5593,31,24/08/2012,77.72,6690.73,25.88,0.01,4768.97,7329.68,False,6.565
5594,31,31/08/2012,83.58,20970.7,27.94,79.4,8977.02,17926.84,False,6.565
5595,31,07/09/2012,88.4,13401.91,61.94,511.63,2215.91,3508.73,True,6.565
5596,31,14/09/2012,76.1,11871.81,11.76,112.13,1166.35,6254.74,False,6.565
5597,31,21/09/2012,71.54,9618.53,65.82,21.48,1203.78,13987.79,False,6.565
5598,31,28/09/2012,80.38,6570.37,16.73,0.15,354.35,7577.57,False,6.565
5599,31,05/10/2012,70.28,3155.26,0.0,25.01,4822.44,7109.64,False,6.17
5600,31,12/10/2012,61.53,7504.95,0.0,9.89,273.21,9095.96,False,6.17
5601,31,19/10/2012,68.52,2432.45,0.0,14.89,1202.44,9394.54,False,6.17
5602,31,26/10/2012,70.5,10768.84,50.54,104.5,345.37,6629.51,False,6.17
5603,31,02/11/2012,56.96,15868.72,5131.81,35.36,10973.65,10430.56,False,6.17
5604,31,09/11/2012,63.81,6512.13,4691.45,27.06,605.63,4158.58,False,6.17
5605,31,16/11/2012,54.06,22494.62,2669.55,50.17,1305.41,12568.29,False,6.17
5606,31,23/11/2012,58.85,1958.14,25.68,48781.17,806.49,2839.02,True,6.17
5607,31,30/11/2012,53.59,2131.77,0.0,6362.05,200.23,8078.24,False,6.17
5608,31,07/12/2012,64.28,8019.86,0.0,184.99,1551.1,11109.01,False,6.17
5609,31,14/12/2012,47.55,2340.42,0.0,49.0,664.72,17913.43,False,6.17
5610,31,21/12/2012,55.81,6775.94,82.92,327.0,29.22,2587.0,False,6.17
5611,31,28/12/2012,41.89,10796.47,20982.96,277.8,345.16,6682.35,True,6.17
5612,31,04/01/2013,39.19,5388.03,36215.68,16.55,46.84,4363.17,False,6.237
5613,31,11/01/2013,47.52,4170.11,23890.49,1.43,593.56,7625.62,False,6.237
5614,31,18/01/2013,41.19,12178.73,3957.08,4.83,1874.02,4166.06,False,6.237
5615,31,25/01/2013,52.38,7519.3,1590.48,0.0,833.44,14492.62,False,6.237
5616,31,01/02/2013,55.38,7274.06,1251.26,241.2,17456.21,6309.5,False,6.237
5617,31,08/02/2013,57.87,65757.57,952.29,188.33,37419.47,6328.43,True,6.237
5618,31,15/02/2013,50.02,19129.05,2539.21,153.56,3163.22,6374.79,False,6.237
5619,31,22/02/2013,49.09,9730.09,3698.37,19.16,3498.32,10601.64,False,6.237
5620,31,01/03/2013,46.28,9223.83,276.82,10.8,155.46,6554.7,False,6.237
5621,31,08/03/2013,52.76,20026.11,158.49,94.54,4008.08,6719.43,False,6.237
5622,31,15/03/2013,56.28,7996.23,0.0,20.84,2558.4,3142.83,False,6.237
5623,31,22/03/2013,61.41,14506.57,0.0,446.0,1823.97,3889.96,False,6.237
5624,31,29/03/2013,51.35,15325.04,0.0,479.81,51.87,1950.88,False,6.237
5625,31,05/04/2013,58.8,18894.06,3226.56,351.03,405.82,6611.59,False,6.112
5626,31,12/04/2013,61.27,4766.17,3167.97,81.5,196.65,2507.11,False,6.112
5627,31,19/04/2013,67.52,8848.14,792.6,84.09,937.55,3468.14,False,6.112
5628,31,26/04/2013,58.66,2549.01,0.0,132.1,295.71,15316.24,False,6.112
5629,31,03/05/2013,65.51,4148.59,12.0,91.61,3630.99,7210.37,False,
5630,31,10/05/2013,65.62,8070.41,115.0,35.35,2238.23,8929.49,False,
5631,31,17/05/2013,71.98,10333.55,254.0,18.4,1140.03,18878.54,False,
5632,31,24/05/2013,77.24,14865.93,128.06,532.69,1939.08,6779.21,False,
5633,31,31/05/2013,77.81,25080.22,109.36,525.14,24.45,8455.15,False,
5634,31,07/06/2013,77.38,16744.76,95.08,320.98,6625.01,6314.88,False,
5635,31,14/06/2013,81.91,9403.81,114.8,209.43,1674.31,6337.12,False,
5636,31,21/06/2013,82.27,9405.43,107.42,95.7,4309.43,2897.47,False,
5637,31,28/06/2013,86.8,6352.6,115.62,5.0,641.92,13981.67,False,
5638,31,05/07/2013,81.2,13839.91,209.78,603.52,10909.95,4504.33,False,
5639,31,12/07/2013,87.3,5835.28,349.75,99.18,2049.02,5626.39,False,
5640,31,19/07/2013,79.15,12412.55,208.2,58.7,3486.45,2069.24,False,
5641,31,26/07/2013,85.0,1394.82,138.71,12.0,970.77,6859.07,False,
5642,32,05/02/2010,34.43,0.0,0.0,0.0,0.0,0.0,False,9.014
5643,32,12/02/2010,28.09,0.0,0.0,0.0,0.0,0.0,True,9.014
5644,32,19/02/2010,29.16,0.0,0.0,0.0,0.0,0.0,False,9.014
5645,32,26/02/2010,26.64,0.0,0.0,0.0,0.0,0.0,False,9.014
5646,32,05/03/2010,37.72,0.0,0.0,0.0,0.0,0.0,False,9.014
5647,32,12/03/2010,39.88,0.0,0.0,0.0,0.0,0.0,False,9.014
5648,32,19/03/2010,42.43,0.0,0.0,0.0,0.0,0.0,False,9.014
5649,32,26/03/2010,36.59,0.0,0.0,0.0,0.0,0.0,False,9.014
5650,32,02/04/2010,48.28,0.0,0.0,0.0,0.0,0.0,False,8.963
5651,32,09/04/2010,44.88,0.0,0.0,0.0,0.0,0.0,False,8.963
5652,32,16/04/2010,53.49,0.0,0.0,0.0,0.0,0.0,False,8.963
5653,32,23/04/2010,50.06,0.0,0.0,0.0,0.0,0.0,False,8.963
5654,32,30/04/2010,47.51,0.0,0.0,0.0,0.0,0.0,False,8.963
5655,32,07/05/2010,48.94,0.0,0.0,0.0,0.0,0.0,False,8.963
5656,32,14/05/2010,46.42,0.0,0.0,0.0,0.0,0.0,False,8.963
5657,32,21/05/2010,55.89,0.0,0.0,0.0,0.0,0.0,False,8.963
5658,32,28/05/2010,64.69,0.0,0.0,0.0,0.0,0.0,False,8.963
5659,32,04/06/2010,66.69,0.0,0.0,0.0,0.0,0.0,False,8.963
5660,32,11/06/2010,70.86,0.0,0.0,0.0,0.0,0.0,False,8.963
5661,32,18/06/2010,60.94,0.0,0.0,0.0,0.0,0.0,False,8.963
5662,32,25/06/2010,72.42,0.0,0.0,0.0,0.0,0.0,False,8.963
5663,32,02/07/2010,74.74,0.0,0.0,0.0,0.0,0.0,False,9.017
5664,32,09/07/2010,67.55,0.0,0.0,0.0,0.0,0.0,False,9.017
5665,32,16/07/2010,76.2,0.0,0.0,0.0,0.0,0.0,False,9.017
5666,32,23/07/2010,75.69,0.0,0.0,0.0,0.0,0.0,False,9.017
5667,32,30/07/2010,75.62,0.0,0.0,0.0,0.0,0.0,False,9.017
5668,32,06/08/2010,72.95,0.0,0.0,0.0,0.0,0.0,False,9.017
5669,32,13/08/2010,74.97,0.0,0.0,0.0,0.0,0.0,False,9.017
5670,32,20/08/2010,71.46,0.0,0.0,0.0,0.0,0.0,False,9.017
5671,32,27/08/2010,74.95,0.0,0.0,0.0,0.0,0.0,False,9.017
5672,32,03/09/2010,70.2,0.0,0.0,0.0,0.0,0.0,False,9.017
5673,32,10/09/2010,68.44,0.0,0.0,0.0,0.0,0.0,True,9.017
5674,32,17/09/2010,67.17,0.0,0.0,0.0,0.0,0.0,False,9.017
5675,32,24/09/2010,64.19,0.0,0.0,0.0,0.0,0.0,False,9.017
5676,32,01/10/2010,66.14,0.0,0.0,0.0,0.0,0.0,False,9.137
5677,32,08/10/2010,61.81,0.0,0.0,0.0,0.0,0.0,False,9.137
5678,32,15/10/2010,52.96,0.0,0.0,0.0,0.0,0.0,False,9.137
5679,32,22/10/2010,52.3,0.0,0.0,0.0,0.0,0.0,False,9.137
5680,32,29/10/2010,45.45,0.0,0.0,0.0,0.0,0.0,False,9.137
5681,32,05/11/2010,49.2,0.0,0.0,0.0,0.0,0.0,False,9.137
5682,32,12/11/2010,42.3,0.0,0.0,0.0,0.0,0.0,False,9.137
5683,32,19/11/2010,36.24,0.0,0.0,0.0,0.0,0.0,False,9.137
5684,32,26/11/2010,29.97,0.0,0.0,0.0,0.0,0.0,True,9.137
5685,32,03/12/2010,35.18,0.0,0.0,0.0,0.0,0.0,False,9.137
5686,32,10/12/2010,36.62,0.0,0.0,0.0,0.0,0.0,False,9.137
5687,32,17/12/2010,36.07,0.0,0.0,0.0,0.0,0.0,False,9.137
5688,32,24/12/2010,30.72,0.0,0.0,0.0,0.0,0.0,False,9.137
5689,32,31/12/2010,27.7,0.0,0.0,0.0,0.0,0.0,True,9.137
5690,32,07/01/2011,23.78,0.0,0.0,0.0,0.0,0.0,False,8.818
5691,32,14/01/2011,21.69,0.0,0.0,0.0,0.0,0.0,False,8.818
5692,32,21/01/2011,34.54,0.0,0.0,0.0,0.0,0.0,False,8.818
5693,32,28/01/2011,34.86,0.0,0.0,0.0,0.0,0.0,False,8.818
5694,32,04/02/2011,15.47,0.0,0.0,0.0,0.0,0.0,False,8.818
5695,32,11/02/2011,18.51,0.0,0.0,0.0,0.0,0.0,True,8.818
5696,32,18/02/2011,42.09,0.0,0.0,0.0,0.0,0.0,False,8.818
5697,32,25/02/2011,33.0,0.0,0.0,0.0,0.0,0.0,False,8.818
5698,32,04/03/2011,39.17,0.0,0.0,0.0,0.0,0.0,False,8.818
5699,32,11/03/2011,36.51,0.0,0.0,0.0,0.0,0.0,False,8.818
5700,32,18/03/2011,45.25,0.0,0.0,0.0,0.0,0.0,False,8.818
5701,32,25/03/2011,46.7,0.0,0.0,0.0,0.0,0.0,False,8.818
5702,32,01/04/2011,44.83,0.0,0.0,0.0,0.0,0.0,False,8.595
5703,32,08/04/2011,48.81,0.0,0.0,0.0,0.0,0.0,False,8.595
5704,32,15/04/2011,45.97,0.0,0.0,0.0,0.0,0.0,False,8.595
5705,32,22/04/2011,48.69,0.0,0.0,0.0,0.0,0.0,False,8.595
5706,32,29/04/2011,44.86,0.0,0.0,0.0,0.0,0.0,False,8.595
5707,32,06/05/2011,46.65,0.0,0.0,0.0,0.0,0.0,False,8.595
5708,32,13/05/2011,56.09,0.0,0.0,0.0,0.0,0.0,False,8.595
5709,32,20/05/2011,45.71,0.0,0.0,0.0,0.0,0.0,False,8.595
5710,32,27/05/2011,55.13,0.0,0.0,0.0,0.0,0.0,False,8.595
5711,32,03/06/2011,61.25,0.0,0.0,0.0,0.0,0.0,False,8.595
5712,32,10/06/2011,65.49,0.0,0.0,0.0,0.0,0.0,False,8.595
5713,32,17/06/2011,67.38,0.0,0.0,0.0,0.0,0.0,False,8.595
5714,32,24/06/2011,65.06,0.0,0.0,0.0,0.0,0.0,False,8.595
5715,32,01/07/2011,72.86,0.0,0.0,0.0,0.0,0.0,False,8.622
5716,32,08/07/2011,72.56,0.0,0.0,0.0,0.0,0.0,False,8.622
5717,32,15/07/2011,70.55,0.0,0.0,0.0,0.0,0.0,False,8.622
5718,32,22/07/2011,76.0,0.0,0.0,0.0,0.0,0.0,False,8.622
5719,32,29/07/2011,75.91,0.0,0.0,0.0,0.0,0.0,False,8.622
5720,32,05/08/2011,74.83,0.0,0.0,0.0,0.0,0.0,False,8.622
5721,32,12/08/2011,74.2,0.0,0.0,0.0,0.0,0.0,False,8.622
5722,32,19/08/2011,73.72,0.0,0.0,0.0,0.0,0.0,False,8.622
5723,32,26/08/2011,75.64,0.0,0.0,0.0,0.0,0.0,False,8.622
5724,32,02/09/2011,74.6,0.0,0.0,0.0,0.0,0.0,False,8.622
5725,32,09/09/2011,61.24,0.0,0.0,0.0,0.0,0.0,True,8.622
5726,32,16/09/2011,60.88,0.0,0.0,0.0,0.0,0.0,False,8.622
5727,32,23/09/2011,58.66,0.0,0.0,0.0,0.0,0.0,False,8.622
5728,32,30/09/2011,65.04,0.0,0.0,0.0,0.0,0.0,False,8.622
5729,32,07/10/2011,62.62,0.0,0.0,0.0,0.0,0.0,False,8.513
5730,32,14/10/2011,50.15,0.0,0.0,0.0,0.0,0.0,False,8.513
5731,32,21/10/2011,48.87,0.0,0.0,0.0,0.0,0.0,False,8.513
5732,32,28/10/2011,42.76,0.0,0.0,0.0,0.0,0.0,False,8.513
5733,32,04/11/2011,37.95,0.0,0.0,0.0,0.0,0.0,False,8.513
5734,32,11/11/2011,38.1,21104.84,7842.47,47.56,3908.03,4246.86,False,8.513
5735,32,18/11/2011,42.61,4971.23,662.96,48.08,556.43,6452.61,False,8.513
5736,32,25/11/2011,40.22,292.46,443.76,71845.76,9.0,1787.07,True,8.513
5737,32,02/12/2011,33.8,5261.51,65.0,1075.86,4742.55,25961.21,False,8.513
5738,32,09/12/2011,17.94,6397.72,63.0,303.02,2813.68,9856.66,False,8.513
5739,32,16/12/2011,26.23,5519.01,79.0,572.44,493.58,4074.52,False,8.513
5740,32,23/12/2011,25.97,1211.62,10.3,1255.26,33.0,4932.34,False,8.513
5741,32,30/12/2011,32.99,5886.08,51732.49,211.5,1183.24,3017.63,True,8.513
5742,32,06/01/2012,36.75,4323.27,33209.84,208.29,1848.9,6197.53,False,8.256
5743,32,13/01/2012,28.99,2682.32,14928.54,211.06,1049.44,3137.59,False,8.256
5744,32,20/01/2012,36.86,1856.91,6229.68,214.77,887.78,5684.68,False,8.256
5745,32,27/01/2012,36.67,1212.68,2986.04,177.27,69.87,2324.48,False,8.256
5746,32,03/02/2012,35.89,31506.24,4740.74,306.03,42702.46,7920.93,False,8.256
5747,32,10/02/2012,23.34,19784.57,9309.88,225.85,29483.81,5473.82,True,8.256
5748,32,17/02/2012,24.26,9434.94,12371.88,39.2,5880.54,7373.13,False,8.256
5749,32,24/02/2012,33.41,18765.64,7738.97,7.6,8914.56,6028.36,False,8.256
5750,32,02/03/2012,33.4,11929.81,4330.7,10.1,14296.7,2785.63,False,8.256
5751,32,09/03/2012,39.9,16322.3,1206.5,4.97,17697.9,4305.36,False,8.256
5752,32,16/03/2012,51.51,4050.92,207.8,1.19,72.65,1741.07,False,8.256
5753,32,23/03/2012,47.64,6403.49,147.83,4.54,3324.67,3312.99,False,8.256
5754,32,30/03/2012,56.09,10428.62,144.83,7.84,1505.63,3306.98,False,8.256
5755,32,06/04/2012,51.49,9335.48,0.0,33.85,2211.09,4133.57,False,8.09
5756,32,13/04/2012,52.1,5599.64,5969.12,25.75,1440.58,4523.31,False,8.09
5757,32,20/04/2012,49.15,7666.76,2726.52,30.46,1330.36,2578.3,False,8.09
5758,32,27/04/2012,61.76,4162.67,126.71,45.62,382.41,2146.94,False,8.09
5759,32,04/05/2012,58.29,11832.54,0.0,117.43,1881.84,4729.13,False,8.09
5760,32,11/05/2012,55.4,17977.87,0.0,26.79,4338.3,3488.39,False,8.09
5761,32,18/05/2012,57.46,8887.75,0.0,226.17,1135.59,2831.5,False,8.09
5762,32,25/05/2012,59.74,7581.03,0.0,216.17,748.97,3014.25,False,8.09
5763,32,01/06/2012,62.84,8570.33,55.0,181.13,669.55,2634.77,False,8.09
5764,32,08/06/2012,71.14,8483.84,361.8,77.99,1640.0,6841.59,False,8.09
5765,32,15/06/2012,70.91,4642.56,414.3,0.01,989.08,4381.8,False,8.09
5766,32,22/06/2012,74.85,7803.3,609.25,3.05,4800.5,15323.92,False,8.09
5767,32,29/06/2012,81.95,3333.19,599.5,0.0,798.18,2945.01,False,8.09
5768,32,06/07/2012,78.68,6157.85,472.3,28.64,3908.86,6007.28,False,7.872
5769,32,13/07/2012,71.57,7111.33,508.95,1.05,1494.84,8154.1,False,7.872
5770,32,20/07/2012,77.76,3551.31,567.16,18.05,2117.84,9786.36,False,7.872
5771,32,27/07/2012,77.56,6076.83,298.78,2.16,1981.66,3861.65,False,7.872
5772,32,03/08/2012,75.09,35187.83,150.85,13.81,7768.33,4009.95,False,7.872
5773,32,10/08/2012,75.93,9862.83,573.37,61.32,7871.42,4298.69,False,7.872
5774,32,17/08/2012,70.75,7157.73,186.89,3.84,6006.91,1590.2,False,7.872
5775,32,24/08/2012,70.12,5446.99,147.41,127.58,3394.31,5920.55,False,7.872
5776,32,31/08/2012,76.12,26651.19,227.72,31.33,6843.52,2907.74,False,7.872
5777,32,07/09/2012,72.56,7271.43,172.04,233.55,916.85,3089.99,True,7.872
5778,32,14/09/2012,64.05,6238.21,77.77,23.41,1404.74,8346.74,False,7.872
5779,32,21/09/2012,63.49,7161.18,88.82,3.0,1011.45,5347.22,False,7.872
5780,32,28/09/2012,60.62,5399.48,16.73,0.22,1432.28,5673.51,False,7.872
5781,32,05/10/2012,55.34,4879.58,0.0,27.93,2641.24,5393.9,False,7.557
5782,32,12/10/2012,43.49,2776.24,0.0,17.72,456.08,5687.22,False,7.557
5783,32,19/10/2012,53.57,3331.15,0.0,3.96,120.51,3218.33,False,7.557
5784,32,26/10/2012,47.22,8968.72,104.91,200.0,534.86,1821.85,False,7.557
5785,32,02/11/2012,46.32,11156.55,5943.82,24.22,441.71,-37.02,False,7.557
5786,32,09/11/2012,46.36,8377.17,9725.0,0.15,3508.39,4421.85,False,7.557
5787,32,16/11/2012,32.95,19012.07,468.6,82.64,1992.36,5059.08,False,7.557
5788,32,23/11/2012,44.4,1414.31,4.54,82544.96,632.34,1071.73,True,7.557
5789,32,30/11/2012,38.83,2930.43,7.21,14398.11,137.84,6715.35,False,7.557
5790,32,07/12/2012,44.06,6124.34,0.0,354.0,1804.17,11365.78,False,7.557
5791,32,14/12/2012,30.8,5448.65,0.0,82.0,535.44,5081.04,False,7.557
5792,32,21/12/2012,31.15,5189.43,0.0,167.7,624.22,3084.56,False,7.557
5793,32,28/12/2012,21.59,13049.09,29650.41,274.6,28.11,1735.37,True,7.557
5794,32,04/01/2013,21.31,1947.76,27957.18,23.69,73.14,4182.06,False,7.107
5795,32,11/01/2013,32.5,3554.32,14035.48,8.77,226.05,2442.72,False,7.107
5796,32,18/01/2013,18.82,5408.32,5040.16,4.88,323.16,2761.39,False,7.107
5797,32,25/01/2013,40.4,4609.18,1969.26,1.2,29.07,1937.03,False,7.107
5798,32,01/02/2013,33.21,3988.51,1629.18,162.66,3208.28,2010.95,False,7.107
5799,32,08/02/2013,37.11,56454.69,1169.35,878.08,44739.28,4350.8,True,7.107
5800,32,15/02/2013,27.63,63140.73,2409.14,202.48,63130.81,10397.55,False,7.107
5801,32,22/02/2013,29.74,12685.16,3576.92,11.06,3432.19,1982.84,False,7.107
5802,32,01/03/2013,25.8,6491.48,509.13,5.04,498.37,2620.48,False,7.107
5803,32,08/03/2013,37.18,13334.38,151.64,99.18,8057.88,2985.64,False,7.107
5804,32,15/03/2013,40.34,22840.49,6.72,17.07,6295.75,2248.82,False,7.107
5805,32,22/03/2013,41.14,9325.47,0.0,1393.3,2311.08,1617.25,False,7.107
5806,32,29/03/2013,31.35,13483.54,0.0,869.22,392.58,3008.48,False,7.107
5807,32,05/04/2013,47.4,22162.59,6248.49,314.14,2506.81,3833.35,False,6.953
5808,32,12/04/2013,38.7,5953.33,2070.79,73.56,2813.35,1504.57,False,6.953
5809,32,19/04/2013,34.1,8977.99,115.78,137.12,699.14,3141.25,False,6.953
5810,32,26/04/2013,41.42,3638.25,1.0,173.94,30.04,1539.39,False,6.953
5811,32,03/05/2013,49.04,5113.22,34.0,88.66,331.69,2257.07,False,
5812,32,10/05/2013,50.17,12570.37,707.84,73.31,7506.43,5822.73,False,
5813,32,17/05/2013,64.72,9609.93,986.64,21.02,1621.37,5258.19,False,
5814,32,24/05/2013,59.34,3719.98,765.02,183.1,1874.55,5715.16,False,
5815,32,31/05/2013,64.32,2011.28,489.0,185.87,65.14,1402.78,False,
5816,32,07/06/2013,62.31,11243.14,1386.11,208.44,5519.85,4143.59,False,
5817,32,14/06/2013,74.14,10100.5,1575.85,385.32,7170.57,7078.01,False,
5818,32,21/06/2013,70.54,6276.34,630.6,205.12,5344.52,6421.4,False,
5819,32,28/06/2013,75.37,5235.17,1221.96,36.7,3524.09,2824.23,False,
5820,32,05/07/2013,72.16,10421.2,2153.35,262.66,13506.87,1802.79,False,
5821,32,12/07/2013,77.78,5182.94,1171.84,23.13,3182.51,4887.43,False,
5822,32,19/07/2013,72.29,3839.61,1235.36,110.06,742.88,1040.07,False,
5823,32,26/07/2013,72.99,549.89,940.93,86.0,106.47,1530.56,False,
5824,33,05/02/2010,58.4,0.0,0.0,0.0,0.0,0.0,False,10.115
5825,33,12/02/2010,55.47,0.0,0.0,0.0,0.0,0.0,True,10.115
5826,33,19/02/2010,62.16,0.0,0.0,0.0,0.0,0.0,False,10.115
5827,33,26/02/2010,56.5,0.0,0.0,0.0,0.0,0.0,False,10.115
5828,33,05/03/2010,59.17,0.0,0.0,0.0,0.0,0.0,False,10.115
5829,33,12/03/2010,55.61,0.0,0.0,0.0,0.0,0.0,False,10.115
5830,33,19/03/2010,64.6,0.0,0.0,0.0,0.0,0.0,False,10.115
5831,33,26/03/2010,64.09,0.0,0.0,0.0,0.0,0.0,False,10.115
5832,33,02/04/2010,66.79,0.0,0.0,0.0,0.0,0.0,False,9.849
5833,33,09/04/2010,68.43,0.0,0.0,0.0,0.0,0.0,False,9.849
5834,33,16/04/2010,72.44,0.0,0.0,0.0,0.0,0.0,False,9.849
5835,33,23/04/2010,71.59,0.0,0.0,0.0,0.0,0.0,False,9.849
5836,33,30/04/2010,73.29,0.0,0.0,0.0,0.0,0.0,False,9.849
5837,33,07/05/2010,75.4,0.0,0.0,0.0,0.0,0.0,False,9.849
5838,33,14/05/2010,76.8,0.0,0.0,0.0,0.0,0.0,False,9.849
5839,33,21/05/2010,82.8,0.0,0.0,0.0,0.0,0.0,False,9.849
5840,33,28/05/2010,78.47,0.0,0.0,0.0,0.0,0.0,False,9.849
5841,33,04/06/2010,86.06,0.0,0.0,0.0,0.0,0.0,False,9.849
5842,33,11/06/2010,93.52,0.0,0.0,0.0,0.0,0.0,False,9.849
5843,33,18/06/2010,87.69,0.0,0.0,0.0,0.0,0.0,False,9.849
5844,33,25/06/2010,93.66,0.0,0.0,0.0,0.0,0.0,False,9.849
5845,33,02/07/2010,97.66,0.0,0.0,0.0,0.0,0.0,False,9.495
5846,33,09/07/2010,95.88,0.0,0.0,0.0,0.0,0.0,False,9.495
5847,33,16/07/2010,100.14,0.0,0.0,0.0,0.0,0.0,False,9.495
5848,33,23/07/2010,97.04,0.0,0.0,0.0,0.0,0.0,False,9.495
5849,33,30/07/2010,92.71,0.0,0.0,0.0,0.0,0.0,False,9.495
5850,33,06/08/2010,92.51,0.0,0.0,0.0,0.0,0.0,False,9.495
5851,33,13/08/2010,95.57,0.0,0.0,0.0,0.0,0.0,False,9.495
5852,33,20/08/2010,96.46,0.0,0.0,0.0,0.0,0.0,False,9.495
5853,33,27/08/2010,94.0,0.0,0.0,0.0,0.0,0.0,False,9.495
5854,33,03/09/2010,90.82,0.0,0.0,0.0,0.0,0.0,False,9.495
5855,33,10/09/2010,91.77,0.0,0.0,0.0,0.0,0.0,True,9.495
5856,33,17/09/2010,89.43,0.0,0.0,0.0,0.0,0.0,False,9.495
5857,33,24/09/2010,91.18,0.0,0.0,0.0,0.0,0.0,False,9.495
5858,33,01/10/2010,91.45,0.0,0.0,0.0,0.0,0.0,False,9.265
5859,33,08/10/2010,79.02,0.0,0.0,0.0,0.0,0.0,False,9.265
5860,33,15/10/2010,80.49,0.0,0.0,0.0,0.0,0.0,False,9.265
5861,33,22/10/2010,74.2,0.0,0.0,0.0,0.0,0.0,False,9.265
5862,33,29/10/2010,71.34,0.0,0.0,0.0,0.0,0.0,False,9.265
5863,33,05/11/2010,74.23,0.0,0.0,0.0,0.0,0.0,False,9.265
5864,33,12/11/2010,65.21,0.0,0.0,0.0,0.0,0.0,False,9.265
5865,33,19/11/2010,61.95,0.0,0.0,0.0,0.0,0.0,False,9.265
5866,33,26/11/2010,56.87,0.0,0.0,0.0,0.0,0.0,True,9.265
5867,33,03/12/2010,52.82,0.0,0.0,0.0,0.0,0.0,False,9.265
5868,33,10/12/2010,60.72,0.0,0.0,0.0,0.0,0.0,False,9.265
5869,33,17/12/2010,61.12,0.0,0.0,0.0,0.0,0.0,False,9.265
5870,33,24/12/2010,60.43,0.0,0.0,0.0,0.0,0.0,False,9.265
5871,33,31/12/2010,52.91,0.0,0.0,0.0,0.0,0.0,True,9.265
5872,33,07/01/2011,46.25,0.0,0.0,0.0,0.0,0.0,False,8.951
5873,33,14/01/2011,53.63,0.0,0.0,0.0,0.0,0.0,False,8.951
5874,33,21/01/2011,59.46,0.0,0.0,0.0,0.0,0.0,False,8.951
5875,33,28/01/2011,56.62,0.0,0.0,0.0,0.0,0.0,False,8.951
5876,33,04/02/2011,49.26,0.0,0.0,0.0,0.0,0.0,False,8.951
5877,33,11/02/2011,53.35,0.0,0.0,0.0,0.0,0.0,True,8.951
5878,33,18/02/2011,62.03,0.0,0.0,0.0,0.0,0.0,False,8.951
5879,33,25/02/2011,54.89,0.0,0.0,0.0,0.0,0.0,False,8.951
5880,33,04/03/2011,59.51,0.0,0.0,0.0,0.0,0.0,False,8.951
5881,33,11/03/2011,66.51,0.0,0.0,0.0,0.0,0.0,False,8.951
5882,33,18/03/2011,72.72,0.0,0.0,0.0,0.0,0.0,False,8.951
5883,33,25/03/2011,63.34,0.0,0.0,0.0,0.0,0.0,False,8.951
5884,33,01/04/2011,71.41,0.0,0.0,0.0,0.0,0.0,False,8.687
5885,33,08/04/2011,75.11,0.0,0.0,0.0,0.0,0.0,False,8.687
5886,33,15/04/2011,64.64,0.0,0.0,0.0,0.0,0.0,False,8.687
5887,33,22/04/2011,79.46,0.0,0.0,0.0,0.0,0.0,False,8.687
5888,33,29/04/2011,77.44,0.0,0.0,0.0,0.0,0.0,False,8.687
5889,33,06/05/2011,77.92,0.0,0.0,0.0,0.0,0.0,False,8.687
5890,33,13/05/2011,78.24,0.0,0.0,0.0,0.0,0.0,False,8.687
5891,33,20/05/2011,76.07,0.0,0.0,0.0,0.0,0.0,False,8.687
5892,33,27/05/2011,82.32,0.0,0.0,0.0,0.0,0.0,False,8.687
5893,33,03/06/2011,82.93,0.0,0.0,0.0,0.0,0.0,False,8.687
5894,33,10/06/2011,87.02,0.0,0.0,0.0,0.0,0.0,False,8.687
5895,33,17/06/2011,91.11,0.0,0.0,0.0,0.0,0.0,False,8.687
5896,33,24/06/2011,94.11,0.0,0.0,0.0,0.0,0.0,False,8.687
5897,33,01/07/2011,98.43,0.0,0.0,0.0,0.0,0.0,False,8.442
5898,33,08/07/2011,96.44,0.0,0.0,0.0,0.0,0.0,False,8.442
5899,33,15/07/2011,92.83,0.0,0.0,0.0,0.0,0.0,False,8.442
5900,33,22/07/2011,97.17,0.0,0.0,0.0,0.0,0.0,False,8.442
5901,33,29/07/2011,95.28,0.0,0.0,0.0,0.0,0.0,False,8.442
5902,33,05/08/2011,96.93,0.0,0.0,0.0,0.0,0.0,False,8.442
5903,33,12/08/2011,96.0,0.0,0.0,0.0,0.0,0.0,False,8.442
5904,33,19/08/2011,95.89,0.0,0.0,0.0,0.0,0.0,False,8.442
5905,33,26/08/2011,99.66,0.0,0.0,0.0,0.0,0.0,False,8.442
5906,33,02/09/2011,99.2,0.0,0.0,0.0,0.0,0.0,False,8.442
5907,33,09/09/2011,96.22,0.0,0.0,0.0,0.0,0.0,True,8.442
5908,33,16/09/2011,85.79,0.0,0.0,0.0,0.0,0.0,False,8.442
5909,33,23/09/2011,88.93,0.0,0.0,0.0,0.0,0.0,False,8.442
5910,33,30/09/2011,89.1,0.0,0.0,0.0,0.0,0.0,False,8.442
5911,33,07/10/2011,81.16,0.0,0.0,0.0,0.0,0.0,False,8.01
5912,33,14/10/2011,76.49,0.0,0.0,0.0,0.0,0.0,False,8.01
5913,33,21/10/2011,81.74,0.0,0.0,0.0,0.0,0.0,False,8.01
5914,33,28/10/2011,76.73,0.0,0.0,0.0,0.0,0.0,False,8.01
5915,33,04/11/2011,71.91,0.0,0.0,0.0,0.0,0.0,False,8.01
5916,33,11/11/2011,58.75,105.63,126.28,5.06,0.0,27754.23,False,8.01
5917,33,18/11/2011,63.35,86.59,6.0,0.0,0.0,3220.86,False,8.01
5918,33,25/11/2011,62.35,11.94,6.0,0.0,0.0,1641.91,True,8.01
5919,33,02/12/2011,59.12,0.5,0.0,4.0,0.0,1280.77,False,8.01
5920,33,09/12/2011,47.7,9.88,0.0,6.93,0.0,1580.88,False,8.01
5921,33,16/12/2011,53.18,258.31,0.0,3.67,0.0,1065.06,False,8.01
5922,33,23/12/2011,53.39,123.82,0.0,2.78,0.0,950.77,False,8.01
5923,33,30/12/2011,51.6,384.37,1919.79,4.95,25.2,556.38,True,8.01
5924,33,06/01/2012,60.92,42.92,1279.42,2.55,0.0,246.46,False,7.603
5925,33,13/01/2012,54.61,370.06,70.73,7.02,0.0,671.89,False,7.603
5926,33,20/01/2012,55.99,234.48,61.51,3.64,0.0,317.59,False,7.603
5927,33,27/01/2012,56.33,12.6,12.47,3.38,0.0,375.54,False,7.603
5928,33,03/02/2012,59.53,653.33,7.4,3.38,0.0,773.27,False,7.603
5929,33,10/02/2012,59.94,1437.28,1.5,4.94,0.0,1244.96,True,7.603
5930,33,17/02/2012,57.8,99.4,262.95,3.9,0.46,1005.65,False,7.603
5931,33,24/02/2012,59.41,577.17,268.61,0.0,2.61,1653.57,False,7.603
5932,33,02/03/2012,60.91,460.73,24.96,0.0,0.0,2045.14,False,7.603
5933,33,09/03/2012,62.2,128.45,3.68,0.99,0.0,1640.64,False,7.603
5934,33,16/03/2012,65.99,128.46,3.0,0.0,0.0,538.44,False,7.603
5935,33,23/03/2012,60.82,0.0,3.68,0.34,0.0,227.12,False,7.603
5936,33,30/03/2012,71.34,215.97,0.0,0.0,0.0,923.99,False,7.603
5937,33,06/04/2012,70.75,228.1,0.0,0.0,0.0,321.7,False,7.396
5938,33,13/04/2012,73.17,492.15,335.84,0.0,0.0,1369.05,False,7.396
5939,33,20/04/2012,72.94,470.51,119.92,0.0,128.87,284.28,False,7.396
5940,33,27/04/2012,83.07,476.96,8.97,0.0,0.87,537.58,False,7.396
5941,33,04/05/2012,82.43,69.59,0.0,0.0,0.0,709.35,False,7.396
5942,33,11/05/2012,81.02,758.77,0.0,0.0,0.0,2001.77,False,7.396
5943,33,18/05/2012,89.81,103.81,0.0,0.0,0.0,2161.91,False,7.396
5944,33,25/05/2012,88.89,320.93,0.0,0.0,0.0,4038.58,False,7.396
5945,33,01/06/2012,83.57,1603.57,0.0,0.0,0.0,867.15,False,7.396
5946,33,08/06/2012,90.94,499.25,0.0,0.0,0.0,959.13,False,7.396
5947,33,15/06/2012,92.44,1655.11,0.0,0.0,0.0,1079.36,False,7.396
5948,33,22/06/2012,95.75,213.64,0.0,0.0,0.0,2346.53,False,7.396
5949,33,29/06/2012,98.15,0.0,0.0,0.0,0.0,807.21,False,7.396
5950,33,06/07/2012,93.21,297.52,0.0,3.44,0.0,1107.31,False,7.147
5951,33,13/07/2012,97.6,221.83,0.0,0.6,0.0,2405.4,False,7.147
5952,33,20/07/2012,91.49,648.02,0.0,0.0,0.0,959.57,False,7.147
5953,33,27/07/2012,93.95,24.71,0.0,0.0,0.0,1205.27,False,7.147
5954,33,03/08/2012,92.13,238.26,0.0,2.88,44.29,767.86,False,7.147
5955,33,10/08/2012,100.07,90.89,0.0,0.0,0.0,278.04,False,7.147
5956,33,17/08/2012,96.79,382.03,0.0,0.96,0.0,1698.55,False,7.147
5957,33,24/08/2012,89.62,35.76,0.0,1.44,0.0,1381.43,False,7.147
5958,33,31/08/2012,94.55,119.39,0.0,0.0,9.7,1547.92,False,7.147
5959,33,07/09/2012,92.02,175.64,0.0,0.0,0.0,841.9,True,7.147
5960,33,14/09/2012,83.4,1105.36,0.0,0.0,0.0,495.17,False,7.147
5961,33,21/09/2012,86.53,427.64,0.0,0.0,0.0,392.74,False,7.147
5962,33,28/09/2012,86.42,167.65,0.0,0.0,0.0,1569.73,False,7.147
5963,33,05/10/2012,85.18,433.79,0.0,0.0,0.0,1160.27,False,6.895
5964,33,12/10/2012,79.64,33.23,0.0,0.0,0.0,590.43,False,6.895
5965,33,19/10/2012,75.55,18.0,0.0,0.0,0.0,649.05,False,6.895
5966,33,26/10/2012,73.7,122.41,13.71,0.0,0.0,965.49,False,6.895
5967,33,02/11/2012,70.96,43.69,294.09,0.0,0.0,561.2,False,6.895
5968,33,09/11/2012,71.7,225.61,1194.6,0.0,0.0,1046.14,False,6.895
5969,33,16/11/2012,59.24,840.06,235.17,0.0,0.0,2810.05,False,6.895
5970,33,23/11/2012,64.74,140.81,0.0,0.0,2.5,1149.55,True,6.895
5971,33,30/11/2012,65.21,440.82,0.0,0.0,6.93,1024.72,False,6.895
5972,33,07/12/2012,62.25,159.58,0.0,0.0,0.0,728.01,False,6.895
5973,33,14/12/2012,55.61,138.27,0.0,0.0,0.0,684.98,False,6.895
5974,33,21/12/2012,50.96,417.12,0.0,1.71,0.0,425.12,False,6.895
5975,33,28/12/2012,50.66,1474.07,893.94,0.0,42.12,348.6,True,6.895
5976,33,04/01/2013,48.28,2.82,988.09,0.0,0.0,40.98,False,6.806
5977,33,11/01/2013,49.75,742.57,519.94,0.0,0.0,1294.86,False,6.806
5978,33,18/01/2013,43.33,352.03,72.16,0.0,49.58,921.43,False,6.806
5979,33,25/01/2013,60.22,924.86,12.19,0.0,0.0,493.48,False,6.806
5980,33,01/02/2013,53.52,7.82,5.48,0.0,8.25,540.71,False,6.806
5981,33,08/02/2013,59.71,2467.89,8.48,0.0,9.02,925.43,True,6.806
5982,33,15/02/2013,49.87,1163.58,230.07,0.0,0.66,681.57,False,6.806
5983,33,22/02/2013,55.35,311.78,474.55,0.0,0.0,978.68,False,6.806
5984,33,01/03/2013,53.35,988.11,0.73,0.0,8.73,723.09,False,6.806
5985,33,08/03/2013,63.98,2478.06,0.0,0.0,0.0,1677.45,False,6.806
5986,33,15/03/2013,63.26,23.75,0.0,0.0,0.0,272.39,False,6.806
5987,33,22/03/2013,71.91,395.26,0.0,0.0,0.0,677.68,False,6.806
5988,33,29/03/2013,69.96,155.1,0.0,0.0,0.0,651.27,False,6.806
5989,33,05/04/2013,73.67,376.77,307.33,0.0,0.0,1833.59,False,6.698
5990,33,12/04/2013,70.39,28.0,137.13,0.0,0.0,1514.45,False,6.698
5991,33,19/04/2013,71.55,757.18,6.94,0.0,18.94,1372.53,False,6.698
5992,33,26/04/2013,76.55,148.77,0.0,0.0,0.0,359.56,False,6.698
5993,33,03/05/2013,82.7,68.99,0.0,0.0,0.0,335.0,False,
5994,33,10/05/2013,77.97,296.8,0.0,0.0,0.0,665.28,False,
5995,33,17/05/2013,87.17,1212.32,0.0,0.0,0.0,437.9,False,
5996,33,24/05/2013,84.75,480.8,0.0,0.0,0.0,488.68,False,
5997,33,31/05/2013,85.16,174.84,0.0,0.0,0.0,688.18,False,
5998,33,07/06/2013,93.17,105.68,0.0,0.0,0.0,348.73,False,
5999,33,14/06/2013,95.1,45.41,0.0,0.0,0.0,843.21,False,
6000,33,21/06/2013,93.62,240.37,0.0,0.0,0.0,440.96,False,
6001,33,28/06/2013,92.98,873.21,0.0,0.0,0.0,559.31,False,
6002,33,05/07/2013,99.66,146.05,0.0,0.0,3.9,1423.19,False,
6003,33,12/07/2013,95.51,46.5,0.0,0.0,0.0,638.62,False,
6004,33,19/07/2013,94.1,38.24,0.0,0.0,0.0,500.49,False,
6005,33,26/07/2013,89.73,9.79,0.0,0.0,0.0,500.03,False,
6006,34,05/02/2010,35.44,0.0,0.0,0.0,0.0,0.0,False,9.521
6007,34,12/02/2010,36.13,0.0,0.0,0.0,0.0,0.0,True,9.521
6008,34,19/02/2010,38.36,0.0,0.0,0.0,0.0,0.0,False,9.521
6009,34,26/02/2010,37.28,0.0,0.0,0.0,0.0,0.0,False,9.521
6010,34,05/03/2010,42.65,0.0,0.0,0.0,0.0,0.0,False,9.521
6011,34,12/03/2010,42.26,0.0,0.0,0.0,0.0,0.0,False,9.521
6012,34,19/03/2010,45.86,0.0,0.0,0.0,0.0,0.0,False,9.521
6013,34,26/03/2010,42.91,0.0,0.0,0.0,0.0,0.0,False,9.521
6014,34,02/04/2010,50.07,0.0,0.0,0.0,0.0,0.0,False,9.593
6015,34,09/04/2010,51.26,0.0,0.0,0.0,0.0,0.0,False,9.593
6016,34,16/04/2010,59.18,0.0,0.0,0.0,0.0,0.0,False,9.593
6017,34,23/04/2010,55.04,0.0,0.0,0.0,0.0,0.0,False,9.593
6018,34,30/04/2010,56.58,0.0,0.0,0.0,0.0,0.0,False,9.593
6019,34,07/05/2010,57.39,0.0,0.0,0.0,0.0,0.0,False,9.593
6020,34,14/05/2010,60.74,0.0,0.0,0.0,0.0,0.0,False,9.593
6021,34,21/05/2010,63.99,0.0,0.0,0.0,0.0,0.0,False,9.593
6022,34,28/05/2010,68.68,0.0,0.0,0.0,0.0,0.0,False,9.593
6023,34,04/06/2010,72.17,0.0,0.0,0.0,0.0,0.0,False,9.593
6024,34,11/06/2010,80.84,0.0,0.0,0.0,0.0,0.0,False,9.593
6025,34,18/06/2010,73.48,0.0,0.0,0.0,0.0,0.0,False,9.593
6026,34,25/06/2010,78.47,0.0,0.0,0.0,0.0,0.0,False,9.593
6027,34,02/07/2010,73.66,0.0,0.0,0.0,0.0,0.0,False,9.816
6028,34,09/07/2010,75.0,0.0,0.0,0.0,0.0,0.0,False,9.816
6029,34,16/07/2010,78.53,0.0,0.0,0.0,0.0,0.0,False,9.816
6030,34,23/07/2010,79.58,0.0,0.0,0.0,0.0,0.0,False,9.816
6031,34,30/07/2010,72.26,0.0,0.0,0.0,0.0,0.0,False,9.816
6032,34,06/08/2010,73.8,0.0,0.0,0.0,0.0,0.0,False,9.816
6033,34,13/08/2010,76.72,0.0,0.0,0.0,0.0,0.0,False,9.816
6034,34,20/08/2010,76.45,0.0,0.0,0.0,0.0,0.0,False,9.816
6035,34,27/08/2010,72.87,0.0,0.0,0.0,0.0,0.0,False,9.816
6036,34,03/09/2010,72.59,0.0,0.0,0.0,0.0,0.0,False,9.816
6037,34,10/09/2010,72.61,0.0,0.0,0.0,0.0,0.0,True,9.816
6038,34,17/09/2010,70.71,0.0,0.0,0.0,0.0,0.0,False,9.816
6039,34,24/09/2010,69.78,0.0,0.0,0.0,0.0,0.0,False,9.816
6040,34,01/10/2010,70.13,0.0,0.0,0.0,0.0,0.0,False,10.21
6041,34,08/10/2010,65.21,0.0,0.0,0.0,0.0,0.0,False,10.21
6042,34,15/10/2010,59.57,0.0,0.0,0.0,0.0,0.0,False,10.21
6043,34,22/10/2010,58.11,0.0,0.0,0.0,0.0,0.0,False,10.21
6044,34,29/10/2010,50.78,0.0,0.0,0.0,0.0,0.0,False,10.21
6045,34,05/11/2010,52.43,0.0,0.0,0.0,0.0,0.0,False,10.21
6046,34,12/11/2010,47.2,0.0,0.0,0.0,0.0,0.0,False,10.21
6047,34,19/11/2010,40.93,0.0,0.0,0.0,0.0,0.0,False,10.21
6048,34,26/11/2010,41.13,0.0,0.0,0.0,0.0,0.0,True,10.21
6049,34,03/12/2010,34.7,0.0,0.0,0.0,0.0,0.0,False,10.21
6050,34,10/12/2010,41.93,0.0,0.0,0.0,0.0,0.0,False,10.21
6051,34,17/12/2010,42.64,0.0,0.0,0.0,0.0,0.0,False,10.21
6052,34,24/12/2010,42.74,0.0,0.0,0.0,0.0,0.0,False,10.21
6053,34,31/12/2010,34.11,0.0,0.0,0.0,0.0,0.0,True,10.21
6054,34,07/01/2011,24.5,0.0,0.0,0.0,0.0,0.0,False,10.398
6055,34,14/01/2011,30.75,0.0,0.0,0.0,0.0,0.0,False,10.398
6056,34,21/01/2011,39.57,0.0,0.0,0.0,0.0,0.0,False,10.398
6057,34,28/01/2011,34.68,0.0,0.0,0.0,0.0,0.0,False,10.398
6058,34,04/02/2011,23.82,0.0,0.0,0.0,0.0,0.0,False,10.398
6059,34,11/02/2011,28.66,0.0,0.0,0.0,0.0,0.0,True,10.398
6060,34,18/02/2011,45.12,0.0,0.0,0.0,0.0,0.0,False,10.398
6061,34,25/02/2011,44.57,0.0,0.0,0.0,0.0,0.0,False,10.398
6062,34,04/03/2011,46.21,0.0,0.0,0.0,0.0,0.0,False,10.398
6063,34,11/03/2011,45.87,0.0,0.0,0.0,0.0,0.0,False,10.398
6064,34,18/03/2011,55.58,0.0,0.0,0.0,0.0,0.0,False,10.398
6065,34,25/03/2011,53.11,0.0,0.0,0.0,0.0,0.0,False,10.398
6066,34,01/04/2011,55.46,0.0,0.0,0.0,0.0,0.0,False,10.581
6067,34,08/04/2011,58.59,0.0,0.0,0.0,0.0,0.0,False,10.581
6068,34,15/04/2011,53.3,0.0,0.0,0.0,0.0,0.0,False,10.581
6069,34,22/04/2011,63.83,0.0,0.0,0.0,0.0,0.0,False,10.581
6070,34,29/04/2011,57.73,0.0,0.0,0.0,0.0,0.0,False,10.581
6071,34,06/05/2011,54.4,0.0,0.0,0.0,0.0,0.0,False,10.581
6072,34,13/05/2011,63.05,0.0,0.0,0.0,0.0,0.0,False,10.581
6073,34,20/05/2011,61.47,0.0,0.0,0.0,0.0,0.0,False,10.581
6074,34,27/05/2011,65.99,0.0,0.0,0.0,0.0,0.0,False,10.581
6075,34,03/06/2011,74.64,0.0,0.0,0.0,0.0,0.0,False,10.581
6076,34,10/06/2011,74.57,0.0,0.0,0.0,0.0,0.0,False,10.581
6077,34,17/06/2011,76.58,0.0,0.0,0.0,0.0,0.0,False,10.581
6078,34,24/06/2011,77.16,0.0,0.0,0.0,0.0,0.0,False,10.581
6079,34,01/07/2011,81.96,0.0,0.0,0.0,0.0,0.0,False,10.641
6080,34,08/07/2011,80.84,0.0,0.0,0.0,0.0,0.0,False,10.641
6081,34,15/07/2011,78.09,0.0,0.0,0.0,0.0,0.0,False,10.641
6082,34,22/07/2011,80.75,0.0,0.0,0.0,0.0,0.0,False,10.641
6083,34,29/07/2011,78.04,0.0,0.0,0.0,0.0,0.0,False,10.641
6084,34,05/08/2011,76.71,0.0,0.0,0.0,0.0,0.0,False,10.641
6085,34,12/08/2011,80.23,0.0,0.0,0.0,0.0,0.0,False,10.641
6086,34,19/08/2011,77.08,0.0,0.0,0.0,0.0,0.0,False,10.641
6087,34,26/08/2011,77.27,0.0,0.0,0.0,0.0,0.0,False,10.641
6088,34,02/09/2011,78.24,0.0,0.0,0.0,0.0,0.0,False,10.641
6089,34,09/09/2011,70.05,0.0,0.0,0.0,0.0,0.0,True,10.641
6090,34,16/09/2011,64.94,0.0,0.0,0.0,0.0,0.0,False,10.641
6091,34,23/09/2011,66.23,0.0,0.0,0.0,0.0,0.0,False,10.641
6092,34,30/09/2011,69.44,0.0,0.0,0.0,0.0,0.0,False,10.641
6093,34,07/10/2011,60.42,0.0,0.0,0.0,0.0,0.0,False,10.148
6094,34,14/10/2011,54.72,0.0,0.0,0.0,0.0,0.0,False,10.148
6095,34,21/10/2011,58.93,0.0,0.0,0.0,0.0,0.0,False,10.148
6096,34,28/10/2011,54.56,0.0,0.0,0.0,0.0,0.0,False,10.148
6097,34,04/11/2011,48.04,0.0,0.0,0.0,0.0,0.0,False,10.148
6098,34,11/11/2011,41.04,10860.98,6524.97,65.95,4082.99,4814.43,False,10.148
6099,34,18/11/2011,46.0,4673.94,1014.27,132.18,799.24,5734.11,False,10.148
6100,34,25/11/2011,45.99,32.5,317.08,42455.51,6.0,1438.09,True,10.148
6101,34,02/12/2011,39.75,4611.57,70.94,1109.59,1307.67,17316.01,False,10.148
6102,34,09/12/2011,24.69,3131.47,3.0,127.58,479.79,4102.57,False,10.148
6103,34,16/12/2011,32.31,824.88,300.0,226.35,573.1,2966.73,False,10.148
6104,34,23/12/2011,32.45,1200.1,0.18,1108.23,37.22,2109.3,False,10.148
6105,34,30/12/2011,28.84,3312.59,21909.93,210.22,146.1,3299.3,True,10.148
6106,34,06/01/2012,36.39,5998.79,18094.69,104.92,351.55,2890.32,False,9.653
6107,34,13/01/2012,33.99,2514.23,8431.82,48.38,186.59,4699.39,False,9.653
6108,34,20/01/2012,39.28,1358.95,3015.89,27.49,255.88,2402.57,False,9.653
6109,34,27/01/2012,39.81,387.48,1594.36,18.98,13.35,769.52,False,9.653
6110,34,03/02/2012,38.64,24118.77,1767.26,91.24,14240.58,3833.23,False,9.653
6111,34,10/02/2012,36.7,16191.24,4394.52,58.87,11972.11,6375.39,True,9.653
6112,34,17/02/2012,37.25,8386.11,4644.97,16.48,2748.66,6015.47,False,9.653
6113,34,24/02/2012,39.89,5674.77,3367.59,2.6,1389.89,3919.46,False,9.653
6114,34,02/03/2012,42.74,9511.41,469.84,2.8,6593.25,4281.12,False,9.653
6115,34,09/03/2012,42.7,6150.33,209.07,0.0,124.83,4638.14,False,9.653
6116,34,16/03/2012,48.09,6104.24,94.31,2.7,479.7,1656.98,False,9.653
6117,34,23/03/2012,47.93,3662.39,107.42,0.59,941.47,1934.93,False,9.653
6118,34,30/03/2012,59.29,7866.57,104.84,5.59,28.76,1979.96,False,9.653
6119,34,06/04/2012,54.42,6570.6,0.0,37.31,2558.69,5479.81,False,9.575
6120,34,13/04/2012,59.12,5146.78,3729.58,14.82,799.06,1563.6,False,9.575
6121,34,20/04/2012,55.34,1397.43,2573.19,18.46,70.76,2761.17,False,9.575
6122,34,27/04/2012,66.49,5573.52,886.23,8.87,338.1,2014.84,False,9.575
6123,34,04/05/2012,65.04,6219.31,0.0,69.88,2597.74,3522.31,False,9.575
6124,34,11/05/2012,61.92,11342.48,0.0,29.11,1214.28,1983.03,False,9.575
6125,34,18/05/2012,64.97,2328.53,0.0,2.43,1042.41,2111.41,False,9.575
6126,34,25/05/2012,72.42,4031.31,43.0,146.38,1114.59,2174.14,False,9.575
6127,34,01/06/2012,70.41,10054.19,0.0,128.85,87.9,5049.13,False,9.575
6128,34,08/06/2012,75.35,6967.19,85.4,0.37,1251.49,10377.32,False,9.575
6129,34,15/06/2012,76.48,5809.23,32.4,400.09,924.94,3054.63,False,9.575
6130,34,22/06/2012,78.85,4673.0,169.0,0.0,1561.36,4524.99,False,9.575
6131,34,29/06/2012,81.91,3725.46,52.2,0.0,343.56,3814.45,False,9.575
6132,34,06/07/2012,77.95,6438.2,174.8,103.13,2529.03,3839.19,False,9.285
6133,34,13/07/2012,74.02,2691.41,20.2,16.91,806.44,3029.0,False,9.285
6134,34,20/07/2012,77.7,2732.08,98.0,5.98,743.47,2456.79,False,9.285
6135,34,27/07/2012,77.3,3124.08,92.22,0.36,1720.84,3878.36,False,9.285
6136,34,03/08/2012,78.93,9386.73,45.0,37.88,4384.73,4169.76,False,9.285
6137,34,10/08/2012,78.26,9297.06,12.0,8.3,4250.64,2103.48,False,9.285
6138,34,17/08/2012,77.78,5553.04,32.6,6.13,1315.08,5733.84,False,9.285
6139,34,24/08/2012,72.44,1899.97,83.8,9.16,609.67,3844.82,False,9.285
6140,34,31/08/2012,75.89,12815.65,64.2,18.56,2171.06,4926.61,False,9.285
6141,34,07/09/2012,78.26,8791.04,-5.98,25.77,3473.34,1789.37,True,9.285
6142,34,14/09/2012,64.28,4855.31,0.0,11.31,832.14,5118.55,False,9.285
6143,34,21/09/2012,66.08,4857.37,5.73,0.85,221.84,7308.76,False,9.285
6144,34,28/09/2012,67.06,2282.47,3.82,0.22,198.21,2618.07,False,9.285
6145,34,05/10/2012,65.41,2716.1,0.0,6.03,1648.8,3539.71,False,8.839
6146,34,12/10/2012,59.94,2254.65,0.0,29.82,524.12,7604.92,False,8.839
6147,34,19/10/2012,58.47,725.01,0.0,9.18,370.91,2907.57,False,8.839
6148,34,26/10/2012,57.95,1151.88,68.01,3.0,392.12,1468.81,False,8.839
6149,34,02/11/2012,50.91,3189.15,2375.99,31.62,1270.88,2705.65,False,8.839
6150,34,09/11/2012,52.98,3011.99,3814.03,19.4,882.67,5821.12,False,8.839
6151,34,16/11/2012,40.26,6950.26,443.71,57.16,623.39,2367.9,False,8.839
6152,34,23/11/2012,46.08,251.45,0.01,59304.51,191.86,3460.87,True,8.839
6153,34,30/11/2012,43.03,575.87,0.0,6149.44,26.46,3347.77,False,8.839
6154,34,07/12/2012,46.37,4905.35,0.0,286.34,902.13,6699.0,False,8.839
6155,34,14/12/2012,35.16,2034.86,0.0,49.0,133.65,1960.05,False,8.839
6156,34,21/12/2012,32.38,2025.54,0.0,74.17,58.72,1181.09,False,8.839
6157,34,28/12/2012,31.68,6560.15,16765.26,72.76,61.13,1259.63,True,8.839
6158,34,04/01/2013,31.25,808.67,13892.52,6.44,98.08,2086.66,False,8.934
6159,34,11/01/2013,37.6,1077.02,9401.61,4.94,622.64,2815.19,False,8.934
6160,34,18/01/2013,31.84,4251.89,4906.54,1.78,0.0,1374.82,False,8.934
6161,34,25/01/2013,45.01,5889.35,3204.02,0.0,3065.59,1936.25,False,8.934
6162,34,01/02/2013,48.03,5918.59,1407.51,164.9,8176.89,2384.57,False,8.934
6163,34,08/02/2013,47.63,34577.87,883.45,289.34,18578.87,4259.63,True,8.934
6164,34,15/02/2013,42.63,10713.38,2336.61,4.44,2483.02,1788.38,False,8.934
6165,34,22/02/2013,47.26,5516.88,2250.61,31.12,1948.57,4175.42,False,8.934
6166,34,01/03/2013,43.51,5182.14,401.81,1.2,13.92,3020.54,False,8.934
6167,34,08/03/2013,53.69,15754.81,34.78,57.59,2173.94,3394.71,False,8.934
6168,34,15/03/2013,52.9,3281.61,0.0,11.12,1109.81,1403.62,False,8.934
6169,34,22/03/2013,60.19,7036.53,0.0,631.0,338.9,2595.25,False,8.934
6170,34,29/03/2013,51.0,3027.3,0.0,417.69,328.41,1347.0,False,8.934
6171,34,05/04/2013,58.4,8593.42,3307.23,517.21,1022.91,2517.62,False,8.796
6172,34,12/04/2013,61.46,2754.02,1614.39,63.54,365.69,10014.8,False,8.796
6173,34,19/04/2013,63.99,1359.8,14.54,174.26,0.0,801.06,False,8.796
6174,34,26/04/2013,58.54,3120.8,1.49,103.82,222.17,1794.12,False,8.796
6175,34,03/05/2013,65.07,2536.69,21.0,93.45,1619.35,1852.69,False,
6176,34,10/05/2013,63.9,5813.45,354.12,127.88,278.51,2804.1,False,
6177,34,17/05/2013,70.87,3417.8,450.88,34.52,521.72,2868.88,False,
6178,34,24/05/2013,76.4,5333.53,230.88,116.91,657.4,6630.76,False,
6179,34,31/05/2013,79.29,4411.49,305.28,109.48,27.38,2655.75,False,
6180,34,07/06/2013,79.33,8467.35,259.55,263.13,2832.09,3394.4,False,
6181,34,14/06/2013,82.3,3376.68,306.12,471.49,2512.81,3311.17,False,
6182,34,21/06/2013,80.14,3196.46,462.9,316.6,1285.2,5173.69,False,
6183,34,28/06/2013,87.73,3460.86,770.95,10.5,715.74,2294.78,False,
6184,34,05/07/2013,77.96,7975.83,1466.58,458.17,6976.2,3006.95,False,
6185,34,12/07/2013,82.77,2603.01,931.01,37.44,639.15,2020.17,False,
6186,34,19/07/2013,73.3,3532.06,744.95,398.2,737.94,1762.44,False,
6187,34,26/07/2013,77.89,248.84,728.21,3.2,39.88,1503.59,False,
6188,35,05/02/2010,27.19,0.0,0.0,0.0,0.0,0.0,False,9.262
6189,35,12/02/2010,29.81,0.0,0.0,0.0,0.0,0.0,True,9.262
6190,35,19/02/2010,32.44,0.0,0.0,0.0,0.0,0.0,False,9.262
6191,35,26/02/2010,36.0,0.0,0.0,0.0,0.0,0.0,False,9.262
6192,35,05/03/2010,38.07,0.0,0.0,0.0,0.0,0.0,False,9.262
6193,35,12/03/2010,45.98,0.0,0.0,0.0,0.0,0.0,False,9.262
6194,35,19/03/2010,49.04,0.0,0.0,0.0,0.0,0.0,False,9.262
6195,35,26/03/2010,52.34,0.0,0.0,0.0,0.0,0.0,False,9.262
6196,35,02/04/2010,46.9,0.0,0.0,0.0,0.0,0.0,False,9.051
6197,35,09/04/2010,62.62,0.0,0.0,0.0,0.0,0.0,False,9.051
6198,35,16/04/2010,54.95,0.0,0.0,0.0,0.0,0.0,False,9.051
6199,35,23/04/2010,53.91,0.0,0.0,0.0,0.0,0.0,False,9.051
6200,35,30/04/2010,53.55,0.0,0.0,0.0,0.0,0.0,False,9.051
6201,35,07/05/2010,69.02,0.0,0.0,0.0,0.0,0.0,False,9.051
6202,35,14/05/2010,53.82,0.0,0.0,0.0,0.0,0.0,False,9.051
6203,35,21/05/2010,63.31,0.0,0.0,0.0,0.0,0.0,False,9.051
6204,35,28/05/2010,67.88,0.0,0.0,0.0,0.0,0.0,False,9.051
6205,35,04/06/2010,74.29,0.0,0.0,0.0,0.0,0.0,False,9.051
6206,35,11/06/2010,68.9,0.0,0.0,0.0,0.0,0.0,False,9.051
6207,35,18/06/2010,70.0,0.0,0.0,0.0,0.0,0.0,False,9.051
6208,35,25/06/2010,78.02,0.0,0.0,0.0,0.0,0.0,False,9.051
6209,35,02/07/2010,76.25,0.0,0.0,0.0,0.0,0.0,False,8.861
6210,35,09/07/2010,82.69,0.0,0.0,0.0,0.0,0.0,False,8.861
6211,35,16/07/2010,78.26,0.0,0.0,0.0,0.0,0.0,False,8.861
6212,35,23/07/2010,81.56,0.0,0.0,0.0,0.0,0.0,False,8.861
6213,35,30/07/2010,79.78,0.0,0.0,0.0,0.0,0.0,False,8.861
6214,35,06/08/2010,77.45,0.0,0.0,0.0,0.0,0.0,False,8.861
6215,35,13/08/2010,77.36,0.0,0.0,0.0,0.0,0.0,False,8.861
6216,35,20/08/2010,75.16,0.0,0.0,0.0,0.0,0.0,False,8.861
6217,35,27/08/2010,70.31,0.0,0.0,0.0,0.0,0.0,False,8.861
6218,35,03/09/2010,78.52,0.0,0.0,0.0,0.0,0.0,False,8.861
6219,35,10/09/2010,70.38,0.0,0.0,0.0,0.0,0.0,True,8.861
6220,35,17/09/2010,64.5,0.0,0.0,0.0,0.0,0.0,False,8.861
6221,35,24/09/2010,67.08,0.0,0.0,0.0,0.0,0.0,False,8.861
6222,35,01/10/2010,70.19,0.0,0.0,0.0,0.0,0.0,False,8.763
6223,35,08/10/2010,57.78,0.0,0.0,0.0,0.0,0.0,False,8.763
6224,35,15/10/2010,58.38,0.0,0.0,0.0,0.0,0.0,False,8.763
6225,35,22/10/2010,52.82,0.0,0.0,0.0,0.0,0.0,False,8.763
6226,35,29/10/2010,61.02,0.0,0.0,0.0,0.0,0.0,False,8.763
6227,35,05/11/2010,45.91,0.0,0.0,0.0,0.0,0.0,False,8.763
6228,35,12/11/2010,45.9,0.0,0.0,0.0,0.0,0.0,False,8.763
6229,35,19/11/2010,50.81,0.0,0.0,0.0,0.0,0.0,False,8.763
6230,35,26/11/2010,46.67,0.0,0.0,0.0,0.0,0.0,True,8.763
6231,35,03/12/2010,41.81,0.0,0.0,0.0,0.0,0.0,False,8.763
6232,35,10/12/2010,30.83,0.0,0.0,0.0,0.0,0.0,False,8.763
6233,35,17/12/2010,31.62,0.0,0.0,0.0,0.0,0.0,False,8.763
6234,35,24/12/2010,31.34,0.0,0.0,0.0,0.0,0.0,False,8.763
6235,35,31/12/2010,29.59,0.0,0.0,0.0,0.0,0.0,True,8.763
6236,35,07/01/2011,34.42,0.0,0.0,0.0,0.0,0.0,False,8.549
6237,35,14/01/2011,25.7,0.0,0.0,0.0,0.0,0.0,False,8.549
6238,35,21/01/2011,30.13,0.0,0.0,0.0,0.0,0.0,False,8.549
6239,35,28/01/2011,23.64,0.0,0.0,0.0,0.0,0.0,False,8.549
6240,35,04/02/2011,28.7,0.0,0.0,0.0,0.0,0.0,False,8.549
6241,35,11/02/2011,30.45,0.0,0.0,0.0,0.0,0.0,True,8.549
6242,35,18/02/2011,39.32,0.0,0.0,0.0,0.0,0.0,False,8.549
6243,35,25/02/2011,33.05,0.0,0.0,0.0,0.0,0.0,False,8.549
6244,35,04/03/2011,36.99,0.0,0.0,0.0,0.0,0.0,False,8.549
6245,35,11/03/2011,43.64,0.0,0.0,0.0,0.0,0.0,False,8.549
6246,35,18/03/2011,46.65,0.0,0.0,0.0,0.0,0.0,False,8.549
6247,35,25/03/2011,40.11,0.0,0.0,0.0,0.0,0.0,False,8.549
6248,35,01/04/2011,37.27,0.0,0.0,0.0,0.0,0.0,False,8.512
6249,35,08/04/2011,46.87,0.0,0.0,0.0,0.0,0.0,False,8.512
6250,35,15/04/2011,52.24,0.0,0.0,0.0,0.0,0.0,False,8.512
6251,35,22/04/2011,50.02,0.0,0.0,0.0,0.0,0.0,False,8.512
6252,35,29/04/2011,61.71,0.0,0.0,0.0,0.0,0.0,False,8.512
6253,35,06/05/2011,56.48,0.0,0.0,0.0,0.0,0.0,False,8.512
6254,35,13/05/2011,60.07,0.0,0.0,0.0,0.0,0.0,False,8.512
6255,35,20/05/2011,60.22,0.0,0.0,0.0,0.0,0.0,False,8.512
6256,35,27/05/2011,66.43,0.0,0.0,0.0,0.0,0.0,False,8.512
6257,35,03/06/2011,74.17,0.0,0.0,0.0,0.0,0.0,False,8.512
6258,35,10/06/2011,73.26,0.0,0.0,0.0,0.0,0.0,False,8.512
6259,35,17/06/2011,67.03,0.0,0.0,0.0,0.0,0.0,False,8.512
6260,35,24/06/2011,72.02,0.0,0.0,0.0,0.0,0.0,False,8.512
6261,35,01/07/2011,73.76,0.0,0.0,0.0,0.0,0.0,False,8.684
6262,35,08/07/2011,76.87,0.0,0.0,0.0,0.0,0.0,False,8.684
6263,35,15/07/2011,77.83,0.0,0.0,0.0,0.0,0.0,False,8.684
6264,35,22/07/2011,82.28,0.0,0.0,0.0,0.0,0.0,False,8.684
6265,35,29/07/2011,79.41,0.0,0.0,0.0,0.0,0.0,False,8.684
6266,35,05/08/2011,78.14,0.0,0.0,0.0,0.0,0.0,False,8.684
6267,35,12/08/2011,76.67,0.0,0.0,0.0,0.0,0.0,False,8.684
6268,35,19/08/2011,72.97,0.0,0.0,0.0,0.0,0.0,False,8.684
6269,35,26/08/2011,72.88,0.0,0.0,0.0,0.0,0.0,False,8.684
6270,35,02/09/2011,71.44,0.0,0.0,0.0,0.0,0.0,False,8.684
6271,35,09/09/2011,70.93,0.0,0.0,0.0,0.0,0.0,True,8.684
6272,35,16/09/2011,69.65,0.0,0.0,0.0,0.0,0.0,False,8.684
6273,35,23/09/2011,63.61,0.0,0.0,0.0,0.0,0.0,False,8.684
6274,35,30/09/2011,70.92,0.0,0.0,0.0,0.0,0.0,False,8.684
6275,35,07/10/2011,56.91,0.0,0.0,0.0,0.0,0.0,False,8.745
6276,35,14/10/2011,64.78,0.0,0.0,0.0,0.0,0.0,False,8.745
6277,35,21/10/2011,59.62,0.0,0.0,0.0,0.0,0.0,False,8.745
6278,35,28/10/2011,51.81,0.0,0.0,0.0,0.0,0.0,False,8.745
6279,35,04/11/2011,44.46,0.0,0.0,0.0,0.0,0.0,False,8.745
6280,35,11/11/2011,49.69,22242.79,13392.67,1134.49,2951.74,5421.27,False,8.745
6281,35,18/11/2011,51.42,23654.62,110.12,103.34,951.51,1618.6,False,8.745
6282,35,25/11/2011,47.88,1333.24,0.0,58563.24,20.97,6386.86,True,8.745
6283,35,02/12/2011,50.55,5051.87,0.0,3150.68,3945.27,26649.46,False,8.745
6284,35,09/12/2011,46.28,1386.01,0.0,529.1,955.48,9427.75,False,8.745
6285,35,16/12/2011,40.68,5115.93,0.27,10748.31,601.89,14608.23,False,8.745
6286,35,23/12/2011,41.59,318.61,22.4,1429.48,20.98,4140.36,False,8.745
6287,35,30/12/2011,37.85,6742.63,34766.99,163.27,961.0,2074.13,True,8.745
6288,35,06/01/2012,35.8,5956.88,13987.28,24.73,1685.24,6269.59,False,8.744
6289,35,13/01/2012,41.3,2428.51,7532.95,2.28,413.26,3750.02,False,8.744
6290,35,20/01/2012,30.35,2498.37,4413.52,5.46,618.55,2393.77,False,8.744
6291,35,27/01/2012,36.96,2798.44,2928.52,1.46,446.0,9008.25,False,8.744
6292,35,03/02/2012,42.52,62567.6,3718.52,41.68,40201.38,4130.12,False,8.744
6293,35,10/02/2012,37.86,11865.12,4373.03,23.69,11941.36,8357.61,True,8.744
6294,35,17/02/2012,37.24,20207.59,7982.96,2.64,9522.98,10733.96,False,8.744
6295,35,24/02/2012,41.74,10463.9,6749.11,0.0,5146.87,4553.22,False,8.744
6296,35,02/03/2012,40.07,31880.88,1775.2,84.02,26264.78,1609.25,False,8.744
6297,35,09/03/2012,44.32,16514.65,344.55,68.3,2596.73,2245.26,False,8.744
6298,35,16/03/2012,49.6,6972.24,222.12,1.2,1587.92,2214.43,False,8.744
6299,35,23/03/2012,57.3,25204.95,107.69,0.25,8359.06,5252.73,False,8.744
6300,35,30/03/2012,49.4,19560.85,77.41,7.4,4081.77,3629.96,False,8.744
6301,35,06/04/2012,48.73,9093.04,0.0,10.27,2383.68,4858.77,False,8.876
6302,35,13/04/2012,52.22,4697.48,4222.33,10.5,1903.35,1156.1,False,8.876
6303,35,20/04/2012,62.62,2095.31,4447.75,6.05,149.91,2504.7,False,8.876
6304,35,27/04/2012,52.33,6477.02,1050.49,7.43,1123.9,1681.46,False,8.876
6305,35,04/05/2012,53.68,13647.64,0.0,9.87,6114.76,4853.52,False,8.876
6306,35,11/05/2012,58.97,12297.04,0.0,10.76,1040.0,2355.67,False,8.876
6307,35,18/05/2012,65.15,8475.44,0.0,2.87,2133.81,2904.46,False,8.876
6308,35,25/05/2012,64.77,8708.2,0.0,296.24,1676.8,2399.15,False,8.876
6309,35,01/06/2012,73.4,12469.08,0.0,9.66,3040.28,5859.48,False,8.876
6310,35,08/06/2012,64.05,6984.56,44.0,287.97,851.39,5482.29,False,8.876
6311,35,15/06/2012,69.52,4983.83,6.8,1.04,2545.67,1991.41,False,8.876
6312,35,22/06/2012,73.23,5984.0,32.8,0.57,528.54,2636.77,False,8.876
6313,35,29/06/2012,73.94,11690.61,-7.6,0.0,3457.25,5129.74,False,8.876
6314,35,06/07/2012,82.08,7808.9,7.0,47.5,6948.28,6443.45,False,8.839
6315,35,13/07/2012,78.95,3516.15,0.0,0.15,1749.8,1430.23,False,8.839
6316,35,20/07/2012,78.64,3934.52,0.0,25.9,934.49,3512.52,False,8.839
6317,35,27/07/2012,76.01,5446.22,0.0,10.88,6221.18,2764.62,False,8.839
6318,35,03/08/2012,75.22,35956.75,0.0,11.63,21249.14,2079.74,False,8.839
6319,35,10/08/2012,78.44,9664.78,0.0,63.72,2523.61,2076.6,False,8.839
6320,35,17/08/2012,76.51,3038.67,0.0,0.0,1401.93,2672.55,False,8.839
6321,35,24/08/2012,72.93,5726.77,0.0,57.08,5332.71,4133.91,False,8.839
6322,35,31/08/2012,75.0,17617.15,0.0,94.08,6324.67,3173.73,False,8.839
6323,35,07/09/2012,76.0,11678.32,0.0,53.35,1976.76,8415.89,True,8.839
6324,35,14/09/2012,68.72,8915.4,0.0,16.27,1564.94,7400.92,False,8.839
6325,35,21/09/2012,66.1,6982.1,87.37,6.0,2085.94,9129.21,False,8.839
6326,35,28/09/2012,64.92,20867.96,42.64,3.22,5895.05,3810.27,False,8.839
6327,35,05/10/2012,64.5,6855.08,0.0,3.66,2468.47,2737.33,False,8.665
6328,35,12/10/2012,55.4,1524.37,0.0,5.33,558.26,6097.45,False,8.665
6329,35,19/10/2012,56.53,2694.71,0.0,4.98,526.09,2051.88,False,8.665
6330,35,26/10/2012,58.99,6221.06,42.48,103.0,273.9,996.79,False,8.665
6331,35,02/11/2012,54.44,9427.41,3322.67,31.3,3119.64,1982.11,False,8.665
6332,35,09/11/2012,41.06,17908.37,15471.05,34.52,5265.54,3391.48,False,8.665
6333,35,16/11/2012,46.66,26644.24,2042.09,51.8,1199.87,3364.14,False,8.665
6334,35,23/11/2012,43.63,1667.99,0.03,86476.66,767.2,176.28,True,8.665
6335,35,30/11/2012,38.95,4571.65,0.01,6399.56,140.84,8504.85,False,8.665
6336,35,07/12/2012,44.13,8321.83,0.0,238.0,3715.06,15317.62,False,8.665
6337,35,14/12/2012,43.87,5606.15,0.0,88.0,292.38,6927.98,False,8.665
6338,35,21/12/2012,43.65,4222.06,270.76,16590.92,277.15,8946.15,False,8.665
6339,35,28/12/2012,36.05,16517.47,25386.59,103.38,75.21,5831.36,True,8.665
6340,35,04/01/2013,32.23,4130.71,27550.99,13.58,641.42,3316.54,False,8.6
6341,35,11/01/2013,39.49,3821.57,15278.75,8.72,623.03,1695.26,False,8.6
6342,35,18/01/2013,40.57,3208.85,5662.38,1.44,310.04,2720.6,False,8.6
6343,35,25/01/2013,26.45,3118.92,2647.13,0.0,231.83,1749.41,False,8.6
6344,35,01/02/2013,34.17,30103.32,1530.12,38.3,52850.8,5978.13,False,8.6
6345,35,08/02/2013,28.67,88750.34,843.99,1172.94,46503.81,3298.91,True,8.6
6346,35,15/02/2013,35.13,16787.07,5016.1,2.44,6926.31,6276.88,False,8.6
6347,35,22/02/2013,31.52,14704.41,2696.43,9.96,1457.13,3632.98,False,8.6
6348,35,01/03/2013,39.9,11748.39,404.61,4.98,54.65,2250.11,False,8.6
6349,35,08/03/2013,36.11,38288.52,133.06,16.03,8557.22,2845.18,False,8.6
6350,35,15/03/2013,41.95,13085.43,0.0,4.28,3595.89,994.23,False,8.6
6351,35,22/03/2013,35.43,17933.65,0.0,198.0,2646.56,5513.3,False,8.6
6352,35,29/03/2013,41.53,11777.3,0.0,382.54,1877.2,2292.68,False,8.6
6353,35,05/04/2013,43.78,16622.2,4235.77,256.0,3441.18,1021.09,False,8.36
6354,35,12/04/2013,53.28,4828.15,4850.29,-44.54,878.64,1098.99,False,8.36
6355,35,19/04/2013,53.65,1975.51,532.62,48.0,173.1,925.87,False,8.36
6356,35,26/04/2013,50.88,2372.33,0.0,37.2,101.57,1632.06,False,8.36
6357,35,03/05/2013,55.83,13043.78,18.0,37.84,3516.9,1846.32,False,
6358,35,10/05/2013,57.38,4022.62,1508.28,35.74,1241.52,4726.08,False,
6359,35,17/05/2013,60.06,10538.98,904.78,7.7,1680.85,7788.77,False,
6360,35,24/05/2013,65.19,3116.05,598.9,471.12,1030.77,6244.76,False,
6361,35,31/05/2013,64.65,4542.19,286.29,13.8,36.9,1613.98,False,
6362,35,07/06/2013,69.53,14769.81,154.12,53.59,6333.27,5408.17,False,
6363,35,14/06/2013,67.64,6636.89,159.07,313.37,2895.53,1947.01,False,
6364,35,21/06/2013,70.76,3252.39,118.02,65.02,4722.43,10790.02,False,
6365,35,28/06/2013,77.34,4764.55,85.65,0.0,4660.01,3274.82,False,
6366,35,05/07/2013,77.41,6333.87,138.09,610.35,7224.45,728.0,False,
6367,35,12/07/2013,80.74,4798.18,130.88,22.05,2351.6,15562.99,False,
6368,35,19/07/2013,83.36,2318.53,122.3,23.45,771.35,1959.59,False,
6369,35,26/07/2013,77.01,237.96,50.0,4.0,23.64,1059.83,False,
6370,36,05/02/2010,45.97,0.0,0.0,0.0,0.0,0.0,False,8.554
6371,36,12/02/2010,46.11,0.0,0.0,0.0,0.0,0.0,True,8.554
6372,36,19/02/2010,45.66,0.0,0.0,0.0,0.0,0.0,False,8.554
6373,36,26/02/2010,50.87,0.0,0.0,0.0,0.0,0.0,False,8.554
6374,36,05/03/2010,51.33,0.0,0.0,0.0,0.0,0.0,False,8.554
6375,36,12/03/2010,61.96,0.0,0.0,0.0,0.0,0.0,False,8.554
6376,36,19/03/2010,59.56,0.0,0.0,0.0,0.0,0.0,False,8.554
6377,36,26/03/2010,55.76,0.0,0.0,0.0,0.0,0.0,False,8.554
6378,36,02/04/2010,63.43,0.0,0.0,0.0,0.0,0.0,False,8.464
6379,36,09/04/2010,68.54,0.0,0.0,0.0,0.0,0.0,False,8.464
6380,36,16/04/2010,66.74,0.0,0.0,0.0,0.0,0.0,False,8.464
6381,36,23/04/2010,68.03,0.0,0.0,0.0,0.0,0.0,False,8.464
6382,36,30/04/2010,70.9,0.0,0.0,0.0,0.0,0.0,False,8.464
6383,36,07/05/2010,75.56,0.0,0.0,0.0,0.0,0.0,False,8.464
6384,36,14/05/2010,77.53,0.0,0.0,0.0,0.0,0.0,False,8.464
6385,36,21/05/2010,77.34,0.0,0.0,0.0,0.0,0.0,False,8.464
6386,36,28/05/2010,80.87,0.0,0.0,0.0,0.0,0.0,False,8.464
6387,36,04/06/2010,79.93,0.0,0.0,0.0,0.0,0.0,False,8.464
6388,36,11/06/2010,82.3,0.0,0.0,0.0,0.0,0.0,False,8.464
6389,36,18/06/2010,84.37,0.0,0.0,0.0,0.0,0.0,False,8.464
6390,36,25/06/2010,84.14,0.0,0.0,0.0,0.0,0.0,False,8.464
6391,36,02/07/2010,81.85,0.0,0.0,0.0,0.0,0.0,False,8.36
6392,36,09/07/2010,81.74,0.0,0.0,0.0,0.0,0.0,False,8.36
6393,36,16/07/2010,84.43,0.0,0.0,0.0,0.0,0.0,False,8.36
6394,36,23/07/2010,82.6,0.0,0.0,0.0,0.0,0.0,False,8.36
6395,36,30/07/2010,81.88,0.0,0.0,0.0,0.0,0.0,False,8.36
6396,36,06/08/2010,85.49,0.0,0.0,0.0,0.0,0.0,False,8.36
6397,36,13/08/2010,86.06,0.0,0.0,0.0,0.0,0.0,False,8.36
6398,36,20/08/2010,85.54,0.0,0.0,0.0,0.0,0.0,False,8.36
6399,36,27/08/2010,84.62,0.0,0.0,0.0,0.0,0.0,False,8.36
6400,36,03/09/2010,82.29,0.0,0.0,0.0,0.0,0.0,False,8.36
6401,36,10/09/2010,80.58,0.0,0.0,0.0,0.0,0.0,True,8.36
6402,36,17/09/2010,82.1,0.0,0.0,0.0,0.0,0.0,False,8.36
6403,36,24/09/2010,79.17,0.0,0.0,0.0,0.0,0.0,False,8.36
6404,36,01/10/2010,74.66,0.0,0.0,0.0,0.0,0.0,False,8.476
6405,36,08/10/2010,66.34,0.0,0.0,0.0,0.0,0.0,False,8.476
6406,36,15/10/2010,71.57,0.0,0.0,0.0,0.0,0.0,False,8.476
6407,36,22/10/2010,72.24,0.0,0.0,0.0,0.0,0.0,False,8.476
6408,36,29/10/2010,76.22,0.0,0.0,0.0,0.0,0.0,False,8.476
6409,36,05/11/2010,62.72,0.0,0.0,0.0,0.0,0.0,False,8.476
6410,36,12/11/2010,61.97,0.0,0.0,0.0,0.0,0.0,False,8.476
6411,36,19/11/2010,56.73,0.0,0.0,0.0,0.0,0.0,False,8.476
6412,36,26/11/2010,67.73,0.0,0.0,0.0,0.0,0.0,True,8.476
6413,36,03/12/2010,54.44,0.0,0.0,0.0,0.0,0.0,False,8.476
6414,36,10/12/2010,51.83,0.0,0.0,0.0,0.0,0.0,False,8.476
6415,36,17/12/2010,56.73,0.0,0.0,0.0,0.0,0.0,False,8.476
6416,36,24/12/2010,59.1,0.0,0.0,0.0,0.0,0.0,False,8.476
6417,36,31/12/2010,52.88,0.0,0.0,0.0,0.0,0.0,True,8.476
6418,36,07/01/2011,54.11,0.0,0.0,0.0,0.0,0.0,False,8.395
6419,36,14/01/2011,42.87,0.0,0.0,0.0,0.0,0.0,False,8.395
6420,36,21/01/2011,51.18,0.0,0.0,0.0,0.0,0.0,False,8.395
6421,36,28/01/2011,48.74,0.0,0.0,0.0,0.0,0.0,False,8.395
6422,36,04/02/2011,46.68,0.0,0.0,0.0,0.0,0.0,False,8.395
6423,36,11/02/2011,41.16,0.0,0.0,0.0,0.0,0.0,True,8.395
6424,36,18/02/2011,57.48,0.0,0.0,0.0,0.0,0.0,False,8.395
6425,36,25/02/2011,67.73,0.0,0.0,0.0,0.0,0.0,False,8.395
6426,36,04/03/2011,64.55,0.0,0.0,0.0,0.0,0.0,False,8.395
6427,36,11/03/2011,59.15,0.0,0.0,0.0,0.0,0.0,False,8.395
6428,36,18/03/2011,64.9,0.0,0.0,0.0,0.0,0.0,False,8.395
6429,36,25/03/2011,71.07,0.0,0.0,0.0,0.0,0.0,False,8.395
6430,36,01/04/2011,67.31,0.0,0.0,0.0,0.0,0.0,False,8.3
6431,36,08/04/2011,69.39,0.0,0.0,0.0,0.0,0.0,False,8.3
6432,36,15/04/2011,73.25,0.0,0.0,0.0,0.0,0.0,False,8.3
6433,36,22/04/2011,74.57,0.0,0.0,0.0,0.0,0.0,False,8.3
6434,36,29/04/2011,76.1,0.0,0.0,0.0,0.0,0.0,False,8.3
6435,36,06/05/2011,69.56,0.0,0.0,0.0,0.0,0.0,False,8.3
6436,36,13/05/2011,76.73,0.0,0.0,0.0,0.0,0.0,False,8.3
6437,36,20/05/2011,73.02,0.0,0.0,0.0,0.0,0.0,False,8.3
6438,36,27/05/2011,81.28,0.0,0.0,0.0,0.0,0.0,False,8.3
6439,36,03/06/2011,82.96,0.0,0.0,0.0,0.0,0.0,False,8.3
6440,36,10/06/2011,82.41,0.0,0.0,0.0,0.0,0.0,False,8.3
6441,36,17/06/2011,84.43,0.0,0.0,0.0,0.0,0.0,False,8.3
6442,36,24/06/2011,83.95,0.0,0.0,0.0,0.0,0.0,False,8.3
6443,36,01/07/2011,85.33,0.0,0.0,0.0,0.0,0.0,False,8.177
6444,36,08/07/2011,84.71,0.0,0.0,0.0,0.0,0.0,False,8.177
6445,36,15/07/2011,85.63,0.0,0.0,0.0,0.0,0.0,False,8.177
6446,36,22/07/2011,83.31,0.0,0.0,0.0,0.0,0.0,False,8.177
6447,36,29/07/2011,84.99,0.0,0.0,0.0,0.0,0.0,False,8.177
6448,36,05/08/2011,86.71,0.0,0.0,0.0,0.0,0.0,False,8.177
6449,36,12/08/2011,87.64,0.0,0.0,0.0,0.0,0.0,False,8.177
6450,36,19/08/2011,87.24,0.0,0.0,0.0,0.0,0.0,False,8.177
6451,36,26/08/2011,86.02,0.0,0.0,0.0,0.0,0.0,False,8.177
6452,36,02/09/2011,87.5,0.0,0.0,0.0,0.0,0.0,False,8.177
6453,36,09/09/2011,77.94,0.0,0.0,0.0,0.0,0.0,True,8.177
6454,36,16/09/2011,82.06,0.0,0.0,0.0,0.0,0.0,False,8.177
6455,36,23/09/2011,78.35,0.0,0.0,0.0,0.0,0.0,False,8.177
6456,36,30/09/2011,81.52,0.0,0.0,0.0,0.0,0.0,False,8.177
6457,36,07/10/2011,71.2,0.0,0.0,0.0,0.0,0.0,False,7.716
6458,36,14/10/2011,74.16,0.0,0.0,0.0,0.0,0.0,False,7.716
6459,36,21/10/2011,67.89,0.0,0.0,0.0,0.0,0.0,False,7.716
6460,36,28/10/2011,71.31,0.0,0.0,0.0,0.0,0.0,False,7.716
6461,36,04/11/2011,58.97,0.0,0.0,0.0,0.0,0.0,False,7.716
6462,36,11/11/2011,63.5,65.32,519.25,0.0,0.0,1334.56,False,7.716
6463,36,18/11/2011,66.28,5.64,19.82,0.0,0.0,578.02,False,7.716
6464,36,25/11/2011,66.41,7.09,0.0,0.0,0.0,780.75,True,7.716
6465,36,02/12/2011,53.57,0.0,0.0,10.0,0.0,624.31,False,7.716
6466,36,09/12/2011,50.64,0.0,0.0,-0.87,0.0,1129.02,False,7.716
6467,36,16/12/2011,58.31,11.64,0.0,1.14,0.0,3752.18,False,7.716
6468,36,23/12/2011,55.41,17.01,0.0,0.76,0.0,2264.75,False,7.716
6469,36,30/12/2011,48.26,548.91,1288.61,0.0,50.4,412.21,True,7.716
6470,36,06/01/2012,57.18,5.92,2257.39,2.86,0.0,1024.9,False,7.244
6471,36,13/01/2012,56.28,15.85,1402.86,7.04,0.0,858.31,False,7.244
6472,36,20/01/2012,58.9,318.15,294.59,1.98,0.0,589.99,False,7.244
6473,36,27/01/2012,62.73,35.96,17.03,0.44,0.0,381.04,False,7.244
6474,36,03/02/2012,61.33,1786.27,1.5,2.62,2.5,1373.38,False,7.244
6475,36,10/02/2012,54.49,810.75,5.5,3.82,0.0,699.9,True,7.244
6476,36,17/02/2012,54.38,377.29,417.07,0.44,0.0,537.36,False,7.244
6477,36,24/02/2012,62.21,90.73,171.14,0.0,0.0,872.76,False,7.244
6478,36,02/03/2012,64.54,512.15,0.02,0.0,0.0,2359.78,False,7.244
6479,36,09/03/2012,63.19,258.89,1.5,0.99,0.0,1835.63,False,7.244
6480,36,16/03/2012,67.48,93.51,1.5,0.34,0.0,612.83,False,7.244
6481,36,23/03/2012,69.18,98.84,0.0,1.7,0.0,1382.01,False,7.244
6482,36,30/03/2012,70.48,40.28,0.5,0.0,0.0,440.54,False,7.244
6483,36,06/04/2012,73.95,375.2,0.0,0.0,12.41,1398.67,False,6.989
6484,36,13/04/2012,72.54,85.47,651.77,0.0,0.0,487.07,False,6.989
6485,36,20/04/2012,70.87,177.77,317.91,0.0,231.31,1473.96,False,6.989
6486,36,27/04/2012,70.06,252.98,36.03,0.0,0.0,6621.24,False,6.989
6487,36,04/05/2012,77.17,621.82,0.0,0.0,18.38,1191.47,False,6.989
6488,36,11/05/2012,76.55,475.61,0.0,0.0,0.0,818.06,False,6.989
6489,36,18/05/2012,73.7,367.23,0.0,0.0,0.0,1704.18,False,6.989
6490,36,25/05/2012,78.94,517.28,0.0,0.0,0.92,1767.58,False,6.989
6491,36,01/06/2012,80.74,187.88,0.0,0.0,4.02,1674.5,False,6.989
6492,36,08/06/2012,81.5,226.87,0.0,0.0,5.0,597.68,False,6.989
6493,36,15/06/2012,82.15,945.96,0.0,0.0,0.0,2709.66,False,6.989
6494,36,22/06/2012,80.4,318.51,0.0,0.0,0.0,1805.33,False,6.989
6495,36,29/06/2012,86.68,1169.41,0.0,0.0,0.0,2549.31,False,6.989
6496,36,06/07/2012,81.52,249.73,0.0,0.04,0.0,659.16,False,6.623
6497,36,13/07/2012,78.15,769.5,0.0,0.01,0.0,1530.69,False,6.623
6498,36,20/07/2012,81.76,38.04,0.0,0.0,0.0,886.99,False,6.623
6499,36,27/07/2012,84.0,144.59,0.0,0.0,0.0,1545.26,False,6.623
6500,36,03/08/2012,85.56,243.47,0.0,2.4,64.47,1077.74,False,6.623
6501,36,10/08/2012,84.41,25.14,0.0,0.0,1.98,1638.93,False,6.623
6502,36,17/08/2012,85.89,442.05,0.0,0.0,0.0,1381.39,False,6.623
6503,36,24/08/2012,81.26,196.4,0.0,0.0,0.0,1012.91,False,6.623
6504,36,31/08/2012,84.79,156.18,0.0,0.0,0.0,329.61,False,6.623
6505,36,07/09/2012,84.19,463.27,0.0,1.75,0.0,2480.2,True,6.623
6506,36,14/09/2012,78.16,788.5,0.0,1.05,3.44,1591.72,False,6.623
6507,36,21/09/2012,75.98,53.1,0.0,0.0,0.0,1532.27,False,6.623
6508,36,28/09/2012,79.49,205.0,0.0,0.0,0.0,1939.92,False,6.623
6509,36,05/10/2012,73.57,211.09,0.0,0.0,0.0,1007.44,False,6.228
6510,36,12/10/2012,71.28,32.28,0.0,0.0,0.0,1312.73,False,6.228
6511,36,19/10/2012,74.06,29.01,0.0,0.0,0.0,632.1,False,6.228
6512,36,26/10/2012,74.39,463.05,1.74,0.0,0.0,795.76,False,6.228
6513,36,02/11/2012,62.44,373.78,769.74,0.0,0.0,403.39,False,6.228
6514,36,09/11/2012,68.58,-16.93,850.05,0.0,0.0,733.24,False,6.228
6515,36,16/11/2012,60.71,1069.73,21.2,0.0,0.0,1161.04,False,6.228
6516,36,23/11/2012,60.96,31.77,0.0,2.98,0.0,417.71,True,6.228
6517,36,30/11/2012,59.43,315.68,0.0,0.0,5.67,1590.32,False,6.228
6518,36,07/12/2012,68.04,-772.21,0.0,0.0,0.0,692.1,False,6.228
6519,36,14/12/2012,56.66,109.79,0.0,0.0,0.0,525.58,False,6.228
6520,36,21/12/2012,63.08,85.11,0.0,0.0,0.0,415.96,False,6.228
6521,36,28/12/2012,55.73,644.41,1340.37,0.0,79.8,540.0,True,6.228
6522,36,04/01/2013,49.08,811.74,1115.56,0.0,0.0,394.1,False,6.266
6523,36,11/01/2013,54.15,493.07,880.36,0.0,0.0,872.23,False,6.266
6524,36,18/01/2013,49.6,224.2,46.22,0.0,36.18,358.58,False,6.266
6525,36,25/01/2013,57.77,568.71,11.75,0.0,0.0,928.12,False,6.266
6526,36,01/02/2013,63.45,496.61,11.35,0.0,0.0,689.46,False,6.266
6527,36,08/02/2013,62.46,2005.19,1.0,0.0,24.57,1032.15,True,6.266
6528,36,15/02/2013,57.68,959.25,129.65,0.0,1.26,1907.27,False,6.266
6529,36,22/02/2013,59.22,908.67,804.66,0.0,0.0,1231.64,False,6.266
6530,36,01/03/2013,56.13,849.54,0.0,0.0,0.0,630.16,False,6.266
6531,36,08/03/2013,56.8,1690.77,0.0,0.0,0.0,887.1,False,6.266
6532,36,15/03/2013,59.75,170.51,0.0,0.0,7.41,470.31,False,6.266
6533,36,22/03/2013,68.54,751.52,0.0,0.0,0.0,827.36,False,6.266
6534,36,29/03/2013,59.26,232.82,0.0,0.0,0.0,672.83,False,6.266
6535,36,05/04/2013,63.58,1230.34,878.73,0.0,0.0,987.56,False,6.143
6536,36,12/04/2013,66.05,347.44,548.97,0.0,0.0,480.14,False,6.143
6537,36,19/04/2013,68.97,426.0,0.45,0.0,2.61,1425.88,False,6.143
6538,36,26/04/2013,64.4,150.28,0.0,0.0,0.0,326.75,False,6.143
6539,36,03/05/2013,70.04,70.98,0.0,0.0,2.61,1535.28,False,
6540,36,10/05/2013,68.02,477.78,0.0,0.0,75.6,1660.59,False,
6541,36,17/05/2013,73.08,1835.31,0.0,0.0,0.0,1537.86,False,
6542,36,24/05/2013,80.03,306.68,0.0,0.0,0.0,1565.57,False,
6543,36,31/05/2013,80.19,165.31,0.0,0.0,0.0,275.85,False,
6544,36,07/06/2013,80.2,691.45,0.0,0.0,145.61,2064.72,False,
6545,36,14/06/2013,81.03,52.33,0.0,0.0,70.56,861.94,False,
6546,36,21/06/2013,83.82,350.46,0.0,0.0,48.8,1166.54,False,
6547,36,28/06/2013,84.66,444.9,0.0,0.0,0.0,1443.12,False,
6548,36,05/07/2013,84.18,21.24,0.0,0.0,0.0,1261.13,False,
6549,36,12/07/2013,84.02,67.86,0.0,0.0,0.0,1016.91,False,
6550,36,19/07/2013,81.28,165.79,0.0,0.0,0.0,408.04,False,
6551,36,26/07/2013,83.28,128.41,0.0,0.0,39.52,405.62,False,
6552,37,05/02/2010,45.97,0.0,0.0,0.0,0.0,0.0,False,8.554
6553,37,12/02/2010,46.11,0.0,0.0,0.0,0.0,0.0,True,8.554
6554,37,19/02/2010,45.66,0.0,0.0,0.0,0.0,0.0,False,8.554
6555,37,26/02/2010,50.87,0.0,0.0,0.0,0.0,0.0,False,8.554
6556,37,05/03/2010,51.33,0.0,0.0,0.0,0.0,0.0,False,8.554
6557,37,12/03/2010,61.96,0.0,0.0,0.0,0.0,0.0,False,8.554
6558,37,19/03/2010,59.56,0.0,0.0,0.0,0.0,0.0,False,8.554
6559,37,26/03/2010,55.76,0.0,0.0,0.0,0.0,0.0,False,8.554
6560,37,02/04/2010,63.43,0.0,0.0,0.0,0.0,0.0,False,8.464
6561,37,09/04/2010,68.54,0.0,0.0,0.0,0.0,0.0,False,8.464
6562,37,16/04/2010,66.74,0.0,0.0,0.0,0.0,0.0,False,8.464
6563,37,23/04/2010,68.03,0.0,0.0,0.0,0.0,0.0,False,8.464
6564,37,30/04/2010,70.9,0.0,0.0,0.0,0.0,0.0,False,8.464
6565,37,07/05/2010,75.56,0.0,0.0,0.0,0.0,0.0,False,8.464
6566,37,14/05/2010,77.53,0.0,0.0,0.0,0.0,0.0,False,8.464
6567,37,21/05/2010,77.34,0.0,0.0,0.0,0.0,0.0,False,8.464
6568,37,28/05/2010,80.87,0.0,0.0,0.0,0.0,0.0,False,8.464
6569,37,04/06/2010,79.93,0.0,0.0,0.0,0.0,0.0,False,8.464
6570,37,11/06/2010,82.3,0.0,0.0,0.0,0.0,0.0,False,8.464
6571,37,18/06/2010,84.37,0.0,0.0,0.0,0.0,0.0,False,8.464
6572,37,25/06/2010,84.14,0.0,0.0,0.0,0.0,0.0,False,8.464
6573,37,02/07/2010,81.85,0.0,0.0,0.0,0.0,0.0,False,8.36
6574,37,09/07/2010,81.74,0.0,0.0,0.0,0.0,0.0,False,8.36
6575,37,16/07/2010,84.43,0.0,0.0,0.0,0.0,0.0,False,8.36
6576,37,23/07/2010,82.6,0.0,0.0,0.0,0.0,0.0,False,8.36
6577,37,30/07/2010,81.88,0.0,0.0,0.0,0.0,0.0,False,8.36
6578,37,06/08/2010,85.49,0.0,0.0,0.0,0.0,0.0,False,8.36
6579,37,13/08/2010,86.06,0.0,0.0,0.0,0.0,0.0,False,8.36
6580,37,20/08/2010,85.54,0.0,0.0,0.0,0.0,0.0,False,8.36
6581,37,27/08/2010,84.62,0.0,0.0,0.0,0.0,0.0,False,8.36
6582,37,03/09/2010,82.29,0.0,0.0,0.0,0.0,0.0,False,8.36
6583,37,10/09/2010,80.58,0.0,0.0,0.0,0.0,0.0,True,8.36
6584,37,17/09/2010,82.1,0.0,0.0,0.0,0.0,0.0,False,8.36
6585,37,24/09/2010,79.17,0.0,0.0,0.0,0.0,0.0,False,8.36
6586,37,01/10/2010,74.66,0.0,0.0,0.0,0.0,0.0,False,8.476
6587,37,08/10/2010,66.34,0.0,0.0,0.0,0.0,0.0,False,8.476
6588,37,15/10/2010,71.57,0.0,0.0,0.0,0.0,0.0,False,8.476
6589,37,22/10/2010,72.24,0.0,0.0,0.0,0.0,0.0,False,8.476
6590,37,29/10/2010,76.22,0.0,0.0,0.0,0.0,0.0,False,8.476
6591,37,05/11/2010,62.72,0.0,0.0,0.0,0.0,0.0,False,8.476
6592,37,12/11/2010,61.97,0.0,0.0,0.0,0.0,0.0,False,8.476
6593,37,19/11/2010,56.73,0.0,0.0,0.0,0.0,0.0,False,8.476
6594,37,26/11/2010,67.73,0.0,0.0,0.0,0.0,0.0,True,8.476
6595,37,03/12/2010,54.44,0.0,0.0,0.0,0.0,0.0,False,8.476
6596,37,10/12/2010,51.83,0.0,0.0,0.0,0.0,0.0,False,8.476
6597,37,17/12/2010,56.73,0.0,0.0,0.0,0.0,0.0,False,8.476
6598,37,24/12/2010,59.1,0.0,0.0,0.0,0.0,0.0,False,8.476
6599,37,31/12/2010,52.88,0.0,0.0,0.0,0.0,0.0,True,8.476
6600,37,07/01/2011,54.11,0.0,0.0,0.0,0.0,0.0,False,8.395
6601,37,14/01/2011,42.87,0.0,0.0,0.0,0.0,0.0,False,8.395
6602,37,21/01/2011,51.18,0.0,0.0,0.0,0.0,0.0,False,8.395
6603,37,28/01/2011,48.74,0.0,0.0,0.0,0.0,0.0,False,8.395
6604,37,04/02/2011,46.68,0.0,0.0,0.0,0.0,0.0,False,8.395
6605,37,11/02/2011,41.16,0.0,0.0,0.0,0.0,0.0,True,8.395
6606,37,18/02/2011,57.48,0.0,0.0,0.0,0.0,0.0,False,8.395
6607,37,25/02/2011,67.73,0.0,0.0,0.0,0.0,0.0,False,8.395
6608,37,04/03/2011,64.55,0.0,0.0,0.0,0.0,0.0,False,8.395
6609,37,11/03/2011,59.15,0.0,0.0,0.0,0.0,0.0,False,8.395
6610,37,18/03/2011,64.9,0.0,0.0,0.0,0.0,0.0,False,8.395
6611,37,25/03/2011,71.07,0.0,0.0,0.0,0.0,0.0,False,8.395
6612,37,01/04/2011,67.31,0.0,0.0,0.0,0.0,0.0,False,8.3
6613,37,08/04/2011,69.39,0.0,0.0,0.0,0.0,0.0,False,8.3
6614,37,15/04/2011,73.25,0.0,0.0,0.0,0.0,0.0,False,8.3
6615,37,22/04/2011,74.57,0.0,0.0,0.0,0.0,0.0,False,8.3
6616,37,29/04/2011,76.1,0.0,0.0,0.0,0.0,0.0,False,8.3
6617,37,06/05/2011,69.56,0.0,0.0,0.0,0.0,0.0,False,8.3
6618,37,13/05/2011,76.73,0.0,0.0,0.0,0.0,0.0,False,8.3
6619,37,20/05/2011,73.02,0.0,0.0,0.0,0.0,0.0,False,8.3
6620,37,27/05/2011,81.28,0.0,0.0,0.0,0.0,0.0,False,8.3
6621,37,03/06/2011,82.96,0.0,0.0,0.0,0.0,0.0,False,8.3
6622,37,10/06/2011,82.41,0.0,0.0,0.0,0.0,0.0,False,8.3
6623,37,17/06/2011,84.43,0.0,0.0,0.0,0.0,0.0,False,8.3
6624,37,24/06/2011,83.95,0.0,0.0,0.0,0.0,0.0,False,8.3
6625,37,01/07/2011,85.33,0.0,0.0,0.0,0.0,0.0,False,8.177
6626,37,08/07/2011,84.71,0.0,0.0,0.0,0.0,0.0,False,8.177
6627,37,15/07/2011,85.63,0.0,0.0,0.0,0.0,0.0,False,8.177
6628,37,22/07/2011,83.31,0.0,0.0,0.0,0.0,0.0,False,8.177
6629,37,29/07/2011,84.99,0.0,0.0,0.0,0.0,0.0,False,8.177
6630,37,05/08/2011,86.71,0.0,0.0,0.0,0.0,0.0,False,8.177
6631,37,12/08/2011,87.64,0.0,0.0,0.0,0.0,0.0,False,8.177
6632,37,19/08/2011,87.24,0.0,0.0,0.0,0.0,0.0,False,8.177
6633,37,26/08/2011,86.02,0.0,0.0,0.0,0.0,0.0,False,8.177
6634,37,02/09/2011,87.5,0.0,0.0,0.0,0.0,0.0,False,8.177
6635,37,09/09/2011,77.94,0.0,0.0,0.0,0.0,0.0,True,8.177
6636,37,16/09/2011,82.06,0.0,0.0,0.0,0.0,0.0,False,8.177
6637,37,23/09/2011,78.35,0.0,0.0,0.0,0.0,0.0,False,8.177
6638,37,30/09/2011,81.52,0.0,0.0,0.0,0.0,0.0,False,8.177
6639,37,07/10/2011,71.2,0.0,0.0,0.0,0.0,0.0,False,7.716
6640,37,14/10/2011,74.16,0.0,0.0,0.0,0.0,0.0,False,7.716
6641,37,21/10/2011,67.89,0.0,0.0,0.0,0.0,0.0,False,7.716
6642,37,28/10/2011,71.31,0.0,0.0,0.0,0.0,0.0,False,7.716
6643,37,04/11/2011,58.97,0.0,0.0,0.0,0.0,0.0,False,7.716
6644,37,11/11/2011,63.5,8.62,56.53,117.92,0.0,796.28,False,7.716
6645,37,18/11/2011,66.28,32.17,5.51,0.0,0.0,1502.49,False,7.716
6646,37,25/11/2011,66.41,2.8,0.0,0.0,0.0,308.82,True,7.716
6647,37,02/12/2011,53.57,1.5,0.0,6.03,0.0,1180.32,False,7.716
6648,37,09/12/2011,50.64,0.0,0.0,16.62,0.0,1319.82,False,7.716
6649,37,16/12/2011,58.31,13.38,0.0,9.18,0.0,868.78,False,7.716
6650,37,23/12/2011,55.41,158.11,0.0,7.5,0.0,1316.88,False,7.716
6651,37,30/12/2011,48.26,373.92,1057.77,1.5,10.08,741.34,True,7.716
6652,37,06/01/2012,57.18,250.83,1348.24,48.05,0.0,1151.33,False,7.244
6653,37,13/01/2012,56.28,1534.85,581.46,31.07,0.0,820.26,False,7.244
6654,37,20/01/2012,58.9,366.42,313.91,27.94,0.0,344.84,False,7.244
6655,37,27/01/2012,62.73,186.28,27.75,33.0,0.0,323.83,False,7.244
6656,37,03/02/2012,61.33,1416.62,11.62,93.34,132.22,1757.37,False,7.244
6657,37,10/02/2012,54.49,264.34,3.0,40.01,0.0,2147.95,True,7.244
6658,37,17/02/2012,54.38,1173.99,593.1,2.86,0.0,1372.2,False,7.244
6659,37,24/02/2012,62.21,141.18,282.22,0.0,0.0,739.65,False,7.244
6660,37,02/03/2012,64.54,892.47,18.92,2.9,0.0,3369.86,False,7.244
6661,37,09/03/2012,63.19,1024.83,2.0,10.7,0.0,2304.93,False,7.244
6662,37,16/03/2012,67.48,109.13,4.5,2.38,0.0,563.61,False,7.244
6663,37,23/03/2012,69.18,460.73,0.0,0.68,0.0,1560.28,False,7.244
6664,37,30/03/2012,70.48,41.95,0.5,0.0,0.0,619.87,False,7.244
6665,37,06/04/2012,73.95,16.33,0.0,24.05,0.0,2119.5,False,6.989
6666,37,13/04/2012,72.54,303.63,621.72,1.9,0.0,2429.1,False,6.989
6667,37,20/04/2012,70.87,125.0,32.57,6.3,0.0,3201.88,False,6.989
6668,37,27/04/2012,70.06,259.23,0.0,7.58,0.0,861.14,False,6.989
6669,37,04/05/2012,77.17,276.27,0.0,14.9,0.0,671.64,False,6.989
6670,37,11/05/2012,76.55,333.98,0.0,0.7,0.0,1500.11,False,6.989
6671,37,18/05/2012,73.7,391.4,0.0,0.0,0.0,1697.98,False,6.989
6672,37,25/05/2012,78.94,0.0,0.0,0.0,0.0,706.18,False,6.989
6673,37,01/06/2012,80.74,57.81,0.0,0.0,0.0,1268.73,False,6.989
6674,37,08/06/2012,81.5,349.22,0.0,14.4,0.0,769.34,False,6.989
6675,37,15/06/2012,82.15,255.38,0.0,4.51,0.0,3027.4,False,6.989
6676,37,22/06/2012,80.4,277.33,0.0,0.0,0.0,1269.26,False,6.989
6677,37,29/06/2012,86.68,165.32,0.0,0.0,0.0,1989.84,False,6.989
6678,37,06/07/2012,81.52,259.87,0.0,9.27,0.0,1155.93,False,6.623
6679,37,13/07/2012,78.15,170.2,0.0,1.23,0.0,1270.54,False,6.623
6680,37,20/07/2012,81.76,67.7,0.0,3.97,0.0,1634.33,False,6.623
6681,37,27/07/2012,84.0,22.21,0.0,0.93,0.0,705.33,False,6.623
6682,37,03/08/2012,85.56,0.0,0.0,17.58,0.0,683.58,False,6.623
6683,37,10/08/2012,84.41,509.88,0.0,23.22,25.74,3183.91,False,6.623
6684,37,17/08/2012,85.89,170.08,0.0,13.16,0.0,792.21,False,6.623
6685,37,24/08/2012,81.26,247.17,0.0,23.9,0.0,2285.83,False,6.623
6686,37,31/08/2012,84.79,0.0,0.0,12.12,0.0,540.98,False,6.623
6687,37,07/09/2012,84.19,319.93,0.0,251.31,354.73,2145.98,True,6.623
6688,37,14/09/2012,78.16,740.77,0.0,32.02,123.04,1617.03,False,6.623
6689,37,21/09/2012,75.98,241.47,0.0,0.0,0.0,2143.91,False,6.623
6690,37,28/09/2012,79.49,59.61,0.0,0.0,0.0,722.92,False,6.623
6691,37,05/10/2012,73.57,126.94,0.0,2.02,0.0,1451.99,False,6.228
6692,37,12/10/2012,71.28,32.97,0.0,4.92,0.0,2083.7,False,6.228
6693,37,19/10/2012,74.06,121.25,0.0,6.6,0.0,888.9,False,6.228
6694,37,26/10/2012,74.39,19.54,5.22,1.55,0.0,1891.77,False,6.228
6695,37,02/11/2012,62.44,74.74,293.84,17.5,0.0,798.26,False,6.228
6696,37,09/11/2012,68.58,450.11,679.91,1.29,0.0,892.4,False,6.228
6697,37,16/11/2012,60.71,412.15,3.36,15.84,0.0,1249.82,False,6.228
6698,37,23/11/2012,60.96,12.99,0.0,6.34,0.0,114.25,True,6.228
6699,37,30/11/2012,59.43,274.14,0.0,0.0,13.86,856.38,False,6.228
6700,37,07/12/2012,68.04,235.43,0.0,14.5,0.0,829.18,False,6.228
6701,37,14/12/2012,56.66,480.96,0.0,9.0,1.89,1088.08,False,6.228
6702,37,21/12/2012,63.08,953.39,0.0,50.87,0.0,633.11,False,6.228
6703,37,28/12/2012,55.73,571.86,1339.38,18.43,1.56,1271.03,True,6.228
6704,37,04/01/2013,49.08,549.39,653.58,3.32,0.0,757.64,False,6.266
6705,37,11/01/2013,54.15,671.37,479.35,0.12,0.0,715.85,False,6.266
6706,37,18/01/2013,49.6,345.9,156.13,0.0,36.85,1217.41,False,6.266
6707,37,25/01/2013,57.77,24.85,66.8,0.0,0.0,478.81,False,6.266
6708,37,01/02/2013,63.45,213.76,12.81,15.1,0.0,1063.6,False,6.266
6709,37,08/02/2013,62.46,2540.27,11.11,7.64,286.85,2605.56,True,6.266
6710,37,15/02/2013,57.68,1008.1,322.84,0.3,0.0,1113.56,False,6.266
6711,37,22/02/2013,59.22,672.93,76.42,0.0,11.0,1181.49,False,6.266
6712,37,01/03/2013,56.13,555.78,0.0,0.0,0.0,1623.0,False,6.266
6713,37,08/03/2013,56.8,918.59,0.0,46.91,67.88,1902.37,False,6.266
6714,37,15/03/2013,59.75,257.13,0.0,6.48,0.0,946.72,False,6.266
6715,37,22/03/2013,68.54,744.35,0.0,0.0,14.28,1689.33,False,6.266
6716,37,29/03/2013,59.26,442.66,0.0,8.94,0.0,2037.82,False,6.266
6717,37,05/04/2013,63.58,1062.56,397.97,17.3,0.0,1922.71,False,6.143
6718,37,12/04/2013,66.05,427.78,11.37,2.78,0.0,923.12,False,6.143
6719,37,19/04/2013,68.97,473.15,0.0,0.0,0.0,3060.0,False,6.143
6720,37,26/04/2013,64.4,242.31,0.0,0.0,0.0,1944.03,False,6.143
6721,37,03/05/2013,70.04,17.01,0.0,52.75,0.0,1080.43,False,
6722,37,10/05/2013,68.02,564.62,0.0,21.33,0.0,1835.48,False,
6723,37,17/05/2013,73.08,463.2,0.0,2.18,0.0,2343.91,False,
6724,37,24/05/2013,80.03,163.95,0.0,52.21,0.0,1090.65,False,
6725,37,31/05/2013,80.19,256.57,0.0,25.73,0.0,1018.23,False,
6726,37,07/06/2013,80.2,46.44,0.0,5.33,0.0,1432.98,False,
6727,37,14/06/2013,81.03,171.5,0.0,5.45,0.0,413.02,False,
6728,37,21/06/2013,83.82,43.77,0.0,0.96,0.0,1580.82,False,
6729,37,28/06/2013,84.66,1312.02,0.0,0.0,0.0,2185.54,False,
6730,37,05/07/2013,84.18,20.84,0.0,127.83,0.0,1335.22,False,
6731,37,12/07/2013,84.02,75.65,17.79,8.47,0.0,1264.0,False,
6732,37,19/07/2013,81.28,100.53,11.86,8.31,0.0,1346.17,False,
6733,37,26/07/2013,83.28,178.0,11.86,0.0,0.0,779.32,False,
6734,38,05/02/2010,49.47,0.0,0.0,0.0,0.0,0.0,False,13.975
6735,38,12/02/2010,47.87,0.0,0.0,0.0,0.0,0.0,True,13.975
6736,38,19/02/2010,54.83,0.0,0.0,0.0,0.0,0.0,False,13.975
6737,38,26/02/2010,50.23,0.0,0.0,0.0,0.0,0.0,False,13.975
6738,38,05/03/2010,53.77,0.0,0.0,0.0,0.0,0.0,False,13.975
6739,38,12/03/2010,50.11,0.0,0.0,0.0,0.0,0.0,False,13.975
6740,38,19/03/2010,59.57,0.0,0.0,0.0,0.0,0.0,False,13.975
6741,38,26/03/2010,60.06,0.0,0.0,0.0,0.0,0.0,False,13.975
6742,38,02/04/2010,59.84,0.0,0.0,0.0,0.0,0.0,False,14.099
6743,38,09/04/2010,59.25,0.0,0.0,0.0,0.0,0.0,False,14.099
6744,38,16/04/2010,64.95,0.0,0.0,0.0,0.0,0.0,False,14.099
6745,38,23/04/2010,64.55,0.0,0.0,0.0,0.0,0.0,False,14.099
6746,38,30/04/2010,67.38,0.0,0.0,0.0,0.0,0.0,False,14.099
6747,38,07/05/2010,70.15,0.0,0.0,0.0,0.0,0.0,False,14.099
6748,38,14/05/2010,68.44,0.0,0.0,0.0,0.0,0.0,False,14.099
6749,38,21/05/2010,76.2,0.0,0.0,0.0,0.0,0.0,False,14.099
6750,38,28/05/2010,67.84,0.0,0.0,0.0,0.0,0.0,False,14.099
6751,38,04/06/2010,81.39,0.0,0.0,0.0,0.0,0.0,False,14.099
6752,38,11/06/2010,90.84,0.0,0.0,0.0,0.0,0.0,False,14.099
6753,38,18/06/2010,81.06,0.0,0.0,0.0,0.0,0.0,False,14.099
6754,38,25/06/2010,87.27,0.0,0.0,0.0,0.0,0.0,False,14.099
6755,38,02/07/2010,91.98,0.0,0.0,0.0,0.0,0.0,False,14.18
6756,38,09/07/2010,90.37,0.0,0.0,0.0,0.0,0.0,False,14.18
6757,38,16/07/2010,97.18,0.0,0.0,0.0,0.0,0.0,False,14.18
6758,38,23/07/2010,99.22,0.0,0.0,0.0,0.0,0.0,False,14.18
6759,38,30/07/2010,96.31,0.0,0.0,0.0,0.0,0.0,False,14.18
6760,38,06/08/2010,92.95,0.0,0.0,0.0,0.0,0.0,False,14.18
6761,38,13/08/2010,87.01,0.0,0.0,0.0,0.0,0.0,False,14.18
6762,38,20/08/2010,92.81,0.0,0.0,0.0,0.0,0.0,False,14.18
6763,38,27/08/2010,93.19,0.0,0.0,0.0,0.0,0.0,False,14.18
6764,38,03/09/2010,83.12,0.0,0.0,0.0,0.0,0.0,False,14.18
6765,38,10/09/2010,83.63,0.0,0.0,0.0,0.0,0.0,True,14.18
6766,38,17/09/2010,82.45,0.0,0.0,0.0,0.0,0.0,False,14.18
6767,38,24/09/2010,81.77,0.0,0.0,0.0,0.0,0.0,False,14.18
6768,38,01/10/2010,85.2,0.0,0.0,0.0,0.0,0.0,False,14.313
6769,38,08/10/2010,71.82,0.0,0.0,0.0,0.0,0.0,False,14.313
6770,38,15/10/2010,75.0,0.0,0.0,0.0,0.0,0.0,False,14.313
6771,38,22/10/2010,68.85,0.0,0.0,0.0,0.0,0.0,False,14.313
6772,38,29/10/2010,61.09,0.0,0.0,0.0,0.0,0.0,False,14.313
6773,38,05/11/2010,65.49,0.0,0.0,0.0,0.0,0.0,False,14.313
6774,38,12/11/2010,57.79,0.0,0.0,0.0,0.0,0.0,False,14.313
6775,38,19/11/2010,58.18,0.0,0.0,0.0,0.0,0.0,False,14.313
6776,38,26/11/2010,47.66,0.0,0.0,0.0,0.0,0.0,True,14.313
6777,38,03/12/2010,43.33,0.0,0.0,0.0,0.0,0.0,False,14.313
6778,38,10/12/2010,50.01,0.0,0.0,0.0,0.0,0.0,False,14.313
6779,38,17/12/2010,52.77,0.0,0.0,0.0,0.0,0.0,False,14.313
6780,38,24/12/2010,52.02,0.0,0.0,0.0,0.0,0.0,False,14.313
6781,38,31/12/2010,45.64,0.0,0.0,0.0,0.0,0.0,True,14.313
6782,38,07/01/2011,37.64,0.0,0.0,0.0,0.0,0.0,False,14.021
6783,38,14/01/2011,43.15,0.0,0.0,0.0,0.0,0.0,False,14.021
6784,38,21/01/2011,53.53,0.0,0.0,0.0,0.0,0.0,False,14.021
6785,38,28/01/2011,50.74,0.0,0.0,0.0,0.0,0.0,False,14.021
6786,38,04/02/2011,45.14,0.0,0.0,0.0,0.0,0.0,False,14.021
6787,38,11/02/2011,51.3,0.0,0.0,0.0,0.0,0.0,True,14.021
6788,38,18/02/2011,53.35,0.0,0.0,0.0,0.0,0.0,False,14.021
6789,38,25/02/2011,48.45,0.0,0.0,0.0,0.0,0.0,False,14.021
6790,38,04/03/2011,51.72,0.0,0.0,0.0,0.0,0.0,False,14.021
6791,38,11/03/2011,57.75,0.0,0.0,0.0,0.0,0.0,False,14.021
6792,38,18/03/2011,64.21,0.0,0.0,0.0,0.0,0.0,False,14.021
6793,38,25/03/2011,54.4,0.0,0.0,0.0,0.0,0.0,False,14.021
6794,38,01/04/2011,63.63,0.0,0.0,0.0,0.0,0.0,False,13.736
6795,38,08/04/2011,64.47,0.0,0.0,0.0,0.0,0.0,False,13.736
6796,38,15/04/2011,57.63,0.0,0.0,0.0,0.0,0.0,False,13.736
6797,38,22/04/2011,72.12,0.0,0.0,0.0,0.0,0.0,False,13.736
6798,38,29/04/2011,68.27,0.0,0.0,0.0,0.0,0.0,False,13.736
6799,38,06/05/2011,68.4,0.0,0.0,0.0,0.0,0.0,False,13.736
6800,38,13/05/2011,70.93,0.0,0.0,0.0,0.0,0.0,False,13.736
6801,38,20/05/2011,66.59,0.0,0.0,0.0,0.0,0.0,False,13.736
6802,38,27/05/2011,76.67,0.0,0.0,0.0,0.0,0.0,False,13.736
6803,38,03/06/2011,71.81,0.0,0.0,0.0,0.0,0.0,False,13.736
6804,38,10/06/2011,78.72,0.0,0.0,0.0,0.0,0.0,False,13.736
6805,38,17/06/2011,86.84,0.0,0.0,0.0,0.0,0.0,False,13.736
6806,38,24/06/2011,88.95,0.0,0.0,0.0,0.0,0.0,False,13.736
6807,38,01/07/2011,89.85,0.0,0.0,0.0,0.0,0.0,False,13.503
6808,38,08/07/2011,89.9,0.0,0.0,0.0,0.0,0.0,False,13.503
6809,38,15/07/2011,88.1,0.0,0.0,0.0,0.0,0.0,False,13.503
6810,38,22/07/2011,91.17,0.0,0.0,0.0,0.0,0.0,False,13.503
6811,38,29/07/2011,93.29,0.0,0.0,0.0,0.0,0.0,False,13.503
6812,38,05/08/2011,90.61,0.0,0.0,0.0,0.0,0.0,False,13.503
6813,38,12/08/2011,91.04,0.0,0.0,0.0,0.0,0.0,False,13.503
6814,38,19/08/2011,91.74,0.0,0.0,0.0,0.0,0.0,False,13.503
6815,38,26/08/2011,94.61,0.0,0.0,0.0,0.0,0.0,False,13.503
6816,38,02/09/2011,93.66,0.0,0.0,0.0,0.0,0.0,False,13.503
6817,38,09/09/2011,88.0,0.0,0.0,0.0,0.0,0.0,True,13.503
6818,38,16/09/2011,76.36,0.0,0.0,0.0,0.0,0.0,False,13.503
6819,38,23/09/2011,82.95,0.0,0.0,0.0,0.0,0.0,False,13.503
6820,38,30/09/2011,83.26,0.0,0.0,0.0,0.0,0.0,False,13.503
6821,38,07/10/2011,70.44,0.0,0.0,0.0,0.0,0.0,False,12.89
6822,38,14/10/2011,67.31,0.0,0.0,0.0,0.0,0.0,False,12.89
6823,38,21/10/2011,73.05,0.0,0.0,0.0,0.0,0.0,False,12.89
6824,38,28/10/2011,67.41,0.0,0.0,0.0,0.0,0.0,False,12.89
6825,38,04/11/2011,59.77,0.0,0.0,0.0,0.0,0.0,False,12.89
6826,38,11/11/2011,48.76,149.19,691.41,6.05,0.0,1571.53,False,12.89
6827,38,18/11/2011,54.2,27.61,8.22,1.32,0.0,2034.39,False,12.89
6828,38,25/11/2011,53.25,17.17,0.0,5.26,0.0,615.68,True,12.89
6829,38,02/12/2011,52.5,22.15,0.0,2.35,0.0,1889.95,False,12.89
6830,38,09/12/2011,42.17,61.05,0.0,2.44,0.0,1589.34,False,12.89
6831,38,16/12/2011,43.29,152.89,0.0,0.0,2.28,766.96,False,12.89
6832,38,23/12/2011,45.4,59.23,0.0,0.6,0.0,1588.1,False,12.89
6833,38,30/12/2011,44.64,353.07,1926.94,0.0,25.2,770.38,True,12.89
6834,38,06/01/2012,50.43,9.61,2765.45,56.96,0.0,560.58,False,12.187
6835,38,13/01/2012,48.07,1129.45,125.33,31.85,0.0,1101.74,False,12.187
6836,38,20/01/2012,46.2,465.73,17.03,28.02,0.0,1397.31,False,12.187
6837,38,27/01/2012,50.43,24.1,4.47,29.12,0.0,2271.88,False,12.187
6838,38,03/02/2012,50.58,2428.47,6.57,52.66,161.71,2606.06,False,12.187
6839,38,10/02/2012,52.27,518.25,11.21,37.01,3.97,1200.97,True,12.187
6840,38,17/02/2012,51.8,647.57,580.69,5.72,2.0,2761.19,False,12.187
6841,38,24/02/2012,53.13,102.49,328.86,0.0,2.86,2435.31,False,12.187
6842,38,02/03/2012,52.27,1895.3,5.9,3.93,68.88,3186.15,False,12.187
6843,38,09/03/2012,54.54,425.97,1.8,0.0,25.6,1751.92,False,12.187
6844,38,16/03/2012,64.44,480.19,0.5,1.02,0.0,1158.07,False,12.187
6845,38,23/03/2012,56.26,301.53,0.0,2.04,0.0,1599.86,False,12.187
6846,38,30/03/2012,64.36,212.26,0.5,0.0,28.77,1121.52,False,12.187
6847,38,06/04/2012,64.05,24.75,0.0,10.47,0.0,1495.97,False,11.627
6848,38,13/04/2012,64.28,59.68,696.42,12.37,17.82,1410.31,False,11.627
6849,38,20/04/2012,66.73,1307.69,5.67,5.6,140.87,1255.59,False,11.627
6850,38,27/04/2012,77.99,439.84,0.0,2.83,0.0,1244.18,False,11.627
6851,38,04/05/2012,76.03,84.67,0.0,13.06,0.0,2346.63,False,11.627
6852,38,11/05/2012,77.27,930.96,0.0,3.2,0.0,2105.16,False,11.627
6853,38,18/05/2012,84.51,219.38,0.0,0.0,0.0,1472.86,False,11.627
6854,38,25/05/2012,83.84,452.9,0.0,0.5,0.0,1668.88,False,11.627
6855,38,01/06/2012,78.11,65.36,0.0,0.6,0.0,886.6,False,11.627
6856,38,08/06/2012,84.83,491.31,0.0,11.8,0.0,1999.19,False,11.627
6857,38,15/06/2012,85.94,635.42,0.0,0.13,0.0,1800.18,False,11.627
6858,38,22/06/2012,91.61,576.0,0.0,0.0,0.0,2241.95,False,11.627
6859,38,29/06/2012,90.47,350.56,0.0,0.0,26.87,1447.29,False,11.627
6860,38,06/07/2012,89.13,404.49,0.0,4.05,0.0,1132.08,False,10.926
6861,38,13/07/2012,95.61,609.49,0.0,2.05,0.0,752.29,False,10.926
6862,38,20/07/2012,85.53,75.04,0.0,0.19,0.0,1281.95,False,10.926
6863,38,27/07/2012,93.47,0.27,0.0,0.0,0.0,1622.77,False,10.926
6864,38,03/08/2012,88.16,525.42,0.0,16.93,49.05,1689.86,False,10.926
6865,38,10/08/2012,95.91,193.46,0.0,4.78,45.18,1781.51,False,10.926
6866,38,17/08/2012,94.87,244.09,0.0,5.14,11.22,2519.9,False,10.926
6867,38,24/08/2012,85.32,301.06,0.0,40.0,0.78,1424.7,False,10.926
6868,38,31/08/2012,89.78,489.03,0.0,28.64,334.12,1760.26,False,10.926
6869,38,07/09/2012,88.52,524.4,0.0,147.32,5.88,2457.97,True,10.926
6870,38,14/09/2012,83.64,1047.05,0.0,15.47,0.0,2276.08,False,10.926
6871,38,21/09/2012,82.97,192.78,0.0,0.0,1.5,2251.8,False,10.926
6872,38,28/09/2012,81.22,201.62,0.0,0.0,29.21,802.5,False,10.926
6873,38,05/10/2012,81.61,266.02,0.0,6.0,0.0,1830.67,False,10.199
6874,38,12/10/2012,71.74,202.43,0.0,8.66,0.22,700.92,False,10.199
6875,38,19/10/2012,68.66,314.73,0.0,9.24,0.0,388.28,False,10.199
6876,38,26/10/2012,65.95,148.32,6.73,3.05,0.0,344.78,False,10.199
6877,38,02/11/2012,63.22,139.06,245.48,9.95,0.0,1014.35,False,10.199
6878,38,09/11/2012,65.31,478.58,860.47,1.0,0.78,1159.7,False,10.199
6879,38,16/11/2012,49.39,805.64,0.0,179.64,0.22,1520.87,False,10.199
6880,38,23/11/2012,58.07,20.24,0.0,4.1,0.0,694.05,True,10.199
6881,38,30/11/2012,57.03,213.32,0.0,0.0,0.63,1462.35,False,10.199
6882,38,07/12/2012,57.83,68.01,0.0,2.0,0.0,966.79,False,10.199
6883,38,14/12/2012,49.74,457.66,0.0,0.28,0.0,743.15,False,10.199
6884,38,21/12/2012,42.83,962.45,0.0,5.77,0.0,1743.96,False,10.199
6885,38,28/12/2012,43.35,1328.51,1297.28,-0.73,41.34,774.32,True,10.199
6886,38,04/01/2013,38.8,467.08,641.95,10.02,0.0,1678.8,False,9.91
6887,38,11/01/2013,44.59,161.03,277.88,1.39,0.0,981.09,False,9.91
6888,38,18/01/2013,36.49,512.83,14.57,0.0,0.0,1810.79,False,9.91
6889,38,25/01/2013,49.21,23.27,13.22,0.0,0.0,769.41,False,9.91
6890,38,01/02/2013,49.54,309.46,4.65,18.5,1.92,930.85,False,9.91
6891,38,08/02/2013,54.96,5631.57,6.14,7.34,34.21,1999.05,True,9.91
6892,38,15/02/2013,47.12,792.76,300.95,0.24,0.0,1335.23,False,9.91
6893,38,22/02/2013,49.57,2140.48,254.02,0.0,3.0,922.04,False,9.91
6894,38,01/03/2013,48.08,423.71,0.0,0.0,0.0,1458.41,False,9.91
6895,38,08/03/2013,60.4,517.0,0.0,51.29,90.7,2663.94,False,9.91
6896,38,15/03/2013,61.7,291.37,0.0,7.57,0.0,736.95,False,9.91
6897,38,22/03/2013,68.75,652.66,0.0,0.0,0.0,1207.66,False,9.91
6898,38,29/03/2013,62.86,474.52,0.0,10.32,0.0,582.77,False,9.91
6899,38,05/04/2013,69.47,865.66,1240.67,17.14,0.0,2015.3,False,9.874
6900,38,12/04/2013,65.6,1227.74,945.83,7.01,0.0,902.23,False,9.874
6901,38,19/04/2013,64.35,289.61,0.0,0.0,0.0,728.39,False,9.874
6902,38,26/04/2013,70.74,150.95,0.0,0.0,0.0,2117.1,False,9.874
6903,38,03/05/2013,76.84,109.0,0.0,24.21,0.0,1279.56,False,
6904,38,10/05/2013,70.18,806.8,0.0,9.56,233.17,1265.42,False,
6905,38,17/05/2013,83.43,436.08,0.0,0.72,0.0,1327.32,False,
6906,38,24/05/2013,77.87,234.31,0.0,9.1,0.0,978.31,False,
6907,38,31/05/2013,81.08,516.29,0.0,3.55,0.0,1848.62,False,
6908,38,07/06/2013,89.89,18.2,0.0,3.75,0.0,1373.57,False,
6909,38,14/06/2013,92.14,123.18,0.0,5.43,0.0,1794.61,False,
6910,38,21/06/2013,87.28,238.17,0.0,1.7,0.0,1075.17,False,
6911,38,28/06/2013,89.94,805.2,0.0,0.0,0.0,1671.37,False,
6912,38,05/07/2013,101.95,29.54,0.0,265.53,0.0,1025.77,False,
6913,38,12/07/2013,92.61,109.65,0.0,82.51,0.0,845.94,False,
6914,38,19/07/2013,93.75,108.8,0.0,3.54,0.0,1997.93,False,
6915,38,26/07/2013,90.27,73.7,0.0,16.9,0.0,423.05,False,
6916,39,05/02/2010,44.3,0.0,0.0,0.0,0.0,0.0,False,8.554
6917,39,12/02/2010,44.58,0.0,0.0,0.0,0.0,0.0,True,8.554
6918,39,19/02/2010,43.96,0.0,0.0,0.0,0.0,0.0,False,8.554
6919,39,26/02/2010,49.79,0.0,0.0,0.0,0.0,0.0,False,8.554
6920,39,05/03/2010,50.93,0.0,0.0,0.0,0.0,0.0,False,8.554
6921,39,12/03/2010,61.88,0.0,0.0,0.0,0.0,0.0,False,8.554
6922,39,19/03/2010,58.62,0.0,0.0,0.0,0.0,0.0,False,8.554
6923,39,26/03/2010,54.83,0.0,0.0,0.0,0.0,0.0,False,8.554
6924,39,02/04/2010,63.31,0.0,0.0,0.0,0.0,0.0,False,8.464
6925,39,09/04/2010,68.15,0.0,0.0,0.0,0.0,0.0,False,8.464
6926,39,16/04/2010,66.33,0.0,0.0,0.0,0.0,0.0,False,8.464
6927,39,23/04/2010,67.64,0.0,0.0,0.0,0.0,0.0,False,8.464
6928,39,30/04/2010,70.03,0.0,0.0,0.0,0.0,0.0,False,8.464
6929,39,07/05/2010,74.86,0.0,0.0,0.0,0.0,0.0,False,8.464
6930,39,14/05/2010,77.49,0.0,0.0,0.0,0.0,0.0,False,8.464
6931,39,21/05/2010,76.67,0.0,0.0,0.0,0.0,0.0,False,8.464
6932,39,28/05/2010,80.22,0.0,0.0,0.0,0.0,0.0,False,8.464
6933,39,04/06/2010,79.83,0.0,0.0,0.0,0.0,0.0,False,8.464
6934,39,11/06/2010,81.78,0.0,0.0,0.0,0.0,0.0,False,8.464
6935,39,18/06/2010,83.96,0.0,0.0,0.0,0.0,0.0,False,8.464
6936,39,25/06/2010,83.24,0.0,0.0,0.0,0.0,0.0,False,8.464
6937,39,02/07/2010,81.35,0.0,0.0,0.0,0.0,0.0,False,8.36
6938,39,09/07/2010,81.1,0.0,0.0,0.0,0.0,0.0,False,8.36
6939,39,16/07/2010,83.86,0.0,0.0,0.0,0.0,0.0,False,8.36
6940,39,23/07/2010,82.2,0.0,0.0,0.0,0.0,0.0,False,8.36
6941,39,30/07/2010,80.99,0.0,0.0,0.0,0.0,0.0,False,8.36
6942,39,06/08/2010,84.92,0.0,0.0,0.0,0.0,0.0,False,8.36
6943,39,13/08/2010,85.66,0.0,0.0,0.0,0.0,0.0,False,8.36
6944,39,20/08/2010,85.73,0.0,0.0,0.0,0.0,0.0,False,8.36
6945,39,27/08/2010,84.31,0.0,0.0,0.0,0.0,0.0,False,8.36
6946,39,03/09/2010,82.13,0.0,0.0,0.0,0.0,0.0,False,8.36
6947,39,10/09/2010,79.94,0.0,0.0,0.0,0.0,0.0,True,8.36
6948,39,17/09/2010,81.83,0.0,0.0,0.0,0.0,0.0,False,8.36
6949,39,24/09/2010,78.5,0.0,0.0,0.0,0.0,0.0,False,8.36
6950,39,01/10/2010,72.74,0.0,0.0,0.0,0.0,0.0,False,8.476
6951,39,08/10/2010,64.8,0.0,0.0,0.0,0.0,0.0,False,8.476
6952,39,15/10/2010,69.96,0.0,0.0,0.0,0.0,0.0,False,8.476
6953,39,22/10/2010,71.73,0.0,0.0,0.0,0.0,0.0,False,8.476
6954,39,29/10/2010,75.14,0.0,0.0,0.0,0.0,0.0,False,8.476
6955,39,05/11/2010,61.62,0.0,0.0,0.0,0.0,0.0,False,8.476
6956,39,12/11/2010,62.21,0.0,0.0,0.0,0.0,0.0,False,8.476
6957,39,19/11/2010,55.5,0.0,0.0,0.0,0.0,0.0,False,8.476
6958,39,26/11/2010,67.75,0.0,0.0,0.0,0.0,0.0,True,8.476
6959,39,03/12/2010,53.55,0.0,0.0,0.0,0.0,0.0,False,8.476
6960,39,10/12/2010,50.81,0.0,0.0,0.0,0.0,0.0,False,8.476
6961,39,17/12/2010,55.31,0.0,0.0,0.0,0.0,0.0,False,8.476
6962,39,24/12/2010,58.86,0.0,0.0,0.0,0.0,0.0,False,8.476
6963,39,31/12/2010,52.45,0.0,0.0,0.0,0.0,0.0,True,8.476
6964,39,07/01/2011,52.74,0.0,0.0,0.0,0.0,0.0,False,8.395
6965,39,14/01/2011,41.74,0.0,0.0,0.0,0.0,0.0,False,8.395
6966,39,21/01/2011,50.25,0.0,0.0,0.0,0.0,0.0,False,8.395
6967,39,28/01/2011,47.94,0.0,0.0,0.0,0.0,0.0,False,8.395
6968,39,04/02/2011,45.96,0.0,0.0,0.0,0.0,0.0,False,8.395
6969,39,11/02/2011,40.34,0.0,0.0,0.0,0.0,0.0,True,8.395
6970,39,18/02/2011,58.2,0.0,0.0,0.0,0.0,0.0,False,8.395
6971,39,25/02/2011,67.77,0.0,0.0,0.0,0.0,0.0,False,8.395
6972,39,04/03/2011,63.56,0.0,0.0,0.0,0.0,0.0,False,8.395
6973,39,11/03/2011,58.35,0.0,0.0,0.0,0.0,0.0,False,8.395
6974,39,18/03/2011,65.28,0.0,0.0,0.0,0.0,0.0,False,8.395
6975,39,25/03/2011,71.17,0.0,0.0,0.0,0.0,0.0,False,8.395
6976,39,01/04/2011,66.57,0.0,0.0,0.0,0.0,0.0,False,8.3
6977,39,08/04/2011,69.45,0.0,0.0,0.0,0.0,0.0,False,8.3
6978,39,15/04/2011,73.19,0.0,0.0,0.0,0.0,0.0,False,8.3
6979,39,22/04/2011,74.98,0.0,0.0,0.0,0.0,0.0,False,8.3
6980,39,29/04/2011,76.47,0.0,0.0,0.0,0.0,0.0,False,8.3
6981,39,06/05/2011,68.75,0.0,0.0,0.0,0.0,0.0,False,8.3
6982,39,13/05/2011,77.39,0.0,0.0,0.0,0.0,0.0,False,8.3
6983,39,20/05/2011,73.31,0.0,0.0,0.0,0.0,0.0,False,8.3
6984,39,27/05/2011,82.1,0.0,0.0,0.0,0.0,0.0,False,8.3
6985,39,03/06/2011,83.59,0.0,0.0,0.0,0.0,0.0,False,8.3
6986,39,10/06/2011,82.75,0.0,0.0,0.0,0.0,0.0,False,8.3
6987,39,17/06/2011,85.21,0.0,0.0,0.0,0.0,0.0,False,8.3
6988,39,24/06/2011,84.06,0.0,0.0,0.0,0.0,0.0,False,8.3
6989,39,01/07/2011,84.93,0.0,0.0,0.0,0.0,0.0,False,8.177
6990,39,08/07/2011,84.33,0.0,0.0,0.0,0.0,0.0,False,8.177
6991,39,15/07/2011,85.96,0.0,0.0,0.0,0.0,0.0,False,8.177
6992,39,22/07/2011,84.6,0.0,0.0,0.0,0.0,0.0,False,8.177
6993,39,29/07/2011,86.24,0.0,0.0,0.0,0.0,0.0,False,8.177
6994,39,05/08/2011,87.73,0.0,0.0,0.0,0.0,0.0,False,8.177
6995,39,12/08/2011,88.27,0.0,0.0,0.0,0.0,0.0,False,8.177
6996,39,19/08/2011,87.93,0.0,0.0,0.0,0.0,0.0,False,8.177
6997,39,26/08/2011,86.49,0.0,0.0,0.0,0.0,0.0,False,8.177
6998,39,02/09/2011,88.65,0.0,0.0,0.0,0.0,0.0,False,8.177
6999,39,09/09/2011,79.15,0.0,0.0,0.0,0.0,0.0,True,8.177
7000,39,16/09/2011,83.11,0.0,0.0,0.0,0.0,0.0,False,8.177
7001,39,23/09/2011,78.75,0.0,0.0,0.0,0.0,0.0,False,8.177
7002,39,30/09/2011,81.51,0.0,0.0,0.0,0.0,0.0,False,8.177
7003,39,07/10/2011,71.68,0.0,0.0,0.0,0.0,0.0,False,7.716
7004,39,14/10/2011,73.79,0.0,0.0,0.0,0.0,0.0,False,7.716
7005,39,21/10/2011,67.65,0.0,0.0,0.0,0.0,0.0,False,7.716
7006,39,28/10/2011,71.05,0.0,0.0,0.0,0.0,0.0,False,7.716
7007,39,04/11/2011,58.04,0.0,0.0,0.0,0.0,0.0,False,7.716
7008,39,11/11/2011,63.11,8894.84,10678.05,342.83,2414.95,10590.23,False,7.716
7009,39,18/11/2011,66.09,3378.96,215.22,162.51,486.32,6941.94,False,7.716
7010,39,25/11/2011,66.36,224.08,292.94,77126.16,77.74,4875.43,True,7.716
7011,39,02/12/2011,53.14,2966.71,59.47,2100.01,3614.81,18646.29,False,7.716
7012,39,09/12/2011,49.36,4462.95,0.0,292.36,1354.79,22649.7,False,7.716
7013,39,16/12/2011,58.58,873.38,15.15,505.72,650.86,6904.19,False,7.716
7014,39,23/12/2011,54.62,3099.34,16.14,1339.1,213.49,4911.65,False,7.716
7015,39,30/12/2011,47.6,5363.52,53918.62,193.95,383.85,8337.7,True,7.716
7016,39,06/01/2012,55.83,4525.51,23319.85,120.18,117.6,9638.2,False,7.244
7017,39,13/01/2012,54.66,7924.93,13698.33,83.04,477.43,10488.23,False,7.244
7018,39,20/01/2012,58.04,919.82,4005.7,90.56,525.75,1798.51,False,7.244
7019,39,27/01/2012,60.65,1119.34,2578.64,82.5,4.0,1647.3,False,7.244
7020,39,03/02/2012,60.69,44153.98,1873.54,228.69,31484.58,24354.2,False,7.244
7021,39,10/02/2012,52.89,6997.37,1891.53,115.26,7093.82,9198.59,True,7.244
7022,39,17/02/2012,52.75,15632.4,6962.91,24.9,6631.5,23647.05,False,7.244
7023,39,24/02/2012,61.1,7826.68,6839.78,2.0,983.61,10296.01,False,7.244
7024,39,02/03/2012,64.05,22838.35,998.95,7.2,5781.24,12907.82,False,7.244
7025,39,09/03/2012,61.64,5772.82,286.18,3.57,735.05,28766.27,False,7.244
7026,39,16/03/2012,65.81,4150.56,184.15,6.24,1947.25,13451.44,False,7.244
7027,39,23/03/2012,67.91,4355.72,91.37,4.08,305.89,3682.22,False,7.244
7028,39,30/03/2012,69.11,8547.51,93.82,0.0,998.98,15532.43,False,7.244
7029,39,06/04/2012,73.49,9057.89,0.0,46.4,3572.95,15694.32,False,6.989
7030,39,13/04/2012,71.59,5032.34,3521.71,15.9,1241.57,10538.44,False,6.989
7031,39,20/04/2012,70.04,5206.6,207.27,0.2,318.73,5241.86,False,6.989
7032,39,27/04/2012,69.11,5821.79,0.0,-0.2,164.58,8663.37,False,6.989
7033,39,04/05/2012,77.15,15959.12,0.0,30.12,3483.71,12856.15,False,6.989
7034,39,11/05/2012,75.52,8891.08,0.0,8.34,4182.79,3506.41,False,6.989
7035,39,18/05/2012,72.36,6962.99,0.0,7.0,2166.87,18547.03,False,6.989
7036,39,25/05/2012,78.31,10926.02,0.0,967.95,1983.54,6579.15,False,6.989
7037,39,01/06/2012,80.33,8200.12,5.8,64.71,1772.73,9316.5,False,6.989
7038,39,08/06/2012,81.12,9356.4,351.8,0.24,1857.12,11870.68,False,6.989
7039,39,15/06/2012,81.33,8270.46,76.4,0.06,3324.17,25107.85,False,6.989
7040,39,22/06/2012,79.84,7354.18,244.0,0.99,2788.54,53212.72,False,6.989
7041,39,29/06/2012,85.72,4579.58,238.8,0.0,725.41,85851.87,False,6.989
7042,39,06/07/2012,81.05,11507.92,254.4,90.79,5163.63,108519.28,False,6.623
7043,39,13/07/2012,78.16,4989.73,125.2,15.75,3398.73,105223.11,False,6.623
7044,39,20/07/2012,80.32,6182.24,246.4,31.54,5087.21,63005.58,False,6.623
7045,39,27/07/2012,82.89,1476.42,77.44,7.24,1008.3,35419.19,False,6.623
7046,39,03/08/2012,84.05,25778.96,173.2,51.52,24900.66,4573.34,False,6.623
7047,39,10/08/2012,83.47,13884.35,122.0,112.9,4259.15,10223.2,False,6.623
7048,39,17/08/2012,84.72,2549.92,133.06,2.33,4623.71,4609.77,False,6.623
7049,39,24/08/2012,80.49,6741.36,81.74,0.02,4657.6,13783.29,False,6.623
7050,39,31/08/2012,83.72,24675.17,73.5,63.4,12048.3,15590.53,False,6.623
7051,39,07/09/2012,83.71,22865.19,31.76,197.48,1883.05,10351.49,True,6.623
7052,39,14/09/2012,76.71,9997.12,4.0,67.58,1208.44,18054.35,False,6.623
7053,39,21/09/2012,73.58,11644.3,112.91,6.7,3300.92,13244.99,False,6.623
7054,39,28/09/2012,78.04,4472.55,50.82,4.25,2331.3,10273.98,False,6.623
7055,39,05/10/2012,72.05,6657.7,0.0,47.01,5234.34,6313.88,False,6.228
7056,39,12/10/2012,69.88,2360.14,0.0,22.59,579.21,15387.94,False,6.228
7057,39,19/10/2012,71.45,2139.7,0.0,1.6,99.01,11831.06,False,6.228
7058,39,26/10/2012,72.9,6057.96,99.85,159.0,602.37,3392.16,False,6.228
7059,39,02/11/2012,59.87,9892.4,5275.34,78.2,3803.94,6234.92,False,6.228
7060,39,09/11/2012,66.37,18333.07,6960.72,1.18,3460.54,6471.54,False,6.228
7061,39,16/11/2012,59.24,7234.65,250.61,120.12,788.31,12950.54,False,6.228
7062,39,23/11/2012,59.53,5598.01,9.69,109976.14,614.0,8803.56,True,6.228
7063,39,30/11/2012,58.66,2630.69,0.0,3426.72,107.26,4697.05,False,6.228
7064,39,07/12/2012,67.94,9798.8,0.0,512.0,2262.92,15133.2,False,6.228
7065,39,14/12/2012,55.02,2645.91,0.0,276.04,317.39,8830.77,False,6.228
7066,39,21/12/2012,62.24,3158.68,104.92,388.19,3.96,3107.24,False,6.228
7067,39,28/12/2012,53.57,12449.73,29240.11,436.2,29.21,4395.17,True,6.228
7068,39,04/01/2013,47.76,3231.14,18071.9,11.28,1.47,14160.74,False,6.266
7069,39,11/01/2013,53.33,4903.75,13676.23,-17.44,245.14,22400.65,False,6.266
7070,39,18/01/2013,48.08,10122.01,5456.61,6.23,39.13,13030.38,False,6.266
7071,39,25/01/2013,58.52,1537.56,1280.46,0.0,127.38,15206.77,False,6.266
7072,39,01/02/2013,63.7,12983.77,1306.14,456.58,14007.38,11693.89,False,6.266
7073,39,08/02/2013,62.72,66099.34,744.18,104.98,32731.31,9876.41,True,6.266
7074,39,15/02/2013,56.43,26474.58,3524.05,70.0,5129.55,23963.38,False,6.266
7075,39,22/02/2013,58.39,10278.27,8263.41,33.38,817.84,6193.88,False,6.266
7076,39,01/03/2013,54.16,14296.67,865.25,7.2,673.89,6867.11,False,6.266
7077,39,08/03/2013,55.67,27695.5,281.91,110.23,8238.98,9691.72,False,6.266
7078,39,15/03/2013,59.54,6765.39,0.0,21.34,183.2,4959.3,False,6.266
7079,39,22/03/2013,68.91,15913.97,0.0,1059.0,3070.72,20870.98,False,6.266
7080,39,29/03/2013,57.86,8975.78,0.0,1141.07,306.0,5491.29,False,6.266
7081,39,05/04/2013,63.99,20798.67,2696.7,274.31,1356.96,17474.76,False,6.143
7082,39,12/04/2013,65.84,8616.47,1160.76,39.16,1756.13,2483.51,False,6.143
7083,39,19/04/2013,68.88,8062.41,92.01,149.2,120.61,18599.3,False,6.143
7084,39,26/04/2013,63.95,7236.84,1.49,126.4,363.23,4894.87,False,6.143
7085,39,03/05/2013,69.75,31117.69,3.0,60.79,7944.62,6107.12,False,
7086,39,10/05/2013,67.55,7688.38,267.06,84.19,663.3,13170.14,False,
7087,39,17/05/2013,73.27,10051.98,408.88,21.86,2220.0,18757.28,False,
7088,39,24/05/2013,80.82,48629.6,635.82,1334.14,22927.49,18286.14,False,
7089,39,31/05/2013,80.74,46079.12,571.9,679.68,5057.35,23525.36,False,
7090,39,07/06/2013,80.25,39810.3,1015.34,92.65,31558.32,43336.34,False,
7091,39,14/06/2013,80.96,27161.79,1069.77,381.57,11720.39,13143.5,False,
7092,39,21/06/2013,84.67,24462.35,520.05,242.32,12723.81,45050.55,False,
7093,39,28/06/2013,86.17,30917.34,992.26,1.47,16715.28,6213.33,False,
7094,39,05/07/2013,84.26,16119.68,3849.12,963.31,11556.02,21473.17,False,
7095,39,12/07/2013,85.0,9353.87,2028.9,76.55,5948.91,4778.92,False,
7096,39,19/07/2013,81.69,6732.22,1628.15,50.3,1505.37,4250.58,False,
7097,39,26/07/2013,83.84,12682.46,1094.97,21.85,170.61,2779.41,False,
7098,40,05/02/2010,14.48,0.0,0.0,0.0,0.0,0.0,False,5.892
7099,40,12/02/2010,20.84,0.0,0.0,0.0,0.0,0.0,True,5.892
7100,40,19/02/2010,27.84,0.0,0.0,0.0,0.0,0.0,False,5.892
7101,40,26/02/2010,33.32,0.0,0.0,0.0,0.0,0.0,False,5.892
7102,40,05/03/2010,34.78,0.0,0.0,0.0,0.0,0.0,False,5.892
7103,40,12/03/2010,35.1,0.0,0.0,0.0,0.0,0.0,False,5.892
7104,40,19/03/2010,40.54,0.0,0.0,0.0,0.0,0.0,False,5.892
7105,40,26/03/2010,39.51,0.0,0.0,0.0,0.0,0.0,False,5.892
7106,40,02/04/2010,41.39,0.0,0.0,0.0,0.0,0.0,False,5.435
7107,40,09/04/2010,54.31,0.0,0.0,0.0,0.0,0.0,False,5.435
7108,40,16/04/2010,43.3,0.0,0.0,0.0,0.0,0.0,False,5.435
7109,40,23/04/2010,45.85,0.0,0.0,0.0,0.0,0.0,False,5.435
7110,40,30/04/2010,46.5,0.0,0.0,0.0,0.0,0.0,False,5.435
7111,40,07/05/2010,60.05,0.0,0.0,0.0,0.0,0.0,False,5.435
7112,40,14/05/2010,45.5,0.0,0.0,0.0,0.0,0.0,False,5.435
7113,40,21/05/2010,56.75,0.0,0.0,0.0,0.0,0.0,False,5.435
7114,40,28/05/2010,67.88,0.0,0.0,0.0,0.0,0.0,False,5.435
7115,40,04/06/2010,65.7,0.0,0.0,0.0,0.0,0.0,False,5.435
7116,40,11/06/2010,59.42,0.0,0.0,0.0,0.0,0.0,False,5.435
7117,40,18/06/2010,60.97,0.0,0.0,0.0,0.0,0.0,False,5.435
7118,40,25/06/2010,69.72,0.0,0.0,0.0,0.0,0.0,False,5.435
7119,40,02/07/2010,65.47,0.0,0.0,0.0,0.0,0.0,False,5.326
7120,40,09/07/2010,76.67,0.0,0.0,0.0,0.0,0.0,False,5.326
7121,40,16/07/2010,74.25,0.0,0.0,0.0,0.0,0.0,False,5.326
7122,40,23/07/2010,71.79,0.0,0.0,0.0,0.0,0.0,False,5.326
7123,40,30/07/2010,71.35,0.0,0.0,0.0,0.0,0.0,False,5.326
7124,40,06/08/2010,69.16,0.0,0.0,0.0,0.0,0.0,False,5.326
7125,40,13/08/2010,67.47,0.0,0.0,0.0,0.0,0.0,False,5.326
7126,40,20/08/2010,67.05,0.0,0.0,0.0,0.0,0.0,False,5.326
7127,40,27/08/2010,62.57,0.0,0.0,0.0,0.0,0.0,False,5.326
7128,40,03/09/2010,70.66,0.0,0.0,0.0,0.0,0.0,False,5.326
7129,40,10/09/2010,62.75,0.0,0.0,0.0,0.0,0.0,True,5.326
7130,40,17/09/2010,55.34,0.0,0.0,0.0,0.0,0.0,False,5.326
7131,40,24/09/2010,55.63,0.0,0.0,0.0,0.0,0.0,False,5.326
7132,40,01/10/2010,62.01,0.0,0.0,0.0,0.0,0.0,False,5.287
7133,40,08/10/2010,52.02,0.0,0.0,0.0,0.0,0.0,False,5.287
7134,40,15/10/2010,44.56,0.0,0.0,0.0,0.0,0.0,False,5.287
7135,40,22/10/2010,41.25,0.0,0.0,0.0,0.0,0.0,False,5.287
7136,40,29/10/2010,47.1,0.0,0.0,0.0,0.0,0.0,False,5.287
7137,40,05/11/2010,36.45,0.0,0.0,0.0,0.0,0.0,False,5.287
7138,40,12/11/2010,38.5,0.0,0.0,0.0,0.0,0.0,False,5.287
7139,40,19/11/2010,40.52,0.0,0.0,0.0,0.0,0.0,False,5.287
7140,40,26/11/2010,32.94,0.0,0.0,0.0,0.0,0.0,True,5.287
7141,40,03/12/2010,33.6,0.0,0.0,0.0,0.0,0.0,False,5.287
7142,40,10/12/2010,21.64,0.0,0.0,0.0,0.0,0.0,False,5.287
7143,40,17/12/2010,23.01,0.0,0.0,0.0,0.0,0.0,False,5.287
7144,40,24/12/2010,24.18,0.0,0.0,0.0,0.0,0.0,False,5.287
7145,40,31/12/2010,19.29,0.0,0.0,0.0,0.0,0.0,True,5.287
7146,40,07/01/2011,24.05,0.0,0.0,0.0,0.0,0.0,False,5.114
7147,40,14/01/2011,18.55,0.0,0.0,0.0,0.0,0.0,False,5.114
7148,40,21/01/2011,14.64,0.0,0.0,0.0,0.0,0.0,False,5.114
7149,40,28/01/2011,9.51,0.0,0.0,0.0,0.0,0.0,False,5.114
7150,40,04/02/2011,13.29,0.0,0.0,0.0,0.0,0.0,False,5.114
7151,40,11/02/2011,16.87,0.0,0.0,0.0,0.0,0.0,True,5.114
7152,40,18/02/2011,21.82,0.0,0.0,0.0,0.0,0.0,False,5.114
7153,40,25/02/2011,16.5,0.0,0.0,0.0,0.0,0.0,False,5.114
7154,40,04/03/2011,18.49,0.0,0.0,0.0,0.0,0.0,False,5.114
7155,40,11/03/2011,30.53,0.0,0.0,0.0,0.0,0.0,False,5.114
7156,40,18/03/2011,35.76,0.0,0.0,0.0,0.0,0.0,False,5.114
7157,40,25/03/2011,28.89,0.0,0.0,0.0,0.0,0.0,False,5.114
7158,40,01/04/2011,28.6,0.0,0.0,0.0,0.0,0.0,False,4.781
7159,40,08/04/2011,34.77,0.0,0.0,0.0,0.0,0.0,False,4.781
7160,40,15/04/2011,43.69,0.0,0.0,0.0,0.0,0.0,False,4.781
7161,40,22/04/2011,39.32,0.0,0.0,0.0,0.0,0.0,False,4.781
7162,40,29/04/2011,52.68,0.0,0.0,0.0,0.0,0.0,False,4.781
7163,40,06/05/2011,50.81,0.0,0.0,0.0,0.0,0.0,False,4.781
7164,40,13/05/2011,54.09,0.0,0.0,0.0,0.0,0.0,False,4.781
7165,40,20/05/2011,56.38,0.0,0.0,0.0,0.0,0.0,False,4.781
7166,40,27/05/2011,63.11,0.0,0.0,0.0,0.0,0.0,False,4.781
7167,40,03/06/2011,66.16,0.0,0.0,0.0,0.0,0.0,False,4.781
7168,40,10/06/2011,64.19,0.0,0.0,0.0,0.0,0.0,False,4.781
7169,40,17/06/2011,59.16,0.0,0.0,0.0,0.0,0.0,False,4.781
7170,40,24/06/2011,62.59,0.0,0.0,0.0,0.0,0.0,False,4.781
7171,40,01/07/2011,65.25,0.0,0.0,0.0,0.0,0.0,False,4.584
7172,40,08/07/2011,67.86,0.0,0.0,0.0,0.0,0.0,False,4.584
7173,40,15/07/2011,68.9,0.0,0.0,0.0,0.0,0.0,False,4.584
7174,40,22/07/2011,73.34,0.0,0.0,0.0,0.0,0.0,False,4.584
7175,40,29/07/2011,67.45,0.0,0.0,0.0,0.0,0.0,False,4.584
7176,40,05/08/2011,68.1,0.0,0.0,0.0,0.0,0.0,False,4.584
7177,40,12/08/2011,68.3,0.0,0.0,0.0,0.0,0.0,False,4.584
7178,40,19/08/2011,64.05,0.0,0.0,0.0,0.0,0.0,False,4.584
7179,40,26/08/2011,65.01,0.0,0.0,0.0,0.0,0.0,False,4.584
7180,40,02/09/2011,63.79,0.0,0.0,0.0,0.0,0.0,False,4.584
7181,40,09/09/2011,64.83,0.0,0.0,0.0,0.0,0.0,True,4.584
7182,40,16/09/2011,58.28,0.0,0.0,0.0,0.0,0.0,False,4.584
7183,40,23/09/2011,54.09,0.0,0.0,0.0,0.0,0.0,False,4.584
7184,40,30/09/2011,63.45,0.0,0.0,0.0,0.0,0.0,False,4.584
7185,40,07/10/2011,50.21,0.0,0.0,0.0,0.0,0.0,False,4.42
7186,40,14/10/2011,53.9,0.0,0.0,0.0,0.0,0.0,False,4.42
7187,40,21/10/2011,51.61,0.0,0.0,0.0,0.0,0.0,False,4.42
7188,40,28/10/2011,42.09,0.0,0.0,0.0,0.0,0.0,False,4.42
7189,40,04/11/2011,35.4,0.0,0.0,0.0,0.0,0.0,False,4.42
7190,40,11/11/2011,40.75,10215.77,4613.06,191.71,3200.57,4230.85,False,4.42
7191,40,18/11/2011,41.85,1100.08,973.56,31.81,523.23,4424.36,False,4.42
7192,40,25/11/2011,32.76,247.58,387.88,40362.07,47.0,1788.31,True,4.42
7193,40,02/12/2011,38.51,3966.04,23.47,2363.99,1455.15,15828.62,False,4.42
7194,40,09/12/2011,34.48,7081.76,48.0,94.05,1757.4,6850.25,False,4.42
7195,40,16/12/2011,29.53,3067.81,0.0,383.98,409.64,2938.11,False,4.42
7196,40,23/12/2011,24.46,709.32,0.03,1065.7,67.72,1336.25,False,4.42
7197,40,30/12/2011,18.75,3392.38,25557.03,205.29,421.72,2439.13,True,4.42
7198,40,06/01/2012,23.29,3737.24,20629.4,169.85,954.18,4508.45,False,4.261
7199,40,13/01/2012,25.9,1128.25,8721.23,129.34,393.68,3221.84,False,4.261
7200,40,20/01/2012,14.02,1658.12,4319.36,101.86,79.54,1831.29,False,4.261
7201,40,27/01/2012,22.91,388.59,1327.78,126.72,38.29,1619.57,False,4.261
7202,40,03/02/2012,27.86,37980.28,2731.05,108.41,23597.14,5940.88,False,4.261
7203,40,10/02/2012,23.92,10333.24,3700.62,66.01,11804.09,7697.87,True,4.261
7204,40,17/02/2012,25.56,7763.37,7366.75,33.48,3995.44,2642.17,False,4.261
7205,40,24/02/2012,29.88,15946.5,4605.02,2.0,4775.14,9418.31,False,4.261
7206,40,02/03/2012,23.79,15284.47,1338.94,0.0,14210.79,2121.92,False,4.261
7207,40,09/03/2012,30.58,12923.38,404.23,0.4,7062.19,3420.25,False,4.261
7208,40,16/03/2012,37.13,4935.36,176.82,3.85,1392.83,2458.54,False,4.261
7209,40,23/03/2012,52.27,5767.41,126.67,2.77,179.94,3260.71,False,4.261
7210,40,30/03/2012,36.25,7182.51,120.76,9.34,2017.53,2449.78,False,4.261
7211,40,06/04/2012,36.54,9295.46,0.0,43.35,1876.1,6042.42,False,4.125
7212,40,13/04/2012,40.65,3668.82,4728.85,34.1,1320.78,1820.75,False,4.125
7213,40,20/04/2012,55.3,3255.99,1157.63,25.59,340.56,3376.98,False,4.125
7214,40,27/04/2012,47.51,2283.4,0.33,24.94,235.22,3113.29,False,4.125
7215,40,04/05/2012,44.47,11685.51,0.0,78.21,3129.14,3364.41,False,4.125
7216,40,11/05/2012,52.06,7071.55,0.0,408.25,1175.76,4204.96,False,4.125
7217,40,18/05/2012,57.59,4534.3,0.0,103.83,735.81,2388.29,False,4.125
7218,40,25/05/2012,65.25,8089.78,0.0,303.31,1092.35,2448.8,False,4.125
7219,40,01/06/2012,64.75,4641.39,30.6,50.93,420.22,1627.19,False,4.125
7220,40,08/06/2012,55.78,7338.72,324.8,44.64,2067.65,7482.97,False,4.125
7221,40,15/06/2012,63.39,5288.06,244.82,42.74,1165.96,3695.1,False,4.125
7222,40,22/06/2012,69.32,5015.3,438.0,4.72,2018.54,7972.99,False,4.125
7223,40,29/06/2012,64.42,2925.88,253.2,0.0,400.0,2124.37,False,4.125
7224,40,06/07/2012,69.08,6364.53,277.2,62.07,2574.7,5230.46,False,4.156
7225,40,13/07/2012,67.48,6891.02,80.4,23.66,1464.52,2677.19,False,4.156
7226,40,20/07/2012,70.45,2418.7,89.01,9.52,1450.08,2263.49,False,4.156
7227,40,27/07/2012,67.88,3351.06,156.53,4.24,1624.68,1605.34,False,4.156
7228,40,03/08/2012,70.15,17749.81,377.88,6.36,8303.08,2209.27,False,4.156
7229,40,10/08/2012,70.09,10965.65,130.69,0.32,4849.39,2266.63,False,4.156
7230,40,17/08/2012,69.41,3810.18,27.3,1.02,181.12,6417.42,False,4.156
7231,40,24/08/2012,63.91,6243.66,18.3,48.06,2649.7,6021.47,False,4.156
7232,40,31/08/2012,66.11,10904.29,38.81,23.95,2684.17,2912.76,False,4.156
7233,40,07/09/2012,65.06,5494.1,0.0,39.66,925.8,3268.99,True,4.156
7234,40,14/09/2012,59.38,5593.11,0.0,62.88,290.65,7375.04,False,4.156
7235,40,21/09/2012,54.12,3688.63,7.64,0.0,693.23,4870.36,False,4.156
7236,40,28/09/2012,50.98,3579.04,0.0,0.0,709.97,4706.12,False,4.156
7237,40,05/10/2012,57.21,4298.34,0.0,12.03,1754.05,2273.79,False,4.145
7238,40,12/10/2012,47.35,1686.43,0.0,13.85,589.97,6365.02,False,4.145
7239,40,19/10/2012,46.33,412.06,0.0,6.1,38.76,2850.1,False,4.145
7240,40,26/10/2012,49.65,3605.71,55.98,0.28,486.81,1389.06,False,4.145
7241,40,02/11/2012,52.38,4763.33,9515.27,46.06,1439.36,1495.99,False,4.145
7242,40,09/11/2012,34.19,3948.43,4885.8,0.0,168.0,3180.34,False,4.145
7243,40,16/11/2012,36.91,4930.23,1156.31,40.04,663.95,4493.04,False,4.145
7244,40,23/11/2012,29.93,572.8,0.0,60367.16,50.88,2046.44,True,4.145
7245,40,30/11/2012,26.96,2500.51,0.0,3629.19,137.75,4472.88,False,4.145
7246,40,07/12/2012,31.57,9053.91,0.0,243.28,1070.89,5456.03,False,4.145
7247,40,14/12/2012,32.1,1143.93,0.0,41.0,23.76,1247.18,False,4.145
7248,40,21/12/2012,31.77,1729.06,130.42,82.07,23.84,4180.01,False,4.145
7249,40,28/12/2012,23.54,9455.96,19951.08,149.44,6.94,2254.32,True,4.145
7250,40,04/01/2013,10.13,2687.41,31425.65,2.6,0.0,2729.63,False,3.932
7251,40,11/01/2013,22.49,1271.06,12491.04,2.5,34.25,1155.19,False,3.932
7252,40,18/01/2013,28.88,2622.04,3503.51,3.68,90.78,2943.16,False,3.932
7253,40,25/01/2013,9.8,3602.9,1122.56,0.6,22.43,4893.31,False,3.932
7254,40,01/02/2013,19.64,7317.46,727.29,244.4,10942.11,4768.43,False,3.932
7255,40,08/02/2013,15.44,39257.29,615.07,131.92,25676.37,2592.77,True,3.932
7256,40,15/02/2013,22.96,15949.59,2115.99,60.06,4676.18,4758.78,False,3.932
7257,40,22/02/2013,21.28,9244.33,2551.72,5.7,4050.5,5822.12,False,3.932
7258,40,01/03/2013,33.18,2229.33,54.92,0.0,181.91,3241.55,False,3.932
7259,40,08/03/2013,30.77,10872.53,124.06,23.11,1415.75,2725.28,False,3.932
7260,40,15/03/2013,34.03,7586.97,0.0,3.5,4040.62,2540.23,False,3.932
7261,40,22/03/2013,23.88,7304.74,0.0,381.1,1165.65,2170.95,False,3.932
7262,40,29/03/2013,34.6,4709.35,0.0,432.01,12.0,3696.08,False,3.932
7263,40,05/04/2013,35.59,14110.29,5571.32,189.13,785.63,3892.09,False,3.684
7264,40,12/04/2013,39.15,4934.33,3183.26,16.53,351.45,2203.32,False,3.684
7265,40,19/04/2013,45.17,2322.79,1.59,20.1,133.68,1429.8,False,3.684
7266,40,26/04/2013,44.43,1565.7,0.0,42.99,44.44,1051.49,False,3.684
7267,40,03/05/2013,54.09,4017.1,3.0,38.34,969.5,1746.41,False,
7268,40,10/05/2013,58.95,2940.02,108.0,103.66,1682.28,3583.38,False,
7269,40,17/05/2013,51.92,5483.84,251.0,6.18,677.62,4183.31,False,
7270,40,24/05/2013,57.87,2953.69,203.0,329.85,992.38,5144.3,False,
7271,40,31/05/2013,54.54,2616.09,231.07,112.1,0.0,2573.6,False,
7272,40,07/06/2013,62.58,6457.95,466.9,56.18,2325.02,3102.25,False,
7273,40,14/06/2013,59.48,6955.21,360.52,282.44,2271.27,3919.71,False,
7274,40,21/06/2013,59.88,2108.31,391.33,232.8,3394.71,3314.68,False,
7275,40,28/06/2013,69.22,3892.57,594.13,5.0,2349.76,5587.5,False,
7276,40,05/07/2013,71.69,7457.06,1878.56,204.95,5000.48,2795.19,False,
7277,40,12/07/2013,71.82,2354.57,1440.95,57.23,1708.0,1281.55,False,
7278,40,19/07/2013,75.38,4340.79,1607.47,272.58,1540.36,2576.36,False,
7279,40,26/07/2013,66.9,145.1,1149.84,109.3,33.24,1116.3,False,
7280,41,05/02/2010,30.27,0.0,0.0,0.0,0.0,0.0,False,7.541
7281,41,12/02/2010,23.04,0.0,0.0,0.0,0.0,0.0,True,7.541
7282,41,19/02/2010,24.13,0.0,0.0,0.0,0.0,0.0,False,7.541
7283,41,26/02/2010,21.84,0.0,0.0,0.0,0.0,0.0,False,7.541
7284,41,05/03/2010,32.49,0.0,0.0,0.0,0.0,0.0,False,7.541
7285,41,12/03/2010,33.4,0.0,0.0,0.0,0.0,0.0,False,7.541
7286,41,19/03/2010,36.7,0.0,0.0,0.0,0.0,0.0,False,7.541
7287,41,26/03/2010,32.3,0.0,0.0,0.0,0.0,0.0,False,7.541
7288,41,02/04/2010,41.31,0.0,0.0,0.0,0.0,0.0,False,7.363
7289,41,09/04/2010,37.3,0.0,0.0,0.0,0.0,0.0,False,7.363
7290,41,16/04/2010,46.79,0.0,0.0,0.0,0.0,0.0,False,7.363
7291,41,23/04/2010,45.29,0.0,0.0,0.0,0.0,0.0,False,7.363
7292,41,30/04/2010,40.2,0.0,0.0,0.0,0.0,0.0,False,7.363
7293,41,07/05/2010,41.5,0.0,0.0,0.0,0.0,0.0,False,7.363
7294,41,14/05/2010,40.23,0.0,0.0,0.0,0.0,0.0,False,7.363
7295,41,21/05/2010,50.59,0.0,0.0,0.0,0.0,0.0,False,7.363
7296,41,28/05/2010,56.97,0.0,0.0,0.0,0.0,0.0,False,7.363
7297,41,04/06/2010,60.13,0.0,0.0,0.0,0.0,0.0,False,7.363
7298,41,11/06/2010,63.36,0.0,0.0,0.0,0.0,0.0,False,7.363
7299,41,18/06/2010,54.9,0.0,0.0,0.0,0.0,0.0,False,7.363
7300,41,25/06/2010,66.0,0.0,0.0,0.0,0.0,0.0,False,7.363
7301,41,02/07/2010,69.39,0.0,0.0,0.0,0.0,0.0,False,7.335
7302,41,09/07/2010,60.93,0.0,0.0,0.0,0.0,0.0,False,7.335
7303,41,16/07/2010,69.06,0.0,0.0,0.0,0.0,0.0,False,7.335
7304,41,23/07/2010,70.77,0.0,0.0,0.0,0.0,0.0,False,7.335
7305,41,30/07/2010,70.07,0.0,0.0,0.0,0.0,0.0,False,7.335
7306,41,06/08/2010,69.21,0.0,0.0,0.0,0.0,0.0,False,7.335
7307,41,13/08/2010,70.24,0.0,0.0,0.0,0.0,0.0,False,7.335
7308,41,20/08/2010,66.19,0.0,0.0,0.0,0.0,0.0,False,7.335
7309,41,27/08/2010,70.59,0.0,0.0,0.0,0.0,0.0,False,7.335
7310,41,03/09/2010,64.13,0.0,0.0,0.0,0.0,0.0,False,7.335
7311,41,10/09/2010,63.3,0.0,0.0,0.0,0.0,0.0,True,7.335
7312,41,17/09/2010,62.4,0.0,0.0,0.0,0.0,0.0,False,7.335
7313,41,24/09/2010,60.11,0.0,0.0,0.0,0.0,0.0,False,7.335
7314,41,01/10/2010,62.67,0.0,0.0,0.0,0.0,0.0,False,7.508
7315,41,08/10/2010,57.1,0.0,0.0,0.0,0.0,0.0,False,7.508
7316,41,15/10/2010,49.91,0.0,0.0,0.0,0.0,0.0,False,7.508
7317,41,22/10/2010,48.09,0.0,0.0,0.0,0.0,0.0,False,7.508
7318,41,29/10/2010,42.16,0.0,0.0,0.0,0.0,0.0,False,7.508
7319,41,05/11/2010,46.74,0.0,0.0,0.0,0.0,0.0,False,7.508
7320,41,12/11/2010,38.99,0.0,0.0,0.0,0.0,0.0,False,7.508
7321,41,19/11/2010,31.34,0.0,0.0,0.0,0.0,0.0,False,7.508
7322,41,26/11/2010,25.3,0.0,0.0,0.0,0.0,0.0,True,7.508
7323,41,03/12/2010,33.0,0.0,0.0,0.0,0.0,0.0,False,7.508
7324,41,10/12/2010,33.9,0.0,0.0,0.0,0.0,0.0,False,7.508
7325,41,17/12/2010,31.51,0.0,0.0,0.0,0.0,0.0,False,7.508
7326,41,24/12/2010,29.81,0.0,0.0,0.0,0.0,0.0,False,7.508
7327,41,31/12/2010,25.19,0.0,0.0,0.0,0.0,0.0,True,7.508
7328,41,07/01/2011,23.76,0.0,0.0,0.0,0.0,0.0,False,7.241
7329,41,14/01/2011,22.44,0.0,0.0,0.0,0.0,0.0,False,7.241
7330,41,21/01/2011,32.7,0.0,0.0,0.0,0.0,0.0,False,7.241
7331,41,28/01/2011,32.23,0.0,0.0,0.0,0.0,0.0,False,7.241
7332,41,04/02/2011,14.56,0.0,0.0,0.0,0.0,0.0,False,7.241
7333,41,11/02/2011,16.81,0.0,0.0,0.0,0.0,0.0,True,7.241
7334,41,18/02/2011,39.39,0.0,0.0,0.0,0.0,0.0,False,7.241
7335,41,25/02/2011,26.1,0.0,0.0,0.0,0.0,0.0,False,7.241
7336,41,04/03/2011,34.99,0.0,0.0,0.0,0.0,0.0,False,7.241
7337,41,11/03/2011,31.6,0.0,0.0,0.0,0.0,0.0,False,7.241
7338,41,18/03/2011,40.19,0.0,0.0,0.0,0.0,0.0,False,7.241
7339,41,25/03/2011,41.11,0.0,0.0,0.0,0.0,0.0,False,7.241
7340,41,01/04/2011,38.16,0.0,0.0,0.0,0.0,0.0,False,6.934
7341,41,08/04/2011,42.87,0.0,0.0,0.0,0.0,0.0,False,6.934
7342,41,15/04/2011,39.94,0.0,0.0,0.0,0.0,0.0,False,6.934
7343,41,22/04/2011,42.86,0.0,0.0,0.0,0.0,0.0,False,6.934
7344,41,29/04/2011,39.81,0.0,0.0,0.0,0.0,0.0,False,6.934
7345,41,06/05/2011,41.2,0.0,0.0,0.0,0.0,0.0,False,6.934
7346,41,13/05/2011,50.29,0.0,0.0,0.0,0.0,0.0,False,6.934
7347,41,20/05/2011,41.11,0.0,0.0,0.0,0.0,0.0,False,6.934
7348,41,27/05/2011,50.56,0.0,0.0,0.0,0.0,0.0,False,6.934
7349,41,03/06/2011,54.81,0.0,0.0,0.0,0.0,0.0,False,6.934
7350,41,10/06/2011,61.1,0.0,0.0,0.0,0.0,0.0,False,6.934
7351,41,17/06/2011,62.3,0.0,0.0,0.0,0.0,0.0,False,6.934
7352,41,24/06/2011,59.54,0.0,0.0,0.0,0.0,0.0,False,6.934
7353,41,01/07/2011,67.01,0.0,0.0,0.0,0.0,0.0,False,6.901
7354,41,08/07/2011,68.49,0.0,0.0,0.0,0.0,0.0,False,6.901
7355,41,15/07/2011,68.18,0.0,0.0,0.0,0.0,0.0,False,6.901
7356,41,22/07/2011,74.11,0.0,0.0,0.0,0.0,0.0,False,6.901
7357,41,29/07/2011,71.3,0.0,0.0,0.0,0.0,0.0,False,6.901
7358,41,05/08/2011,72.19,0.0,0.0,0.0,0.0,0.0,False,6.901
7359,41,12/08/2011,67.65,0.0,0.0,0.0,0.0,0.0,False,6.901
7360,41,19/08/2011,70.55,0.0,0.0,0.0,0.0,0.0,False,6.901
7361,41,26/08/2011,71.61,0.0,0.0,0.0,0.0,0.0,False,6.901
7362,41,02/09/2011,70.37,0.0,0.0,0.0,0.0,0.0,False,6.901
7363,41,09/09/2011,58.31,0.0,0.0,0.0,0.0,0.0,True,6.901
7364,41,16/09/2011,54.82,0.0,0.0,0.0,0.0,0.0,False,6.901
7365,41,23/09/2011,55.06,0.0,0.0,0.0,0.0,0.0,False,6.901
7366,41,30/09/2011,61.77,0.0,0.0,0.0,0.0,0.0,False,6.901
7367,41,07/10/2011,58.74,0.0,0.0,0.0,0.0,0.0,False,6.759
7368,41,14/10/2011,47.43,0.0,0.0,0.0,0.0,0.0,False,6.759
7369,41,21/10/2011,45.62,0.0,0.0,0.0,0.0,0.0,False,6.759
7370,41,28/10/2011,37.02,0.0,0.0,0.0,0.0,0.0,False,6.759
7371,41,04/11/2011,35.04,0.0,0.0,0.0,0.0,0.0,False,6.759
7372,41,11/11/2011,32.87,17118.58,14927.3,309.49,8187.22,4925.08,False,6.759
7373,41,18/11/2011,36.64,2513.13,581.97,69.52,194.54,6131.09,False,6.759
7374,41,25/11/2011,36.37,256.95,1053.98,79621.2,40.76,2616.56,True,6.759
7375,41,02/12/2011,34.53,4594.56,305.47,1781.24,3168.1,21739.26,False,6.759
7376,41,09/12/2011,17.05,2782.39,120.0,141.21,1946.76,9503.64,False,6.759
7377,41,16/12/2011,25.01,7400.39,89.0,283.08,1269.68,4809.26,False,6.759
7378,41,23/12/2011,25.59,1284.19,30.33,1059.9,35.76,3430.56,False,6.759
7379,41,30/12/2011,34.12,5251.98,56106.2,134.7,1059.49,2366.54,True,6.759
7380,41,06/01/2012,37.21,6453.63,22866.83,126.87,2582.41,4266.94,False,6.589
7381,41,13/01/2012,27.49,1934.8,14627.46,112.2,542.89,4044.44,False,6.589
7382,41,20/01/2012,31.56,2827.98,3671.37,119.55,530.03,1924.99,False,6.589
7383,41,27/01/2012,33.15,2464.6,2126.51,112.01,129.54,817.31,False,6.589
7384,41,03/02/2012,31.65,42353.77,4696.86,231.92,46238.28,6379.49,False,6.589
7385,41,10/02/2012,22.0,8123.92,7618.89,127.05,13453.73,8066.43,True,6.589
7386,41,17/02/2012,22.52,15838.59,10710.9,14.96,10097.26,7390.48,False,6.589
7387,41,24/02/2012,27.89,9156.06,9181.74,3.2,3808.5,6148.47,False,6.589
7388,41,02/03/2012,27.39,11028.34,3211.73,21.0,15693.13,1736.73,False,6.589
7389,41,09/03/2012,35.3,15255.04,285.89,7.74,3203.61,3889.43,False,6.589
7390,41,16/03/2012,47.76,6504.93,48.97,4.59,3026.39,2020.55,False,6.589
7391,41,23/03/2012,44.04,4605.49,49.08,2.6,1134.03,3631.27,False,6.589
7392,41,30/03/2012,51.56,5694.25,9.66,7.09,1677.31,2419.34,False,6.589
7393,41,06/04/2012,48.48,6660.45,0.0,49.15,2126.59,6791.05,False,6.547
7394,41,13/04/2012,46.84,8316.49,3192.24,24.23,2770.63,3631.39,False,6.547
7395,41,20/04/2012,43.57,3677.88,1165.88,37.89,297.31,2227.25,False,6.547
7396,41,27/04/2012,57.66,2984.54,7.76,203.99,39.75,3068.81,False,6.547
7397,41,04/05/2012,52.86,10188.76,0.0,308.08,5903.45,2996.97,False,6.547
7398,41,11/05/2012,50.22,8490.06,0.0,250.13,2998.16,4051.18,False,6.547
7399,41,18/05/2012,55.24,6415.86,0.0,179.28,998.25,2976.99,False,6.547
7400,41,25/05/2012,54.89,8215.27,0.0,277.14,1198.25,2444.61,False,6.547
7401,41,01/06/2012,57.29,9160.25,-2.0,127.56,1850.68,2652.68,False,6.547
7402,41,08/06/2012,65.11,10245.25,527.4,78.07,749.73,5117.87,False,6.547
7403,41,15/06/2012,64.92,6926.97,599.0,5.66,3396.74,4290.96,False,6.547
7404,41,22/06/2012,66.88,6390.33,753.88,8.58,3431.59,4741.92,False,6.547
7405,41,29/06/2012,76.54,2864.01,346.02,0.0,393.26,3293.29,False,6.547
7406,41,06/07/2012,74.47,7791.47,306.7,31.44,4856.67,4087.29,False,6.432
7407,41,13/07/2012,67.24,6062.57,85.84,1.6,1805.08,2636.17,False,6.432
7408,41,20/07/2012,74.06,4142.86,102.5,23.84,1362.4,5518.54,False,6.432
7409,41,27/07/2012,73.31,4473.9,125.46,2.53,6596.96,3228.27,False,6.432
7410,41,03/08/2012,73.16,40493.45,83.46,44.56,23826.2,3666.08,False,6.432
7411,41,10/08/2012,71.73,11523.22,78.18,6.43,5132.4,2667.3,False,6.432
7412,41,17/08/2012,65.77,1661.07,41.94,1.95,2391.72,3474.47,False,6.432
7413,41,24/08/2012,69.07,6068.27,-20.0,85.74,3710.05,2287.85,False,6.432
7414,41,31/08/2012,71.56,17423.04,14.94,58.91,4700.3,6180.92,False,6.432
7415,41,07/09/2012,67.41,10220.45,22.8,145.19,4361.36,3187.05,True,6.432
7416,41,14/09/2012,59.39,10525.1,0.0,11.14,1373.26,6742.72,False,6.432
7417,41,21/09/2012,59.81,11062.12,72.64,6.0,1125.21,7962.34,False,6.432
7418,41,28/09/2012,56.08,4578.46,51.73,3.0,1902.88,14423.97,False,6.432
7419,41,05/10/2012,50.14,6094.23,0.0,33.94,2887.65,3853.33,False,6.195
7420,41,12/10/2012,39.38,1570.23,0.0,26.31,834.8,14421.12,False,6.195
7421,41,19/10/2012,49.56,3138.86,0.0,6.17,129.04,8206.1,False,6.195
7422,41,26/10/2012,41.8,4864.3,101.34,250.6,47.24,1524.43,False,6.195
7423,41,02/11/2012,44.81,10766.99,8427.74,24.82,3695.23,3311.74,False,6.195
7424,41,09/11/2012,45.53,10649.25,15810.18,7.84,2337.29,3043.82,False,6.195
7425,41,16/11/2012,30.69,8112.64,1624.71,124.6,1308.26,8920.54,False,6.195
7426,41,23/11/2012,41.18,1360.02,0.21,97533.4,471.44,2013.79,True,6.195
7427,41,30/11/2012,41.39,3610.17,0.15,3443.96,410.38,9284.5,False,6.195
7428,41,07/12/2012,41.5,7479.33,0.0,510.0,3244.57,18517.44,False,6.195
7429,41,14/12/2012,26.39,2348.46,0.0,92.0,7.0,3916.25,False,6.195
7430,41,21/12/2012,27.14,4170.99,0.0,146.6,13.94,5747.53,False,6.195
7431,41,28/12/2012,20.11,13573.49,29277.5,346.8,81.38,2863.89,True,6.195
7432,41,04/01/2013,19.21,1966.26,28719.98,27.41,21.5,8718.49,False,5.771
7433,41,11/01/2013,29.97,4403.27,14675.4,8.12,248.44,6038.72,False,5.771
7434,41,18/01/2013,13.54,3129.73,5783.4,5.58,1326.72,3696.28,False,5.771
7435,41,25/01/2013,39.2,1078.02,2022.45,1.2,282.72,5024.01,False,5.771
7436,41,01/02/2013,30.86,19679.74,1148.08,412.8,30618.76,6293.68,False,5.771
7437,41,08/02/2013,33.99,65739.82,644.1,420.98,63830.91,7392.57,True,5.771
7438,41,15/02/2013,21.51,10297.71,1453.52,48.72,7297.05,3964.32,False,5.771
7439,41,22/02/2013,24.94,9373.05,2772.3,13.64,3499.04,6667.3,False,5.771
7440,41,01/03/2013,23.33,6203.97,290.98,10.2,75.33,3151.57,False,5.771
7441,41,08/03/2013,34.86,10496.65,152.6,124.61,4403.94,4229.86,False,5.771
7442,41,15/03/2013,37.06,17949.73,0.0,17.97,4837.96,3093.16,False,5.771
7443,41,22/03/2013,33.99,13835.73,0.0,1511.2,629.62,2068.46,False,5.771
7444,41,29/03/2013,28.66,8237.64,0.0,1128.32,1581.83,4109.54,False,5.771
7445,41,05/04/2013,42.11,13759.98,3991.47,512.33,2068.7,3856.26,False,5.639
7446,41,12/04/2013,31.48,12631.38,2593.27,80.69,3004.98,5224.39,False,5.639
7447,41,19/04/2013,26.84,4624.18,25.77,137.36,351.08,3398.42,False,5.639
7448,41,26/04/2013,35.73,800.62,5.96,196.18,64.24,2037.31,False,5.639
7449,41,03/05/2013,41.31,6243.44,20.0,123.27,1282.85,4470.65,False,
7450,41,10/05/2013,46.71,6996.01,407.94,56.91,5103.48,3511.73,False,
7451,41,17/05/2013,60.76,3904.25,478.82,21.52,665.34,9370.85,False,
7452,41,24/05/2013,52.86,8239.07,406.43,146.99,2763.44,5176.28,False,
7453,41,31/05/2013,57.89,3110.78,471.56,392.73,44.27,1609.65,False,
7454,41,07/06/2013,57.29,9583.15,1106.91,235.12,7078.64,5195.84,False,
7455,41,14/06/2013,68.49,5993.49,828.97,796.91,3273.0,2851.27,False,
7456,41,21/06/2013,66.51,4996.41,584.29,267.69,2367.06,2711.71,False,
7457,41,28/06/2013,70.69,4586.11,931.02,5.0,4958.54,4106.76,False,
7458,41,05/07/2013,69.04,8919.15,3726.18,640.56,9609.24,2680.85,False,
7459,41,12/07/2013,73.41,3566.03,1735.73,68.05,2897.27,2903.13,False,
7460,41,19/07/2013,68.21,3320.48,1520.39,68.7,497.24,5284.27,False,
7461,41,26/07/2013,67.56,497.67,1454.29,6.3,4.0,2418.0,False,
7462,42,05/02/2010,54.34,0.0,0.0,0.0,0.0,0.0,False,9.765
7463,42,12/02/2010,49.96,0.0,0.0,0.0,0.0,0.0,True,9.765
7464,42,19/02/2010,58.22,0.0,0.0,0.0,0.0,0.0,False,9.765
7465,42,26/02/2010,52.77,0.0,0.0,0.0,0.0,0.0,False,9.765
7466,42,05/03/2010,55.92,0.0,0.0,0.0,0.0,0.0,False,9.765
7467,42,12/03/2010,52.33,0.0,0.0,0.0,0.0,0.0,False,9.765
7468,42,19/03/2010,61.46,0.0,0.0,0.0,0.0,0.0,False,9.765
7469,42,26/03/2010,60.05,0.0,0.0,0.0,0.0,0.0,False,9.765
7470,42,02/04/2010,63.66,0.0,0.0,0.0,0.0,0.0,False,9.524
7471,42,09/04/2010,65.29,0.0,0.0,0.0,0.0,0.0,False,9.524
7472,42,16/04/2010,69.74,0.0,0.0,0.0,0.0,0.0,False,9.524
7473,42,23/04/2010,66.42,0.0,0.0,0.0,0.0,0.0,False,9.524
7474,42,30/04/2010,69.76,0.0,0.0,0.0,0.0,0.0,False,9.524
7475,42,07/05/2010,71.06,0.0,0.0,0.0,0.0,0.0,False,9.524
7476,42,14/05/2010,73.88,0.0,0.0,0.0,0.0,0.0,False,9.524
7477,42,21/05/2010,78.32,0.0,0.0,0.0,0.0,0.0,False,9.524
7478,42,28/05/2010,76.67,0.0,0.0,0.0,0.0,0.0,False,9.524
7479,42,04/06/2010,82.82,0.0,0.0,0.0,0.0,0.0,False,9.524
7480,42,11/06/2010,89.67,0.0,0.0,0.0,0.0,0.0,False,9.524
7481,42,18/06/2010,83.49,0.0,0.0,0.0,0.0,0.0,False,9.524
7482,42,25/06/2010,90.32,0.0,0.0,0.0,0.0,0.0,False,9.524
7483,42,02/07/2010,92.89,0.0,0.0,0.0,0.0,0.0,False,9.199
7484,42,09/07/2010,91.03,0.0,0.0,0.0,0.0,0.0,False,9.199
7485,42,16/07/2010,91.8,0.0,0.0,0.0,0.0,0.0,False,9.199
7486,42,23/07/2010,88.44,0.0,0.0,0.0,0.0,0.0,False,9.199
7487,42,30/07/2010,85.03,0.0,0.0,0.0,0.0,0.0,False,9.199
7488,42,06/08/2010,86.13,0.0,0.0,0.0,0.0,0.0,False,9.199
7489,42,13/08/2010,88.37,0.0,0.0,0.0,0.0,0.0,False,9.199
7490,42,20/08/2010,89.88,0.0,0.0,0.0,0.0,0.0,False,9.199
7491,42,27/08/2010,84.99,0.0,0.0,0.0,0.0,0.0,False,9.199
7492,42,03/09/2010,83.8,0.0,0.0,0.0,0.0,0.0,False,9.199
7493,42,10/09/2010,84.04,0.0,0.0,0.0,0.0,0.0,True,9.199
7494,42,17/09/2010,85.52,0.0,0.0,0.0,0.0,0.0,False,9.199
7495,42,24/09/2010,85.75,0.0,0.0,0.0,0.0,0.0,False,9.199
7496,42,01/10/2010,86.01,0.0,0.0,0.0,0.0,0.0,False,9.003
7497,42,08/10/2010,77.04,0.0,0.0,0.0,0.0,0.0,False,9.003
7498,42,15/10/2010,75.48,0.0,0.0,0.0,0.0,0.0,False,9.003
7499,42,22/10/2010,68.12,0.0,0.0,0.0,0.0,0.0,False,9.003
7500,42,29/10/2010,68.76,0.0,0.0,0.0,0.0,0.0,False,9.003
7501,42,05/11/2010,71.04,0.0,0.0,0.0,0.0,0.0,False,9.003
7502,42,12/11/2010,61.24,0.0,0.0,0.0,0.0,0.0,False,9.003
7503,42,19/11/2010,58.83,0.0,0.0,0.0,0.0,0.0,False,9.003
7504,42,26/11/2010,55.33,0.0,0.0,0.0,0.0,0.0,True,9.003
7505,42,03/12/2010,51.17,0.0,0.0,0.0,0.0,0.0,False,9.003
7506,42,10/12/2010,60.51,0.0,0.0,0.0,0.0,0.0,False,9.003
7507,42,17/12/2010,59.15,0.0,0.0,0.0,0.0,0.0,False,9.003
7508,42,24/12/2010,57.06,0.0,0.0,0.0,0.0,0.0,False,9.003
7509,42,31/12/2010,49.67,0.0,0.0,0.0,0.0,0.0,True,9.003
7510,42,07/01/2011,43.43,0.0,0.0,0.0,0.0,0.0,False,8.744
7511,42,14/01/2011,49.98,0.0,0.0,0.0,0.0,0.0,False,8.744
7512,42,21/01/2011,56.75,0.0,0.0,0.0,0.0,0.0,False,8.744
7513,42,28/01/2011,53.03,0.0,0.0,0.0,0.0,0.0,False,8.744
7514,42,04/02/2011,44.88,0.0,0.0,0.0,0.0,0.0,False,8.744
7515,42,11/02/2011,51.51,0.0,0.0,0.0,0.0,0.0,True,8.744
7516,42,18/02/2011,61.77,0.0,0.0,0.0,0.0,0.0,False,8.744
7517,42,25/02/2011,53.59,0.0,0.0,0.0,0.0,0.0,False,8.744
7518,42,04/03/2011,56.96,0.0,0.0,0.0,0.0,0.0,False,8.744
7519,42,11/03/2011,64.22,0.0,0.0,0.0,0.0,0.0,False,8.744
7520,42,18/03/2011,70.12,0.0,0.0,0.0,0.0,0.0,False,8.744
7521,42,25/03/2011,62.53,0.0,0.0,0.0,0.0,0.0,False,8.744
7522,42,01/04/2011,67.64,0.0,0.0,0.0,0.0,0.0,False,8.494
7523,42,08/04/2011,73.03,0.0,0.0,0.0,0.0,0.0,False,8.494
7524,42,15/04/2011,61.05,0.0,0.0,0.0,0.0,0.0,False,8.494
7525,42,22/04/2011,75.93,0.0,0.0,0.0,0.0,0.0,False,8.494
7526,42,29/04/2011,73.38,0.0,0.0,0.0,0.0,0.0,False,8.494
7527,42,06/05/2011,73.56,0.0,0.0,0.0,0.0,0.0,False,8.494
7528,42,13/05/2011,74.04,0.0,0.0,0.0,0.0,0.0,False,8.494
7529,42,20/05/2011,72.62,0.0,0.0,0.0,0.0,0.0,False,8.494
7530,42,27/05/2011,78.62,0.0,0.0,0.0,0.0,0.0,False,8.494
7531,42,03/06/2011,81.87,0.0,0.0,0.0,0.0,0.0,False,8.494
7532,42,10/06/2011,84.57,0.0,0.0,0.0,0.0,0.0,False,8.494
7533,42,17/06/2011,87.96,0.0,0.0,0.0,0.0,0.0,False,8.494
7534,42,24/06/2011,90.69,0.0,0.0,0.0,0.0,0.0,False,8.494
7535,42,01/07/2011,95.36,0.0,0.0,0.0,0.0,0.0,False,8.257
7536,42,08/07/2011,88.57,0.0,0.0,0.0,0.0,0.0,False,8.257
7537,42,15/07/2011,86.01,0.0,0.0,0.0,0.0,0.0,False,8.257
7538,42,22/07/2011,88.59,0.0,0.0,0.0,0.0,0.0,False,8.257
7539,42,29/07/2011,86.75,0.0,0.0,0.0,0.0,0.0,False,8.257
7540,42,05/08/2011,89.8,0.0,0.0,0.0,0.0,0.0,False,8.257
7541,42,12/08/2011,85.61,0.0,0.0,0.0,0.0,0.0,False,8.257
7542,42,19/08/2011,87.4,0.0,0.0,0.0,0.0,0.0,False,8.257
7543,42,26/08/2011,91.59,0.0,0.0,0.0,0.0,0.0,False,8.257
7544,42,02/09/2011,91.61,0.0,0.0,0.0,0.0,0.0,False,8.257
7545,42,09/09/2011,89.06,0.0,0.0,0.0,0.0,0.0,True,8.257
7546,42,16/09/2011,77.49,0.0,0.0,0.0,0.0,0.0,False,8.257
7547,42,23/09/2011,82.51,0.0,0.0,0.0,0.0,0.0,False,8.257
7548,42,30/09/2011,82.27,0.0,0.0,0.0,0.0,0.0,False,8.257
7549,42,07/10/2011,75.01,0.0,0.0,0.0,0.0,0.0,False,7.874
7550,42,14/10/2011,70.27,0.0,0.0,0.0,0.0,0.0,False,7.874
7551,42,21/10/2011,77.91,0.0,0.0,0.0,0.0,0.0,False,7.874
7552,42,28/10/2011,72.79,0.0,0.0,0.0,0.0,0.0,False,7.874
7553,42,04/11/2011,68.57,0.0,0.0,0.0,0.0,0.0,False,7.874
7554,42,11/11/2011,55.28,25.73,274.85,14.74,0.0,2885.55,False,7.874
7555,42,18/11/2011,58.97,2544.26,12.31,2.02,0.0,3385.15,False,7.874
7556,42,25/11/2011,60.68,25.8,0.0,4.7,0.0,1932.72,True,7.874
7557,42,02/12/2011,57.29,24.09,0.0,4.7,0.0,1016.84,False,7.874
7558,42,09/12/2011,42.58,31.2,0.0,21.31,0.0,1872.37,False,7.874
7559,42,16/12/2011,50.53,2.42,0.0,31.33,0.0,675.78,False,7.874
7560,42,23/12/2011,48.36,103.5,0.0,19.63,0.0,939.49,False,7.874
7561,42,30/12/2011,48.92,242.41,1447.26,3.64,183.96,459.06,True,7.874
7562,42,06/01/2012,59.85,2.91,2655.21,77.86,0.0,649.61,False,7.545
7563,42,13/01/2012,51.0,1251.87,2536.15,21.1,0.0,515.26,False,7.545
7564,42,20/01/2012,54.51,604.05,1982.9,0.0,0.0,343.93,False,7.545
7565,42,27/01/2012,53.59,2.4,539.32,0.0,0.0,816.91,False,7.545
7566,42,03/02/2012,56.85,1351.16,17.81,15.97,263.92,1415.88,False,7.545
7567,42,10/02/2012,55.73,992.73,13.93,25.7,0.0,1700.95,True,7.545
7568,42,17/02/2012,54.12,66.87,736.8,3.94,0.0,996.28,False,7.545
7569,42,24/02/2012,56.02,353.39,232.44,0.0,0.0,1644.66,False,7.545
7570,42,02/03/2012,57.62,441.4,10.78,1.96,0.0,1511.43,False,7.545
7571,42,09/03/2012,57.65,392.63,1.0,3.43,2.8,798.38,False,7.545
7572,42,16/03/2012,62.11,438.48,1.5,2.35,0.0,2251.09,False,7.545
7573,42,23/03/2012,56.54,2.43,0.0,0.68,0.0,796.25,False,7.545
7574,42,30/03/2012,67.92,341.0,1.5,0.0,21.94,1431.13,False,7.545
7575,42,06/04/2012,65.99,2.12,0.0,34.23,0.0,250.62,False,7.382
7576,42,13/04/2012,70.28,146.91,848.67,14.51,0.0,1191.9,False,7.382
7577,42,20/04/2012,67.75,82.23,169.55,16.1,0.0,642.71,False,7.382
7578,42,27/04/2012,80.11,685.44,0.0,12.09,0.0,512.76,False,7.382
7579,42,04/05/2012,77.02,163.43,0.0,18.34,0.0,935.36,False,7.382
7580,42,11/05/2012,76.03,312.29,0.0,4.0,0.0,1445.4,False,7.382
7581,42,18/05/2012,85.19,354.41,0.0,0.0,0.0,1393.17,False,7.382
7582,42,25/05/2012,86.03,63.93,0.0,0.9,0.0,1169.65,False,7.382
7583,42,01/06/2012,80.06,609.75,0.0,1.1,43.67,726.34,False,7.382
7584,42,08/06/2012,86.87,349.94,0.0,16.64,0.0,1272.21,False,7.382
7585,42,15/06/2012,88.58,499.78,0.0,2.17,0.0,1187.29,False,7.382
7586,42,22/06/2012,89.92,44.66,0.0,0.0,0.0,1338.53,False,7.382
7587,42,29/06/2012,91.36,755.44,0.0,0.0,0.0,1062.46,False,7.382
7588,42,06/07/2012,86.87,156.49,0.0,9.43,0.0,876.53,False,7.17
7589,42,13/07/2012,89.8,769.08,0.0,2.36,0.0,2678.63,False,7.17
7590,42,20/07/2012,84.45,200.92,0.0,4.48,0.0,1026.11,False,7.17
7591,42,27/07/2012,83.98,24.48,0.0,0.0,0.0,1660.33,False,7.17
7592,42,03/08/2012,84.76,0.0,0.0,5.97,0.0,628.99,False,7.17
7593,42,10/08/2012,90.78,69.32,0.0,18.08,0.0,353.19,False,7.17
7594,42,17/08/2012,88.83,246.98,0.0,24.22,13.23,3098.22,False,7.17
7595,42,24/08/2012,82.5,548.62,0.0,54.43,57.18,2628.1,False,7.17
7596,42,31/08/2012,86.97,285.66,0.0,18.65,141.64,906.18,False,7.17
7597,42,07/09/2012,83.07,341.05,0.0,220.6,72.7,1629.72,True,7.17
7598,42,14/09/2012,78.47,745.27,0.0,46.65,0.0,945.84,False,7.17
7599,42,21/09/2012,81.93,0.0,0.0,0.0,0.0,164.08,False,7.17
7600,42,28/09/2012,82.52,123.87,0.0,0.0,0.0,548.02,False,7.17
7601,42,05/10/2012,80.88,479.07,0.0,6.0,10.64,2565.13,False,6.943
7602,42,12/10/2012,76.03,49.38,0.0,10.87,0.0,970.72,False,6.943
7603,42,19/10/2012,72.71,56.03,0.0,8.69,0.0,455.38,False,6.943
7604,42,26/10/2012,70.5,0.0,0.75,2.0,0.0,1034.55,False,6.943
7605,42,02/11/2012,70.79,0.0,559.24,4.87,0.0,551.88,False,6.943
7606,42,09/11/2012,70.28,450.28,675.34,6.0,0.0,1045.15,False,6.943
7607,42,16/11/2012,58.82,448.82,102.84,30.88,0.0,2273.8,False,6.943
7608,42,23/11/2012,63.95,4.62,0.0,4.0,0.0,2762.46,True,6.943
7609,42,30/11/2012,64.13,333.89,0.0,0.0,13.86,938.84,False,6.943
7610,42,07/12/2012,61.21,9.53,0.0,0.0,0.0,1379.21,False,6.943
7611,42,14/12/2012,53.86,500.13,0.0,0.0,0.0,384.64,False,6.943
7612,42,21/12/2012,49.79,963.42,0.0,5.74,0.0,942.02,False,6.943
7613,42,28/12/2012,50.09,335.64,1128.51,16.83,0.0,1302.31,True,6.943
7614,42,04/01/2013,45.01,1012.98,1074.51,8.0,44.46,635.88,False,6.897
7615,42,11/01/2013,49.38,279.49,623.96,0.9,0.0,728.98,False,6.897
7616,42,18/01/2013,40.67,8063.8,30.35,0.0,0.0,982.43,False,6.897
7617,42,25/01/2013,59.76,7.96,7.84,0.0,0.0,342.79,False,6.897
7618,42,01/02/2013,51.86,4.0,27.14,33.3,0.0,922.4,False,6.897
7619,42,08/02/2013,57.25,1174.58,141.05,30.8,20.83,949.69,True,6.897
7620,42,15/02/2013,45.8,1061.18,378.8,5.4,30.25,934.87,False,6.897
7621,42,22/02/2013,52.39,355.16,322.99,0.0,0.0,2571.61,False,6.897
7622,42,01/03/2013,48.17,767.27,0.0,0.0,0.0,765.34,False,6.897
7623,42,08/03/2013,64.17,678.13,0.0,76.74,0.0,1251.51,False,6.897
7624,42,15/03/2013,62.1,160.55,0.0,16.66,0.0,1128.4,False,6.897
7625,42,22/03/2013,70.18,506.13,0.0,0.0,0.0,802.81,False,6.897
7626,42,29/03/2013,68.22,438.36,0.0,11.47,2.97,705.52,False,6.897
7627,42,05/04/2013,70.74,459.08,1073.79,29.64,0.0,1149.89,False,6.791
7628,42,12/04/2013,66.61,204.98,439.95,5.22,0.0,885.68,False,6.791
7629,42,19/04/2013,68.63,517.04,0.0,0.0,0.0,1617.21,False,6.791
7630,42,26/04/2013,74.61,78.76,0.0,0.0,0.0,828.13,False,6.791
7631,42,03/05/2013,78.41,97.72,0.0,21.53,0.0,2697.25,False,
7632,42,10/05/2013,74.59,148.63,0.0,12.81,0.0,1086.98,False,
7633,42,17/05/2013,82.47,793.49,0.0,1.2,0.0,1384.9,False,
7634,42,24/05/2013,81.57,105.92,0.0,17.84,0.0,2908.72,False,
7635,42,31/05/2013,82.62,78.46,0.0,1.44,0.0,232.27,False,
7636,42,07/06/2013,89.22,198.91,0.0,4.96,0.0,1836.34,False,
7637,42,14/06/2013,91.98,10.63,0.0,8.24,0.0,1735.58,False,
7638,42,21/06/2013,90.67,230.59,0.0,3.08,0.0,806.64,False,
7639,42,28/06/2013,90.28,1053.69,0.0,0.0,0.0,4143.9,False,
7640,42,05/07/2013,93.54,360.49,0.0,48.46,313.04,1007.61,False,
7641,42,12/07/2013,87.18,51.96,0.0,9.98,0.0,1346.73,False,
7642,42,19/07/2013,87.09,211.63,0.0,3.71,0.0,478.31,False,
7643,42,26/07/2013,83.32,0.0,0.0,0.17,0.0,756.79,False,
7644,43,05/02/2010,47.31,0.0,0.0,0.0,0.0,0.0,False,9.521
7645,43,12/02/2010,47.99,0.0,0.0,0.0,0.0,0.0,True,9.521
7646,43,19/02/2010,48.77,0.0,0.0,0.0,0.0,0.0,False,9.521
7647,43,26/02/2010,48.77,0.0,0.0,0.0,0.0,0.0,False,9.521
7648,43,05/03/2010,52.89,0.0,0.0,0.0,0.0,0.0,False,9.521
7649,43,12/03/2010,53.67,0.0,0.0,0.0,0.0,0.0,False,9.521
7650,43,19/03/2010,56.0,0.0,0.0,0.0,0.0,0.0,False,9.521
7651,43,26/03/2010,54.53,0.0,0.0,0.0,0.0,0.0,False,9.521
7652,43,02/04/2010,62.19,0.0,0.0,0.0,0.0,0.0,False,9.593
7653,43,09/04/2010,64.37,0.0,0.0,0.0,0.0,0.0,False,9.593
7654,43,16/04/2010,69.46,0.0,0.0,0.0,0.0,0.0,False,9.593
7655,43,23/04/2010,62.71,0.0,0.0,0.0,0.0,0.0,False,9.593
7656,43,30/04/2010,66.91,0.0,0.0,0.0,0.0,0.0,False,9.593
7657,43,07/05/2010,67.16,0.0,0.0,0.0,0.0,0.0,False,9.593
7658,43,14/05/2010,72.14,0.0,0.0,0.0,0.0,0.0,False,9.593
7659,43,21/05/2010,74.74,0.0,0.0,0.0,0.0,0.0,False,9.593
7660,43,28/05/2010,78.59,0.0,0.0,0.0,0.0,0.0,False,9.593
7661,43,04/06/2010,82.76,0.0,0.0,0.0,0.0,0.0,False,9.593
7662,43,11/06/2010,88.12,0.0,0.0,0.0,0.0,0.0,False,9.593
7663,43,18/06/2010,84.9,0.0,0.0,0.0,0.0,0.0,False,9.593
7664,43,25/06/2010,88.48,0.0,0.0,0.0,0.0,0.0,False,9.593
7665,43,02/07/2010,80.17,0.0,0.0,0.0,0.0,0.0,False,9.816
7666,43,09/07/2010,81.52,0.0,0.0,0.0,0.0,0.0,False,9.816
7667,43,16/07/2010,84.17,0.0,0.0,0.0,0.0,0.0,False,9.816
7668,43,23/07/2010,86.6,0.0,0.0,0.0,0.0,0.0,False,9.816
7669,43,30/07/2010,79.79,0.0,0.0,0.0,0.0,0.0,False,9.816
7670,43,06/08/2010,84.66,0.0,0.0,0.0,0.0,0.0,False,9.816
7671,43,13/08/2010,86.31,0.0,0.0,0.0,0.0,0.0,False,9.816
7672,43,20/08/2010,85.26,0.0,0.0,0.0,0.0,0.0,False,9.816
7673,43,27/08/2010,80.32,0.0,0.0,0.0,0.0,0.0,False,9.816
7674,43,03/09/2010,80.43,0.0,0.0,0.0,0.0,0.0,False,9.816
7675,43,10/09/2010,81.32,0.0,0.0,0.0,0.0,0.0,True,9.816
7676,43,17/09/2010,78.86,0.0,0.0,0.0,0.0,0.0,False,9.816
7677,43,24/09/2010,77.42,0.0,0.0,0.0,0.0,0.0,False,9.816
7678,43,01/10/2010,77.93,0.0,0.0,0.0,0.0,0.0,False,10.21
7679,43,08/10/2010,72.81,0.0,0.0,0.0,0.0,0.0,False,10.21
7680,43,15/10/2010,68.78,0.0,0.0,0.0,0.0,0.0,False,10.21
7681,43,22/10/2010,69.46,0.0,0.0,0.0,0.0,0.0,False,10.21
7682,43,29/10/2010,65.88,0.0,0.0,0.0,0.0,0.0,False,10.21
7683,43,05/11/2010,62.52,0.0,0.0,0.0,0.0,0.0,False,10.21
7684,43,12/11/2010,59.98,0.0,0.0,0.0,0.0,0.0,False,10.21
7685,43,19/11/2010,54.96,0.0,0.0,0.0,0.0,0.0,False,10.21
7686,43,26/11/2010,54.76,0.0,0.0,0.0,0.0,0.0,True,10.21
7687,43,03/12/2010,44.56,0.0,0.0,0.0,0.0,0.0,False,10.21
7688,43,10/12/2010,52.52,0.0,0.0,0.0,0.0,0.0,False,10.21
7689,43,17/12/2010,56.51,0.0,0.0,0.0,0.0,0.0,False,10.21
7690,43,24/12/2010,57.15,0.0,0.0,0.0,0.0,0.0,False,10.21
7691,43,31/12/2010,48.61,0.0,0.0,0.0,0.0,0.0,True,10.21
7692,43,07/01/2011,40.47,0.0,0.0,0.0,0.0,0.0,False,10.398
7693,43,14/01/2011,43.45,0.0,0.0,0.0,0.0,0.0,False,10.398
7694,43,21/01/2011,53.05,0.0,0.0,0.0,0.0,0.0,False,10.398
7695,43,28/01/2011,44.98,0.0,0.0,0.0,0.0,0.0,False,10.398
7696,43,04/02/2011,33.21,0.0,0.0,0.0,0.0,0.0,False,10.398
7697,43,11/02/2011,40.65,0.0,0.0,0.0,0.0,0.0,True,10.398
7698,43,18/02/2011,59.15,0.0,0.0,0.0,0.0,0.0,False,10.398
7699,43,25/02/2011,58.37,0.0,0.0,0.0,0.0,0.0,False,10.398
7700,43,04/03/2011,60.26,0.0,0.0,0.0,0.0,0.0,False,10.398
7701,43,11/03/2011,60.24,0.0,0.0,0.0,0.0,0.0,False,10.398
7702,43,18/03/2011,68.98,0.0,0.0,0.0,0.0,0.0,False,10.398
7703,43,25/03/2011,65.53,0.0,0.0,0.0,0.0,0.0,False,10.398
7704,43,01/04/2011,67.79,0.0,0.0,0.0,0.0,0.0,False,10.581
7705,43,08/04/2011,70.35,0.0,0.0,0.0,0.0,0.0,False,10.581
7706,43,15/04/2011,65.01,0.0,0.0,0.0,0.0,0.0,False,10.581
7707,43,22/04/2011,74.49,0.0,0.0,0.0,0.0,0.0,False,10.581
7708,43,29/04/2011,71.34,0.0,0.0,0.0,0.0,0.0,False,10.581
7709,43,06/05/2011,66.77,0.0,0.0,0.0,0.0,0.0,False,10.581
7710,43,13/05/2011,76.03,0.0,0.0,0.0,0.0,0.0,False,10.581
7711,43,20/05/2011,74.21,0.0,0.0,0.0,0.0,0.0,False,10.581
7712,43,27/05/2011,80.89,0.0,0.0,0.0,0.0,0.0,False,10.581
7713,43,03/06/2011,83.49,0.0,0.0,0.0,0.0,0.0,False,10.581
7714,43,10/06/2011,85.81,0.0,0.0,0.0,0.0,0.0,False,10.581
7715,43,17/06/2011,88.49,0.0,0.0,0.0,0.0,0.0,False,10.581
7716,43,24/06/2011,88.3,0.0,0.0,0.0,0.0,0.0,False,10.581
7717,43,01/07/2011,91.36,0.0,0.0,0.0,0.0,0.0,False,10.641
7718,43,08/07/2011,87.02,0.0,0.0,0.0,0.0,0.0,False,10.641
7719,43,15/07/2011,84.67,0.0,0.0,0.0,0.0,0.0,False,10.641
7720,43,22/07/2011,88.58,0.0,0.0,0.0,0.0,0.0,False,10.641
7721,43,29/07/2011,83.43,0.0,0.0,0.0,0.0,0.0,False,10.641
7722,43,05/08/2011,87.47,0.0,0.0,0.0,0.0,0.0,False,10.641
7723,43,12/08/2011,86.64,0.0,0.0,0.0,0.0,0.0,False,10.641
7724,43,19/08/2011,82.08,0.0,0.0,0.0,0.0,0.0,False,10.641
7725,43,26/08/2011,87.43,0.0,0.0,0.0,0.0,0.0,False,10.641
7726,43,02/09/2011,87.84,0.0,0.0,0.0,0.0,0.0,False,10.641
7727,43,09/09/2011,79.29,0.0,0.0,0.0,0.0,0.0,True,10.641
7728,43,16/09/2011,77.17,0.0,0.0,0.0,0.0,0.0,False,10.641
7729,43,23/09/2011,78.98,0.0,0.0,0.0,0.0,0.0,False,10.641
7730,43,30/09/2011,78.97,0.0,0.0,0.0,0.0,0.0,False,10.641
7731,43,07/10/2011,74.17,0.0,0.0,0.0,0.0,0.0,False,10.148
7732,43,14/10/2011,68.09,0.0,0.0,0.0,0.0,0.0,False,10.148
7733,43,21/10/2011,70.3,0.0,0.0,0.0,0.0,0.0,False,10.148
7734,43,28/10/2011,66.82,0.0,0.0,0.0,0.0,0.0,False,10.148
7735,43,04/11/2011,59.08,0.0,0.0,0.0,0.0,0.0,False,10.148
7736,43,11/11/2011,51.26,179.25,944.52,3.06,0.0,2836.25,False,10.148
7737,43,18/11/2011,57.75,32.13,3.37,2.56,0.0,1004.04,False,10.148
7738,43,25/11/2011,55.7,3.37,0.0,5.76,0.0,212.75,True,10.148
7739,43,02/12/2011,47.49,14.82,0.0,6.11,0.0,1707.13,False,10.148
7740,43,09/12/2011,34.23,38.34,0.0,7.41,0.0,1707.87,False,10.148
7741,43,16/12/2011,43.78,4.86,0.0,2.5,0.0,1070.83,False,10.148
7742,43,23/12/2011,42.63,75.54,0.0,3.75,0.0,1276.15,False,10.148
7743,43,30/12/2011,41.83,415.59,1926.05,0.0,50.66,837.74,True,10.148
7744,43,06/01/2012,47.59,32.95,1699.03,70.35,0.0,1168.66,False,9.653
7745,43,13/01/2012,43.68,894.04,209.71,32.36,0.0,1191.88,False,9.653
7746,43,20/01/2012,52.72,320.8,24.36,31.72,0.0,153.04,False,9.653
7747,43,27/01/2012,52.1,122.11,8.64,26.26,0.0,532.33,False,9.653
7748,43,03/02/2012,51.92,1702.1,33.56,51.66,152.82,2211.81,False,9.653
7749,43,10/02/2012,46.54,565.9,0.0,27.07,0.0,1984.35,True,9.653
7750,43,17/02/2012,49.38,109.95,1389.84,0.52,0.0,2824.89,False,9.653
7751,43,24/02/2012,53.53,439.68,361.74,0.0,0.0,1450.19,False,9.653
7752,43,02/03/2012,56.43,346.74,2.56,15.84,0.0,1429.73,False,9.653
7753,43,09/03/2012,54.52,392.09,0.5,0.0,0.0,1293.41,False,9.653
7754,43,16/03/2012,57.88,257.14,0.0,2.04,0.0,631.56,False,9.653
7755,43,23/03/2012,56.28,197.77,0.0,1.36,0.0,1485.55,False,9.653
7756,43,30/03/2012,69.88,144.85,0.0,0.0,0.0,470.29,False,9.653
7757,43,06/04/2012,64.7,177.39,0.0,12.17,0.0,1479.85,False,9.575
7758,43,13/04/2012,70.18,150.15,1125.71,4.49,0.0,407.12,False,9.575
7759,43,20/04/2012,67.28,239.84,1777.55,5.6,86.89,870.6,False,9.575
7760,43,27/04/2012,78.27,251.26,0.0,1.98,0.0,719.56,False,9.575
7761,43,04/05/2012,77.47,364.76,0.0,9.06,0.0,949.81,False,9.575
7762,43,11/05/2012,67.59,25.3,0.0,2.16,0.0,494.05,False,9.575
7763,43,18/05/2012,72.06,939.16,0.0,0.0,0.0,1477.98,False,9.575
7764,43,25/05/2012,82.41,566.81,0.0,1.1,0.0,875.91,False,9.575
7765,43,01/06/2012,80.89,290.87,0.0,0.8,0.0,725.1,False,9.575
7766,43,08/06/2012,85.73,446.4,0.0,3.96,0.0,1732.71,False,9.575
7767,43,15/06/2012,87.75,402.48,0.0,0.65,0.0,1315.66,False,9.575
7768,43,22/06/2012,87.51,184.26,0.0,3.2,0.0,1298.9,False,9.575
7769,43,29/06/2012,89.85,289.03,0.0,0.0,0.0,2027.07,False,9.575
7770,43,06/07/2012,82.68,219.7,0.0,3.02,0.0,1141.12,False,9.285
7771,43,13/07/2012,78.82,539.85,0.0,0.71,0.0,2373.05,False,9.285
7772,43,20/07/2012,83.83,233.77,0.0,3.69,0.0,1256.91,False,9.285
7773,43,27/07/2012,82.01,22.35,0.0,1.19,0.0,1452.64,False,9.285
7774,43,03/08/2012,85.06,312.78,0.0,24.23,22.86,1317.6,False,9.285
7775,43,10/08/2012,86.36,173.95,0.0,9.33,0.0,1073.06,False,9.285
7776,43,17/08/2012,85.66,254.74,0.0,11.9,0.0,792.66,False,9.285
7777,43,24/08/2012,81.65,364.02,0.0,13.07,0.0,1309.22,False,9.285
7778,43,31/08/2012,81.12,699.48,0.0,12.39,615.93,1122.02,False,9.285
7779,43,07/09/2012,84.99,610.93,0.0,18.29,50.5,516.76,True,9.285
7780,43,14/09/2012,73.03,1601.72,0.0,18.56,0.0,1219.44,False,9.285
7781,43,21/09/2012,75.87,259.57,0.0,0.0,0.0,1792.73,False,9.285
7782,43,28/09/2012,77.55,343.99,0.0,0.0,0.0,1087.72,False,9.285
7783,43,05/10/2012,74.09,183.84,0.0,0.01,0.0,3093.39,False,8.839
7784,43,12/10/2012,71.14,90.11,0.0,14.56,0.0,911.55,False,8.839
7785,43,19/10/2012,71.25,121.84,0.0,11.14,0.0,964.01,False,8.839
7786,43,26/10/2012,69.17,23.68,7.24,6.0,0.0,815.05,False,8.839
7787,43,02/11/2012,60.95,245.11,524.36,12.79,0.0,2033.45,False,8.839
7788,43,09/11/2012,64.96,139.8,1097.25,1.0,0.0,872.72,False,8.839
7789,43,16/11/2012,53.23,304.33,20.74,43.5,0.0,2528.38,False,8.839
7790,43,23/11/2012,59.02,2.14,0.0,9.24,0.0,163.01,True,8.839
7791,43,30/11/2012,55.73,310.55,0.0,0.0,0.0,1305.39,False,8.839
7792,43,07/12/2012,57.08,281.96,0.0,10.52,0.0,765.4,False,8.839
7793,43,14/12/2012,46.8,378.87,0.0,0.0,0.0,1051.35,False,8.839
7794,43,21/12/2012,45.8,710.86,0.0,3.14,0.0,1005.13,False,8.839
7795,43,28/12/2012,46.15,858.22,965.76,1.94,31.98,693.71,True,8.839
7796,43,04/01/2013,35.25,73.99,1217.48,2.68,0.0,1425.71,False,8.934
7797,43,11/01/2013,43.44,895.1,829.88,0.0,0.0,1527.24,False,8.934
7798,43,18/01/2013,35.85,741.12,233.52,0.0,68.34,1137.33,False,8.934
7799,43,25/01/2013,50.77,221.92,67.98,0.0,0.0,386.03,False,8.934
7800,43,01/02/2013,48.3,304.02,18.1,48.7,3.0,1554.87,False,8.934
7801,43,08/02/2013,54.94,1952.91,11.49,31.11,276.1,789.82,True,8.934
7802,43,15/02/2013,47.66,1498.24,96.01,5.28,0.0,1612.35,False,8.934
7803,43,22/02/2013,47.78,928.83,223.39,0.0,6.51,742.7,False,8.934
7804,43,01/03/2013,45.87,1118.87,0.0,0.0,0.0,1641.39,False,8.934
7805,43,08/03/2013,59.92,234.79,0.0,73.33,0.0,1037.07,False,8.934
7806,43,15/03/2013,55.12,197.95,0.0,14.15,63.78,1781.59,False,8.934
7807,43,22/03/2013,66.45,363.23,0.0,0.0,0.0,2421.83,False,8.934
7808,43,29/03/2013,58.84,252.33,0.0,16.95,23.76,1027.88,False,8.934
7809,43,05/04/2013,68.15,229.36,3350.2,29.74,0.0,1481.82,False,8.796
7810,43,12/04/2013,65.37,504.79,280.62,5.15,1.74,714.19,False,8.796
7811,43,19/04/2013,66.65,152.62,0.0,0.0,0.0,753.71,False,8.796
7812,43,26/04/2013,67.75,170.18,0.0,0.0,0.0,1423.01,False,8.796
7813,43,03/05/2013,70.45,80.07,0.0,49.53,0.0,549.26,False,
7814,43,10/05/2013,70.8,506.68,0.0,20.33,0.0,1984.05,False,
7815,43,17/05/2013,72.87,868.87,0.0,4.08,0.0,1751.03,False,
7816,43,24/05/2013,79.09,297.64,0.0,23.27,0.0,1424.93,False,
7817,43,31/05/2013,82.53,403.31,0.0,12.01,0.0,2463.06,False,
7818,43,07/06/2013,83.61,73.91,0.0,10.71,0.0,1800.87,False,
7819,43,14/06/2013,86.44,0.0,0.0,35.74,0.0,678.28,False,
7820,43,21/06/2013,86.45,611.28,0.0,20.67,0.0,2140.31,False,
7821,43,28/06/2013,90.7,1014.78,0.0,0.0,0.0,1267.34,False,
7822,43,05/07/2013,81.7,13.44,0.0,163.92,0.0,2091.79,False,
7823,43,12/07/2013,87.83,142.96,0.0,29.46,0.0,7035.07,False,
7824,43,19/07/2013,77.59,112.12,0.0,8.19,2.0,722.5,False,
7825,43,26/07/2013,79.13,43.37,0.0,1.18,0.0,531.35,False,
7826,44,05/02/2010,31.53,0.0,0.0,0.0,0.0,0.0,False,8.119
7827,44,12/02/2010,33.16,0.0,0.0,0.0,0.0,0.0,True,8.119
7828,44,19/02/2010,35.7,0.0,0.0,0.0,0.0,0.0,False,8.119
7829,44,26/02/2010,29.98,0.0,0.0,0.0,0.0,0.0,False,8.119
7830,44,05/03/2010,40.65,0.0,0.0,0.0,0.0,0.0,False,8.119
7831,44,12/03/2010,37.62,0.0,0.0,0.0,0.0,0.0,False,8.119
7832,44,19/03/2010,42.49,0.0,0.0,0.0,0.0,0.0,False,8.119
7833,44,26/03/2010,41.48,0.0,0.0,0.0,0.0,0.0,False,8.119
7834,44,02/04/2010,42.15,0.0,0.0,0.0,0.0,0.0,False,7.972
7835,44,09/04/2010,38.97,0.0,0.0,0.0,0.0,0.0,False,7.972
7836,44,16/04/2010,50.39,0.0,0.0,0.0,0.0,0.0,False,7.972
7837,44,23/04/2010,55.66,0.0,0.0,0.0,0.0,0.0,False,7.972
7838,44,30/04/2010,48.33,0.0,0.0,0.0,0.0,0.0,False,7.972
7839,44,07/05/2010,44.42,0.0,0.0,0.0,0.0,0.0,False,7.972
7840,44,14/05/2010,50.15,0.0,0.0,0.0,0.0,0.0,False,7.972
7841,44,21/05/2010,57.71,0.0,0.0,0.0,0.0,0.0,False,7.972
7842,44,28/05/2010,53.11,0.0,0.0,0.0,0.0,0.0,False,7.972
7843,44,04/06/2010,59.85,0.0,0.0,0.0,0.0,0.0,False,7.972
7844,44,11/06/2010,65.24,0.0,0.0,0.0,0.0,0.0,False,7.972
7845,44,18/06/2010,58.41,0.0,0.0,0.0,0.0,0.0,False,7.972
7846,44,25/06/2010,71.83,0.0,0.0,0.0,0.0,0.0,False,7.972
7847,44,02/07/2010,78.82,0.0,0.0,0.0,0.0,0.0,False,7.804
7848,44,09/07/2010,71.33,0.0,0.0,0.0,0.0,0.0,False,7.804
7849,44,16/07/2010,77.79,0.0,0.0,0.0,0.0,0.0,False,7.804
7850,44,23/07/2010,82.27,0.0,0.0,0.0,0.0,0.0,False,7.804
7851,44,30/07/2010,78.94,0.0,0.0,0.0,0.0,0.0,False,7.804
7852,44,06/08/2010,81.24,0.0,0.0,0.0,0.0,0.0,False,7.804
7853,44,13/08/2010,74.93,0.0,0.0,0.0,0.0,0.0,False,7.804
7854,44,20/08/2010,76.34,0.0,0.0,0.0,0.0,0.0,False,7.804
7855,44,27/08/2010,75.31,0.0,0.0,0.0,0.0,0.0,False,7.804
7856,44,03/09/2010,65.71,0.0,0.0,0.0,0.0,0.0,False,7.804
7857,44,10/09/2010,65.74,0.0,0.0,0.0,0.0,0.0,True,7.804
7858,44,17/09/2010,66.84,0.0,0.0,0.0,0.0,0.0,False,7.804
7859,44,24/09/2010,68.22,0.0,0.0,0.0,0.0,0.0,False,7.804
7860,44,01/10/2010,68.74,0.0,0.0,0.0,0.0,0.0,False,7.61
7861,44,08/10/2010,63.03,0.0,0.0,0.0,0.0,0.0,False,7.61
7862,44,15/10/2010,54.12,0.0,0.0,0.0,0.0,0.0,False,7.61
7863,44,22/10/2010,56.89,0.0,0.0,0.0,0.0,0.0,False,7.61
7864,44,29/10/2010,45.12,0.0,0.0,0.0,0.0,0.0,False,7.61
7865,44,05/11/2010,49.96,0.0,0.0,0.0,0.0,0.0,False,7.61
7866,44,12/11/2010,42.55,0.0,0.0,0.0,0.0,0.0,False,7.61
7867,44,19/11/2010,42.0,0.0,0.0,0.0,0.0,0.0,False,7.61
7868,44,26/11/2010,28.22,0.0,0.0,0.0,0.0,0.0,True,7.61
7869,44,03/12/2010,25.8,0.0,0.0,0.0,0.0,0.0,False,7.61
7870,44,10/12/2010,36.78,0.0,0.0,0.0,0.0,0.0,False,7.61
7871,44,17/12/2010,35.21,0.0,0.0,0.0,0.0,0.0,False,7.61
7872,44,24/12/2010,34.9,0.0,0.0,0.0,0.0,0.0,False,7.61
7873,44,31/12/2010,26.79,0.0,0.0,0.0,0.0,0.0,True,7.61
7874,44,07/01/2011,16.94,0.0,0.0,0.0,0.0,0.0,False,7.224
7875,44,14/01/2011,20.6,0.0,0.0,0.0,0.0,0.0,False,7.224
7876,44,21/01/2011,34.8,0.0,0.0,0.0,0.0,0.0,False,7.224
7877,44,28/01/2011,31.64,0.0,0.0,0.0,0.0,0.0,False,7.224
7878,44,04/02/2011,23.35,0.0,0.0,0.0,0.0,0.0,False,7.224
7879,44,11/02/2011,30.83,0.0,0.0,0.0,0.0,0.0,True,7.224
7880,44,18/02/2011,40.85,0.0,0.0,0.0,0.0,0.0,False,7.224
7881,44,25/02/2011,33.17,0.0,0.0,0.0,0.0,0.0,False,7.224
7882,44,04/03/2011,34.23,0.0,0.0,0.0,0.0,0.0,False,7.224
7883,44,11/03/2011,41.28,0.0,0.0,0.0,0.0,0.0,False,7.224
7884,44,18/03/2011,44.69,0.0,0.0,0.0,0.0,0.0,False,7.224
7885,44,25/03/2011,42.38,0.0,0.0,0.0,0.0,0.0,False,7.224
7886,44,01/04/2011,42.49,0.0,0.0,0.0,0.0,0.0,False,6.906
7887,44,08/04/2011,42.75,0.0,0.0,0.0,0.0,0.0,False,6.906
7888,44,15/04/2011,41.72,0.0,0.0,0.0,0.0,0.0,False,6.906
7889,44,22/04/2011,47.55,0.0,0.0,0.0,0.0,0.0,False,6.906
7890,44,29/04/2011,43.85,0.0,0.0,0.0,0.0,0.0,False,6.906
7891,44,06/05/2011,47.75,0.0,0.0,0.0,0.0,0.0,False,6.906
7892,44,13/05/2011,52.4,0.0,0.0,0.0,0.0,0.0,False,6.906
7893,44,20/05/2011,52.12,0.0,0.0,0.0,0.0,0.0,False,6.906
7894,44,27/05/2011,54.62,0.0,0.0,0.0,0.0,0.0,False,6.906
7895,44,03/06/2011,52.76,0.0,0.0,0.0,0.0,0.0,False,6.906
7896,44,10/06/2011,61.39,0.0,0.0,0.0,0.0,0.0,False,6.906
7897,44,17/06/2011,63.35,0.0,0.0,0.0,0.0,0.0,False,6.906
7898,44,24/06/2011,66.38,0.0,0.0,0.0,0.0,0.0,False,6.906
7899,44,01/07/2011,74.29,0.0,0.0,0.0,0.0,0.0,False,6.56
7900,44,08/07/2011,77.3,0.0,0.0,0.0,0.0,0.0,False,6.56
7901,44,15/07/2011,75.59,0.0,0.0,0.0,0.0,0.0,False,6.56
7902,44,22/07/2011,78.5,0.0,0.0,0.0,0.0,0.0,False,6.56
7903,44,29/07/2011,77.62,0.0,0.0,0.0,0.0,0.0,False,6.56
7904,44,05/08/2011,75.56,0.0,0.0,0.0,0.0,0.0,False,6.56
7905,44,12/08/2011,75.95,0.0,0.0,0.0,0.0,0.0,False,6.56
7906,44,19/08/2011,76.68,0.0,0.0,0.0,0.0,0.0,False,6.56
7907,44,26/08/2011,81.53,0.0,0.0,0.0,0.0,0.0,False,6.56
7908,44,02/09/2011,77.0,0.0,0.0,0.0,0.0,0.0,False,6.56
7909,44,09/09/2011,70.19,0.0,0.0,0.0,0.0,0.0,True,6.56
7910,44,16/09/2011,67.54,0.0,0.0,0.0,0.0,0.0,False,6.56
7911,44,23/09/2011,63.6,0.0,0.0,0.0,0.0,0.0,False,6.56
7912,44,30/09/2011,68.28,0.0,0.0,0.0,0.0,0.0,False,6.56
7913,44,07/10/2011,60.62,0.0,0.0,0.0,0.0,0.0,False,6.078
7914,44,14/10/2011,51.74,0.0,0.0,0.0,0.0,0.0,False,6.078
7915,44,21/10/2011,54.66,0.0,0.0,0.0,0.0,0.0,False,6.078
7916,44,28/10/2011,47.41,0.0,0.0,0.0,0.0,0.0,False,6.078
7917,44,04/11/2011,43.51,0.0,0.0,0.0,0.0,0.0,False,6.078
7918,44,11/11/2011,33.8,48.84,224.31,4.29,0.0,778.47,False,6.078
7919,44,18/11/2011,40.65,861.43,0.0,0.0,0.0,940.29,False,6.078
7920,44,25/11/2011,38.89,0.0,0.0,0.0,0.0,256.45,True,6.078
7921,44,02/12/2011,33.94,60.0,0.0,4.23,0.0,1185.19,False,6.078
7922,44,09/12/2011,24.82,0.0,0.0,0.47,0.0,441.57,False,6.078
7923,44,16/12/2011,27.85,29.4,0.0,6.75,0.0,1041.62,False,6.078
7924,44,23/12/2011,24.76,38.0,0.0,0.0,0.0,746.84,False,6.078
7925,44,30/12/2011,31.53,409.92,1566.42,0.0,17.64,153.9,True,6.078
7926,44,06/01/2012,33.8,1.94,51.41,54.05,0.0,809.1,False,5.774
7927,44,13/01/2012,25.61,1074.17,27.6,48.39,0.0,545.15,False,5.774
7928,44,20/01/2012,32.71,378.2,22.42,66.0,0.0,481.09,False,5.774
7929,44,27/01/2012,34.32,17.76,12.28,63.36,0.0,224.86,False,5.774
7930,44,03/02/2012,31.39,1518.53,4.0,77.54,0.0,1177.48,False,5.774
7931,44,10/02/2012,33.73,2463.16,11.5,76.33,0.0,1635.49,True,5.774
7932,44,17/02/2012,36.57,98.16,1080.01,17.6,0.0,2583.41,False,5.774
7933,44,24/02/2012,35.38,270.59,18.53,0.0,0.0,1148.17,False,5.774
7934,44,02/03/2012,32.36,611.06,0.0,3.39,59.19,925.79,False,5.774
7935,44,09/03/2012,38.24,2456.13,1.5,0.49,28.06,691.4,False,5.774
7936,44,16/03/2012,52.5,260.7,0.0,0.99,0.0,469.46,False,5.774
7937,44,23/03/2012,47.83,347.09,3.0,0.34,0.0,303.08,False,5.774
7938,44,30/03/2012,53.2,87.86,0.0,0.0,2.36,1215.48,False,5.774
7939,44,06/04/2012,48.85,253.38,0.0,11.76,0.0,512.25,False,5.621
7940,44,13/04/2012,51.7,16.49,1118.27,18.08,0.0,1460.89,False,5.621
7941,44,20/04/2012,50.24,58.34,0.73,7.7,0.0,402.9,False,5.621
7942,44,27/04/2012,64.8,2489.9,0.0,3.98,16.6,821.26,False,5.621
7943,44,04/05/2012,54.41,513.1,0.0,8.62,0.0,529.55,False,5.621
7944,44,11/05/2012,56.47,529.2,0.0,2.1,0.0,1064.56,False,5.621
7945,44,18/05/2012,65.17,777.37,0.0,0.0,0.0,1118.23,False,5.621
7946,44,25/05/2012,62.39,63.04,0.0,0.0,0.0,419.93,False,5.621
7947,44,01/06/2012,61.11,375.61,0.0,0.0,0.0,686.9,False,5.621
7948,44,08/06/2012,68.4,276.3,0.0,31.29,0.0,1225.27,False,5.621
7949,44,15/06/2012,65.97,3297.48,0.0,9.88,23.04,993.88,False,5.621
7950,44,22/06/2012,72.89,505.28,0.0,0.79,43.89,1222.4,False,5.621
7951,44,29/06/2012,82.0,174.37,0.0,0.0,0.0,1114.79,False,5.621
7952,44,06/07/2012,79.23,781.9,0.0,2.87,0.0,1072.0,False,5.407
7953,44,13/07/2012,83.68,372.75,0.0,0.63,0.0,411.08,False,5.407
7954,44,20/07/2012,75.69,204.26,0.0,1.22,0.0,1140.85,False,5.407
7955,44,27/07/2012,80.42,30.51,0.0,0.0,0.41,1736.91,False,5.407
7956,44,03/08/2012,81.99,619.96,0.0,1.54,77.58,1429.81,False,5.407
7957,44,10/08/2012,81.69,84.25,0.0,6.99,4.41,831.23,False,5.407
7958,44,17/08/2012,79.4,411.11,0.0,9.77,0.0,689.16,False,5.407
7959,44,24/08/2012,77.37,73.93,0.0,87.77,89.76,624.58,False,5.407
7960,44,31/08/2012,79.18,356.47,0.0,39.11,0.0,795.72,False,5.407
7961,44,07/09/2012,70.65,282.57,0.0,106.31,0.0,406.52,True,5.407
7962,44,14/09/2012,68.55,1020.44,0.0,22.15,0.0,752.67,False,5.407
7963,44,21/09/2012,67.96,57.17,0.0,0.0,0.0,854.46,False,5.407
7964,44,28/09/2012,64.8,380.96,0.0,0.0,0.0,2022.03,False,5.407
7965,44,05/10/2012,61.79,417.9,0.0,0.02,0.0,496.52,False,5.217
7966,44,12/10/2012,55.1,69.96,0.0,3.05,0.0,999.62,False,5.217
7967,44,19/10/2012,52.06,139.57,0.0,3.5,0.0,472.02,False,5.217
7968,44,26/10/2012,46.97,38.65,2.61,0.98,0.0,457.74,False,5.217
7969,44,02/11/2012,52.55,27.13,552.09,6.58,0.0,1114.48,False,5.217
7970,44,09/11/2012,50.48,378.03,660.04,10.96,0.0,776.87,False,5.217
7971,44,16/11/2012,33.3,103.71,10.8,21.0,0.0,992.02,False,5.217
7972,44,23/11/2012,46.21,8.92,0.0,4.24,0.0,736.13,True,5.217
7973,44,30/11/2012,41.64,331.77,0.0,0.0,0.63,444.49,False,5.217
7974,44,07/12/2012,43.67,31.56,0.0,0.0,0.0,630.65,False,5.217
7975,44,14/12/2012,35.62,97.11,0.0,0.0,0.0,357.72,False,5.217
7976,44,21/12/2012,29.9,948.37,0.0,11.2,0.0,347.79,False,5.217
7977,44,28/12/2012,30.07,1046.82,1821.61,6.69,48.36,265.43,True,5.217
7978,44,04/01/2013,13.43,372.22,365.27,2.92,0.0,893.08,False,4.983
7979,44,11/01/2013,20.0,399.52,10.38,0.0,0.0,1189.35,False,4.983
7980,44,18/01/2013,11.44,375.03,12.53,0.0,0.0,552.42,False,4.983
7981,44,25/01/2013,14.75,215.68,7.49,0.0,0.0,581.3,False,4.983
7982,44,01/02/2013,30.44,43.36,5.34,2.6,0.0,466.82,False,4.983
7983,44,08/02/2013,26.11,2044.45,0.0,1.02,0.0,514.27,True,4.983
7984,44,15/02/2013,27.12,625.08,518.39,0.0,0.0,1065.96,False,4.983
7985,44,22/02/2013,29.97,468.83,141.09,0.0,71.92,384.17,False,4.983
7986,44,01/03/2013,26.97,1474.54,0.0,0.0,0.0,642.45,False,4.983
7987,44,08/03/2013,37.63,207.82,0.0,30.73,2.34,737.98,False,4.983
7988,44,15/03/2013,46.72,410.57,0.0,5.55,71.54,947.31,False,4.983
7989,44,22/03/2013,42.94,1305.94,0.0,0.0,0.0,691.74,False,4.983
7990,44,29/03/2013,41.71,265.87,0.0,4.07,56.43,427.46,False,4.983
7991,44,05/04/2013,53.84,809.59,329.96,10.47,0.0,1015.8,False,4.872
7992,44,12/04/2013,45.29,197.96,0.0,1.3,0.0,301.12,False,4.872
7993,44,19/04/2013,41.07,143.12,0.0,0.0,2.61,269.11,False,4.872
7994,44,26/04/2013,48.17,290.84,0.0,0.0,0.0,389.14,False,4.872
7995,44,03/05/2013,54.51,50.66,0.0,14.27,0.0,703.63,False,
7996,44,10/05/2013,59.55,86.07,0.0,12.1,0.0,888.61,False,
7997,44,17/05/2013,70.01,958.1,0.0,0.24,0.0,639.93,False,
7998,44,24/05/2013,57.25,136.06,0.0,8.01,0.0,1208.3,False,
7999,44,31/05/2013,60.51,468.8,0.0,5.29,0.0,1340.18,False,
8000,44,07/06/2013,67.49,1169.72,0.0,4.86,76.2,516.85,False,
8001,44,14/06/2013,76.41,351.38,0.0,4.89,6.35,867.28,False,
8002,44,21/06/2013,70.49,94.88,0.0,1.82,0.0,806.75,False,
8003,44,28/06/2013,75.24,712.49,0.0,0.0,0.0,706.46,False,
8004,44,05/07/2013,85.58,869.96,0.0,56.83,0.0,1977.42,False,
8005,44,12/07/2013,78.93,182.25,0.0,6.63,0.0,1842.48,False,
8006,44,19/07/2013,80.81,118.82,0.0,3.15,0.0,514.08,False,
8007,44,26/07/2013,83.62,134.31,0.0,1.0,0.0,199.75,False,
8008,45,05/02/2010,27.31,0.0,0.0,0.0,0.0,0.0,False,8.992
8009,45,12/02/2010,27.73,0.0,0.0,0.0,0.0,0.0,True,8.992
8010,45,19/02/2010,31.27,0.0,0.0,0.0,0.0,0.0,False,8.992
8011,45,26/02/2010,34.89,0.0,0.0,0.0,0.0,0.0,False,8.992
8012,45,05/03/2010,37.13,0.0,0.0,0.0,0.0,0.0,False,8.992
8013,45,12/03/2010,45.8,0.0,0.0,0.0,0.0,0.0,False,8.992
8014,45,19/03/2010,48.79,0.0,0.0,0.0,0.0,0.0,False,8.992
8015,45,26/03/2010,54.36,0.0,0.0,0.0,0.0,0.0,False,8.992
8016,45,02/04/2010,47.74,0.0,0.0,0.0,0.0,0.0,False,8.899
8017,45,09/04/2010,65.45,0.0,0.0,0.0,0.0,0.0,False,8.899
8018,45,16/04/2010,54.28,0.0,0.0,0.0,0.0,0.0,False,8.899
8019,45,23/04/2010,53.47,0.0,0.0,0.0,0.0,0.0,False,8.899
8020,45,30/04/2010,53.15,0.0,0.0,0.0,0.0,0.0,False,8.899
8021,45,07/05/2010,70.75,0.0,0.0,0.0,0.0,0.0,False,8.899
8022,45,14/05/2010,54.26,0.0,0.0,0.0,0.0,0.0,False,8.899
8023,45,21/05/2010,62.62,0.0,0.0,0.0,0.0,0.0,False,8.899
8024,45,28/05/2010,69.27,0.0,0.0,0.0,0.0,0.0,False,8.899
8025,45,04/06/2010,75.93,0.0,0.0,0.0,0.0,0.0,False,8.899
8026,45,11/06/2010,69.71,0.0,0.0,0.0,0.0,0.0,False,8.899
8027,45,18/06/2010,72.62,0.0,0.0,0.0,0.0,0.0,False,8.899
8028,45,25/06/2010,79.32,0.0,0.0,0.0,0.0,0.0,False,8.899
8029,45,02/07/2010,76.61,0.0,0.0,0.0,0.0,0.0,False,8.743
8030,45,09/07/2010,82.45,0.0,0.0,0.0,0.0,0.0,False,8.743
8031,45,16/07/2010,77.84,0.0,0.0,0.0,0.0,0.0,False,8.743
8032,45,23/07/2010,81.46,0.0,0.0,0.0,0.0,0.0,False,8.743
8033,45,30/07/2010,79.78,0.0,0.0,0.0,0.0,0.0,False,8.743
8034,45,06/08/2010,77.17,0.0,0.0,0.0,0.0,0.0,False,8.743
8035,45,13/08/2010,78.44,0.0,0.0,0.0,0.0,0.0,False,8.743
8036,45,20/08/2010,76.01,0.0,0.0,0.0,0.0,0.0,False,8.743
8037,45,27/08/2010,71.36,0.0,0.0,0.0,0.0,0.0,False,8.743
8038,45,03/09/2010,78.37,0.0,0.0,0.0,0.0,0.0,False,8.743
8039,45,10/09/2010,70.87,0.0,0.0,0.0,0.0,0.0,True,8.743
8040,45,17/09/2010,66.55,0.0,0.0,0.0,0.0,0.0,False,8.743
8041,45,24/09/2010,68.59,0.0,0.0,0.0,0.0,0.0,False,8.743
8042,45,01/10/2010,70.58,0.0,0.0,0.0,0.0,0.0,False,8.724
8043,45,08/10/2010,56.49,0.0,0.0,0.0,0.0,0.0,False,8.724
8044,45,15/10/2010,58.61,0.0,0.0,0.0,0.0,0.0,False,8.724
8045,45,22/10/2010,53.15,0.0,0.0,0.0,0.0,0.0,False,8.724
8046,45,29/10/2010,61.3,0.0,0.0,0.0,0.0,0.0,False,8.724
8047,45,05/11/2010,45.65,0.0,0.0,0.0,0.0,0.0,False,8.724
8048,45,12/11/2010,46.14,0.0,0.0,0.0,0.0,0.0,False,8.724
8049,45,19/11/2010,50.02,0.0,0.0,0.0,0.0,0.0,False,8.724
8050,45,26/11/2010,46.15,0.0,0.0,0.0,0.0,0.0,True,8.724
8051,45,03/12/2010,40.93,0.0,0.0,0.0,0.0,0.0,False,8.724
8052,45,10/12/2010,30.54,0.0,0.0,0.0,0.0,0.0,False,8.724
8053,45,17/12/2010,30.51,0.0,0.0,0.0,0.0,0.0,False,8.724
8054,45,24/12/2010,30.59,0.0,0.0,0.0,0.0,0.0,False,8.724
8055,45,31/12/2010,29.67,0.0,0.0,0.0,0.0,0.0,True,8.724
8056,45,07/01/2011,34.32,0.0,0.0,0.0,0.0,0.0,False,8.549
8057,45,14/01/2011,24.78,0.0,0.0,0.0,0.0,0.0,False,8.549
8058,45,21/01/2011,30.55,0.0,0.0,0.0,0.0,0.0,False,8.549
8059,45,28/01/2011,24.05,0.0,0.0,0.0,0.0,0.0,False,8.549
8060,45,04/02/2011,28.73,0.0,0.0,0.0,0.0,0.0,False,8.549
8061,45,11/02/2011,30.3,0.0,0.0,0.0,0.0,0.0,True,8.549
8062,45,18/02/2011,40.7,0.0,0.0,0.0,0.0,0.0,False,8.549
8063,45,25/02/2011,35.78,0.0,0.0,0.0,0.0,0.0,False,8.549
8064,45,04/03/2011,38.65,0.0,0.0,0.0,0.0,0.0,False,8.549
8065,45,11/03/2011,45.01,0.0,0.0,0.0,0.0,0.0,False,8.549
8066,45,18/03/2011,46.66,0.0,0.0,0.0,0.0,0.0,False,8.549
8067,45,25/03/2011,41.76,0.0,0.0,0.0,0.0,0.0,False,8.549
8068,45,01/04/2011,37.27,0.0,0.0,0.0,0.0,0.0,False,8.521
8069,45,08/04/2011,48.71,0.0,0.0,0.0,0.0,0.0,False,8.521
8070,45,15/04/2011,53.69,0.0,0.0,0.0,0.0,0.0,False,8.521
8071,45,22/04/2011,53.04,0.0,0.0,0.0,0.0,0.0,False,8.521
8072,45,29/04/2011,66.18,0.0,0.0,0.0,0.0,0.0,False,8.521
8073,45,06/05/2011,58.21,0.0,0.0,0.0,0.0,0.0,False,8.521
8074,45,13/05/2011,60.38,0.0,0.0,0.0,0.0,0.0,False,8.521
8075,45,20/05/2011,62.28,0.0,0.0,0.0,0.0,0.0,False,8.521
8076,45,27/05/2011,69.7,0.0,0.0,0.0,0.0,0.0,False,8.521
8077,45,03/06/2011,76.38,0.0,0.0,0.0,0.0,0.0,False,8.521
8078,45,10/06/2011,73.88,0.0,0.0,0.0,0.0,0.0,False,8.521
8079,45,17/06/2011,69.32,0.0,0.0,0.0,0.0,0.0,False,8.521
8080,45,24/06/2011,74.85,0.0,0.0,0.0,0.0,0.0,False,8.521
8081,45,01/07/2011,74.04,0.0,0.0,0.0,0.0,0.0,False,8.625
8082,45,08/07/2011,77.49,0.0,0.0,0.0,0.0,0.0,False,8.625
8083,45,15/07/2011,78.47,0.0,0.0,0.0,0.0,0.0,False,8.625
8084,45,22/07/2011,82.33,0.0,0.0,0.0,0.0,0.0,False,8.625
8085,45,29/07/2011,81.31,0.0,0.0,0.0,0.0,0.0,False,8.625
8086,45,05/08/2011,78.22,0.0,0.0,0.0,0.0,0.0,False,8.625
8087,45,12/08/2011,77.0,0.0,0.0,0.0,0.0,0.0,False,8.625
8088,45,19/08/2011,72.98,0.0,0.0,0.0,0.0,0.0,False,8.625
8089,45,26/08/2011,72.55,0.0,0.0,0.0,0.0,0.0,False,8.625
8090,45,02/09/2011,70.63,0.0,0.0,0.0,0.0,0.0,False,8.625
8091,45,09/09/2011,71.48,0.0,0.0,0.0,0.0,0.0,True,8.625
8092,45,16/09/2011,69.17,0.0,0.0,0.0,0.0,0.0,False,8.625
8093,45,23/09/2011,63.75,0.0,0.0,0.0,0.0,0.0,False,8.625
8094,45,30/09/2011,70.66,0.0,0.0,0.0,0.0,0.0,False,8.625
8095,45,07/10/2011,55.82,0.0,0.0,0.0,0.0,0.0,False,8.523
8096,45,14/10/2011,63.82,0.0,0.0,0.0,0.0,0.0,False,8.523
8097,45,21/10/2011,59.6,0.0,0.0,0.0,0.0,0.0,False,8.523
8098,45,28/10/2011,51.78,0.0,0.0,0.0,0.0,0.0,False,8.523
8099,45,04/11/2011,43.92,0.0,0.0,0.0,0.0,0.0,False,8.523
8100,45,11/11/2011,47.65,23052.25,5449.62,189.24,3355.69,3864.6,False,8.523
8101,45,18/11/2011,51.34,4240.34,132.96,111.71,270.14,7073.0,False,8.523
8102,45,25/11/2011,48.71,140.87,384.82,26961.99,28.59,1110.12,True,8.523
8103,45,02/12/2011,50.19,6835.61,120.76,802.79,2490.15,17861.5,False,8.523
8104,45,09/12/2011,46.57,6176.69,2.87,379.57,1593.44,10170.5,False,8.523
8105,45,16/12/2011,39.93,4631.26,8.92,801.34,848.33,2757.82,False,8.523
8106,45,23/12/2011,42.27,797.1,89.14,1962.19,17.0,2985.51,False,8.523
8107,45,30/12/2011,37.79,3604.35,43941.56,287.45,357.43,750.01,True,8.523
8108,45,06/01/2012,35.88,7328.14,33378.79,34.6,1198.48,6819.1,False,8.424
8109,45,13/01/2012,41.18,3489.73,11219.72,0.92,489.07,9596.29,False,8.424
8110,45,20/01/2012,31.85,3205.9,4038.51,2.19,488.63,2344.09,False,8.424
8111,45,27/01/2012,37.93,1890.49,2618.49,0.0,139.07,5692.74,False,8.424
8112,45,03/02/2012,42.96,35348.47,4373.64,21.05,38157.91,5908.5,False,8.424
8113,45,10/02/2012,37.0,15760.3,6113.95,5.43,5656.35,4685.58,True,8.424
8114,45,17/02/2012,36.85,8683.43,7421.99,1.76,9084.92,1995.22,False,8.424
8115,45,24/02/2012,42.86,9006.21,5786.94,2.0,4291.22,7626.46,False,8.424
8116,45,02/03/2012,41.55,22832.38,2515.25,4.0,13317.88,2560.48,False,8.424
8117,45,09/03/2012,45.52,11139.34,678.08,1.99,3267.21,4971.47,False,8.424
8118,45,16/03/2012,50.56,5811.44,375.7,3.69,3444.05,2706.47,False,8.424
8119,45,23/03/2012,59.45,6296.25,334.42,4.56,873.47,1201.57,False,8.424
8120,45,30/03/2012,50.04,9866.15,206.18,3.25,1815.37,1561.56,False,8.424
8121,45,06/04/2012,49.73,13450.45,0.0,26.59,3363.54,3962.01,False,8.567
8122,45,13/04/2012,51.83,4736.94,6047.12,16.68,1355.11,2246.12,False,8.567
8123,45,20/04/2012,63.13,9210.9,2667.05,6.25,970.33,2568.22,False,8.567
8124,45,27/04/2012,53.2,2872.86,0.03,37.12,74.97,2495.29,False,8.567
8125,45,04/05/2012,55.21,11984.62,0.0,47.52,6150.63,1775.54,False,8.567
8126,45,11/05/2012,61.24,12611.18,0.0,21.36,1667.39,2313.12,False,8.567
8127,45,18/05/2012,66.3,6813.74,0.0,13.86,936.49,2941.55,False,8.567
8128,45,25/05/2012,67.21,5370.39,0.0,361.22,1287.62,2461.81,False,8.567
8129,45,01/06/2012,74.48,10643.62,48.2,201.56,2599.35,1856.97,False,8.567
8130,45,08/06/2012,64.3,8429.61,148.6,76.15,1465.54,7180.97,False,8.567
8131,45,15/06/2012,71.93,8148.19,252.7,90.05,1226.11,2942.39,False,8.567
8132,45,22/06/2012,74.22,5565.31,222.5,1.16,2149.76,7474.76,False,8.567
8133,45,29/06/2012,75.22,3291.36,425.6,0.0,314.88,2255.34,False,8.567
8134,45,06/07/2012,82.99,5878.09,169.0,64.36,2996.47,5477.04,False,8.684
8135,45,13/07/2012,79.97,2978.08,118.9,22.07,1899.54,5181.94,False,8.684
8136,45,20/07/2012,78.89,6682.75,24.24,12.83,2249.85,2288.3,False,8.684
8137,45,27/07/2012,77.2,5753.81,167.95,1.23,9181.48,3156.06,False,8.684
8138,45,03/08/2012,76.58,24853.05,39.56,17.96,11142.69,2768.32,False,8.684
8139,45,10/08/2012,78.65,17868.84,50.6,57.66,2593.93,1890.59,False,8.684
8140,45,17/08/2012,75.71,3657.79,6.0,0.3,1630.5,3794.22,False,8.684
8141,45,24/08/2012,72.62,7936.2,58.38,22.0,5518.07,2291.97,False,8.684
8142,45,31/08/2012,75.09,23641.3,6.0,92.93,6988.31,3992.13,False,8.684
8143,45,07/09/2012,75.7,11024.45,12.8,52.63,1854.77,2055.7,True,8.684
8144,45,14/09/2012,67.87,11407.95,0.0,4.3,3421.72,5268.92,False,8.684
8145,45,21/09/2012,65.32,8452.2,92.28,63.24,2376.38,8670.4,False,8.684
8146,45,28/09/2012,64.88,4556.61,20.64,1.5,1601.01,3288.25,False,8.684
8147,45,05/10/2012,64.89,5046.74,0.0,18.82,2253.43,2340.01,False,8.667
8148,45,12/10/2012,54.47,1956.28,0.0,7.89,599.32,3990.54,False,8.667
8149,45,19/10/2012,56.47,2004.02,0.0,3.18,437.73,1537.49,False,8.667
8150,45,26/10/2012,58.85,4018.91,58.08,100.0,211.94,858.33,False,8.667
8151,45,02/11/2012,52.45,11069.0,6937.91,47.57,7926.2,1362.22,False,8.667
8152,45,09/11/2012,41.2,2605.32,13041.23,17.84,640.33,2016.71,False,8.667
8153,45,16/11/2012,45.61,18700.38,499.75,28.2,1800.78,10303.93,False,8.667
8154,45,23/11/2012,43.08,1005.79,0.0,72542.01,484.7,620.12,True,8.667
8155,45,30/11/2012,37.43,2298.55,0.0,2908.54,100.86,1344.84,False,8.667
8156,45,07/12/2012,45.53,9273.32,0.0,263.41,1979.78,11324.83,False,8.667
8157,45,14/12/2012,43.55,3217.12,0.0,74.0,40.26,1747.66,False,8.667
8158,45,21/12/2012,43.54,4187.83,0.0,238.0,92.68,2977.33,False,8.667
8159,45,28/12/2012,35.96,12751.77,24656.74,230.07,31.46,1654.14,True,8.667
8160,45,04/01/2013,32.87,1341.33,30325.14,8.93,35.85,3682.17,False,8.625
8161,45,11/01/2013,38.78,3877.36,15559.85,3.81,152.18,2403.14,False,8.625
8162,45,18/01/2013,41.45,14746.1,4071.06,4.02,483.58,1467.78,False,8.625
8163,45,25/01/2013,26.49,3130.28,1362.1,0.2,332.68,1361.74,False,8.625
8164,45,01/02/2013,34.92,14508.96,1092.53,827.9,26424.02,700.93,False,8.625
8165,45,08/02/2013,28.99,53311.88,531.33,78.26,24823.94,3233.44,True,8.625
8166,45,15/02/2013,35.87,9362.02,2017.68,0.36,5012.39,6411.71,False,8.625
8167,45,22/02/2013,31.48,10781.51,2735.67,23.38,1516.76,3061.21,False,8.625
8168,45,01/03/2013,39.72,6614.32,147.82,5.6,27.55,1668.95,False,8.625
8169,45,08/03/2013,36.13,16382.54,88.67,34.62,3096.92,3486.91,False,8.625
8170,45,15/03/2013,42.81,9867.03,0.0,11.08,912.87,1360.36,False,8.625
8171,45,22/03/2013,36.55,11923.74,0.0,308.0,1764.47,1647.31,False,8.625
8172,45,29/03/2013,40.68,5444.0,0.0,350.84,53.9,1722.11,False,8.625
8173,45,05/04/2013,43.94,16427.83,5341.41,182.59,1523.83,1743.09,False,8.335
8174,45,12/04/2013,57.39,8760.15,1713.11,21.08,1302.31,1380.74,False,8.335
8175,45,19/04/2013,56.27,1399.81,39.89,44.38,60.83,1445.05,False,8.335
8176,45,26/04/2013,50.64,1260.65,0.0,57.52,40.51,2476.18,False,8.335
8177,45,03/05/2013,56.07,8345.4,6.0,92.96,3580.32,2242.24,False,
8178,45,10/05/2013,58.86,4689.18,440.82,53.09,375.22,5738.2,False,
8179,45,17/05/2013,60.59,4515.35,667.88,6.12,522.7,2541.62,False,
8180,45,24/05/2013,67.11,3249.34,481.82,58.48,1183.23,1309.3,False,
8181,45,31/05/2013,65.88,6474.49,411.38,77.06,9.38,4227.27,False,
8182,45,07/06/2013,70.71,9977.82,744.29,80.0,4825.71,3597.34,False,
8183,45,14/06/2013,70.01,2471.44,517.87,348.54,2612.33,3459.39,False,
8184,45,21/06/2013,70.13,4989.34,385.31,178.56,2463.42,3117.94,False,
8185,45,28/06/2013,76.05,4842.29,975.03,3.0,2449.97,3169.69,False,
8186,45,05/07/2013,77.5,9090.48,2268.58,582.74,5797.47,1514.93,False,
8187,45,12/07/2013,79.37,3789.94,1827.31,85.72,744.84,2150.36,False,
8188,45,19/07/2013,82.84,2961.49,1047.07,204.19,363.0,1059.46,False,
8189,45,26/07/2013,76.06,212.02,851.73,2.06,10.88,1864.57,False,
